2026-07-10 11:53:22,831 [INFO] httpx: HTTP Request: GET https://gamma-api.polymarket.com/events?series_id=39&active=true&closed=false&limit=200 "HTTP/1.1 200 OK"
2026-07-10 11:53:22,853 [INFO] httpx: HTTP Request: GET https://api.elections.kalshi.com/trade-api/v2/markets?series_ticker=KXNCAABGAME&status=open&limit=200 "HTTP/1.1 200 OK"
2026-07-10 11:53:32,507 [WARNING] app.services.fetcher: Rejected sportsbook row [mlb]: away='Brewers Sproat (R)' home='Pirates Ashcraft (R)' reason=unresolved_team_or_same_team scores=(0.500, 0.500)
2026-07-10 11:53:32,513 [WARNING] app.services.fetcher: Rejected sportsbook row [mlb]: away='Phillies Nola (R)' home='Tigers Flaherty (R)' reason=unresolved_team_or_same_team scores=(0.500, 0.500)
2026-07-10 11:53:32,520 [WARNING] app.services.fetcher: Rejected sportsbook row [mlb]: away='Yankees Weathers (L)' home='Nationals Palmquist (L)' reason=unresolved_team_or_same_team scores=(0.514, 0.500)
2026-07-10 11:53:32,525 [WARNING] app.services.fetcher: Rejected sportsbook row [mlb]: away='Royals Avila (R)' home='Orioles Young (R)' reason=unresolved_team_or_same_team scores=(0.424, 0.500)
2026-07-10 11:53:32,529 [WARNING] app.services.fetcher: Rejected sportsbook row [mlb]: away='Cubs Imanaga (L)' home='Reds Greene (R)' reason=unresolved_team_or_same_team scores=(0.500, 0.500)
2026-07-10 11:53:32,534 [WARNING] app.services.fetcher: Rejected sportsbook row [mlb]: away='Mariners Castillo (R)' home='Rays Martinez (R)' reason=unresolved_team_or_same_team scores=(0.500, 0.581)
2026-07-10 11:53:32,540 [WARNING] app.services.fetcher: Rejected sportsbook row [mlb]: away='Guardians Messick (L)' home='Marlins Alcantara (R)' reason=unresolved_team_or_same_team scores=(0.500, 0.500)
2026-07-10 11:53:32,544 [WARNING] app.services.fetcher: Rejected sportsbook row [mlb]: away='Red Sox Gray (R)' home='Mets Mc Lean (R)' reason=unresolved_team_or_same_team scores=(0.667, 0.444)
2026-07-10 11:53:32,549 [WARNING] app.services.fetcher: Rejected sportsbook row [mlb]: away='Athletics Lopez (L)' home='White Sox Burke (R)' reason=unresolved_team_or_same_team scores=(0.529, 0.667)
2026-07-10 11:53:32,554 [WARNING] app.services.fetcher: Rejected sportsbook row [mlb]: away='Astros Brown (R)' home='Rangers Quantrill (R)' reason=unresolved_team_or_same_team scores=(0.500, 0.500)
2026-07-10 11:53:32,559 [WARNING] app.services.fetcher: Rejected sportsbook row [mlb]: away='Angels Rodriguez (R)' home='Twins Matthews (R)' reason=unresolved_team_or_same_team scores=(0.540, 0.500)
2026-07-10 11:53:32,564 [WARNING] app.services.fetcher: Rejected sportsbook row [mlb]: away='Braves Sale (L)' home='Cardinals Leahy (R)' reason=unresolved_team_or_same_team scores=(0.500, 0.514)
2026-07-10 11:53:32,570 [WARNING] app.services.fetcher: Rejected sportsbook row [mlb]: away='Blue Jays Bieber (R)' home='Padres Sears (L)' reason=unresolved_team_or_same_team scores=(0.667, 0.444)
2026-07-10 11:53:32,576 [WARNING] app.services.fetcher: Rejected sportsbook row [mlb]: away='Diamondbacks Rodriguez (L)' home='Dodgers' reason=unresolved_team_or_same_team scores=(0.545, 1.000)
2026-07-10 11:53:32,581 [WARNING] app.services.fetcher: Rejected sportsbook row [mlb]: away='Rockies Gordon (R)' home='Giants Ray (L)' reason=unresolved_team_or_same_team scores=(0.500, 0.467)
2026-07-10 11:53:32,589 [WARNING] app.services.fetcher: Rejected sportsbook row [mlb]: away='Brewers Sproat (R)' home='Pirates Ashcraft (R)' reason=unresolved_team_or_same_team scores=(0.500, 0.500)
2026-07-10 11:53:32,598 [WARNING] app.services.fetcher: Rejected sportsbook row [mlb]: away='Phillies Nola (R)' home='Tigers Flaherty (R)' reason=unresolved_team_or_same_team scores=(0.500, 0.500)
2026-07-10 11:53:32,607 [WARNING] app.services.fetcher: Rejected sportsbook row [mlb]: away='Yankees Weathers (L)' home='Nationals Palmquist (L)' reason=unresolved_team_or_same_team scores=(0.514, 0.500)
2026-07-10 11:53:32,613 [WARNING] app.services.fetcher: Rejected sportsbook row [mlb]: away='Royals Avila (R)' home='Orioles Young (R)' reason=unresolved_team_or_same_team scores=(0.424, 0.500)
2026-07-10 11:53:32,617 [WARNING] app.services.fetcher: Rejected sportsbook row [mlb]: away='Cubs Imanaga (L)' home='Reds Greene (R)' reason=unresolved_team_or_same_team scores=(0.500, 0.500)
2026-07-10 11:53:32,621 [WARNING] app.services.fetcher: Rejected sportsbook row [mlb]: away='Mariners Castillo (R)' home='Rays Martinez (R)' reason=unresolved_team_or_same_team scores=(0.500, 0.581)
2026-07-10 11:53:32,626 [WARNING] app.services.fetcher: Rejected sportsbook row [mlb]: away='Guardians Messick (L)' home='Marlins Alcantara (R)' reason=unresolved_team_or_same_team scores=(0.500, 0.500)
2026-07-10 11:53:32,630 [WARNING] app.services.fetcher: Rejected sportsbook row [mlb]: away='Red Sox Gray (R)' home='Mets Mc Lean (R)' reason=unresolved_team_or_same_team scores=(0.667, 0.444)
2026-07-10 11:53:32,634 [WARNING] app.services.fetcher: Rejected sportsbook row [mlb]: away='Athletics Lopez (L)' home='White Sox Burke (R)' reason=unresolved_team_or_same_team scores=(0.529, 0.667)
2026-07-10 11:53:32,638 [WARNING] app.services.fetcher: Rejected sportsbook row [mlb]: away='Astros Brown (R)' home='Rangers Quantrill (R)' reason=unresolved_team_or_same_team scores=(0.500, 0.500)
2026-07-10 11:53:32,642 [WARNING] app.services.fetcher: Rejected sportsbook row [mlb]: away='Angels Rodriguez (R)' home='Twins Matthews (R)' reason=unresolved_team_or_same_team scores=(0.540, 0.500)
2026-07-10 11:53:32,646 [WARNING] app.services.fetcher: Rejected sportsbook row [mlb]: away='Braves Sale (L)' home='Cardinals Leahy (R)' reason=unresolved_team_or_same_team scores=(0.500, 0.514)
2026-07-10 11:53:32,650 [WARNING] app.services.fetcher: Rejected sportsbook row [mlb]: away='Blue Jays Bieber (R)' home='Padres Sears (L)' reason=unresolved_team_or_same_team scores=(0.667, 0.444)
2026-07-10 11:53:32,653 [WARNING] app.services.fetcher: Rejected sportsbook row [mlb]: away='Diamondbacks Rodriguez (L)' home='Dodgers' reason=unresolved_team_or_same_team scores=(0.545, 1.000)
2026-07-10 11:53:32,657 [WARNING] app.services.fetcher: Rejected sportsbook row [mlb]: away='Rockies Gordon (R)' home='Giants Ray (L)' reason=unresolved_team_or_same_team scores=(0.500, 0.467)
2026-07-10 11:53:32,661 [WARNING] app.services.fetcher: Rejected sportsbook row [mlb]: away='Brewers Sproat (R)' home='Pirates Ashcraft (R)' reason=unresolved_team_or_same_team scores=(0.500, 0.500)
2026-07-10 11:53:32,665 [WARNING] app.services.fetcher: Rejected sportsbook row [mlb]: away='Phillies Nola (R)' home='Tigers Flaherty (R)' reason=unresolved_team_or_same_team scores=(0.500, 0.500)
2026-07-10 11:53:32,669 [WARNING] app.services.fetcher: Rejected sportsbook row [mlb]: away='Yankees Weathers (L)' home='Nationals Palmquist (L)' reason=unresolved_team_or_same_team scores=(0.514, 0.500)
2026-07-10 11:53:32,673 [WARNING] app.services.fetcher: Rejected sportsbook row [mlb]: away='Royals Avila (R)' home='Orioles Young (R)' reason=unresolved_team_or_same_team scores=(0.424, 0.500)
2026-07-10 11:53:32,677 [WARNING] app.services.fetcher: Rejected sportsbook row [mlb]: away='Cubs Imanaga (L)' home='Reds Greene (R)' reason=unresolved_team_or_same_team scores=(0.500, 0.500)
2026-07-10 11:53:32,681 [WARNING] app.services.fetcher: Rejected sportsbook row [mlb]: away='Mariners Castillo (R)' home='Rays Martinez (R)' reason=unresolved_team_or_same_team scores=(0.500, 0.581)
2026-07-10 11:53:32,685 [WARNING] app.services.fetcher: Rejected sportsbook row [mlb]: away='Guardians Messick (L)' home='Marlins Alcantara (R)' reason=unresolved_team_or_same_team scores=(0.500, 0.500)
2026-07-10 11:53:32,688 [WARNING] app.services.fetcher: Rejected sportsbook row [mlb]: away='Red Sox Gray (R)' home='Mets Mc Lean (R)' reason=unresolved_team_or_same_team scores=(0.667, 0.444)
2026-07-10 11:53:32,691 [WARNING] app.services.fetcher: Rejected sportsbook row [mlb]: away='Athletics Lopez (L)' home='White Sox Burke (R)' reason=unresolved_team_or_same_team scores=(0.529, 0.667)
2026-07-10 11:53:32,695 [WARNING] app.services.fetcher: Rejected sportsbook row [mlb]: away='Astros Brown (R)' home='Rangers Quantrill (R)' reason=unresolved_team_or_same_team scores=(0.500, 0.500)
2026-07-10 11:53:32,699 [WARNING] app.services.fetcher: Rejected sportsbook row [mlb]: away='Angels Rodriguez (R)' home='Twins Matthews (R)' reason=unresolved_team_or_same_team scores=(0.540, 0.500)
2026-07-10 11:53:32,702 [WARNING] app.services.fetcher: Rejected sportsbook row [mlb]: away='Braves Sale (L)' home='Cardinals Leahy (R)' reason=unresolved_team_or_same_team scores=(0.500, 0.514)
2026-07-10 11:53:32,706 [WARNING] app.services.fetcher: Rejected sportsbook row [mlb]: away='Blue Jays Bieber (R)' home='Padres Sears (L)' reason=unresolved_team_or_same_team scores=(0.667, 0.444)
2026-07-10 11:53:32,708 [WARNING] app.services.fetcher: Rejected sportsbook row [mlb]: away='Diamondbacks Rodriguez (L)' home='Dodgers' reason=unresolved_team_or_same_team scores=(0.545, 1.000)
2026-07-10 11:53:32,712 [WARNING] app.services.fetcher: Rejected sportsbook row [mlb]: away='Rockies Gordon (R)' home='Giants Ray (L)' reason=unresolved_team_or_same_team scores=(0.500, 0.467)
2026-07-10 11:53:32,841 [INFO] httpx: HTTP Request: GET https://api.elections.kalshi.com/trade-api/v2/markets?series_ticker=KXMLBGAME&status=open&limit=200 "HTTP/1.1 200 OK"
2026-07-10 11:53:32,853 [INFO] httpx: HTTP Request: GET https://gamma-api.polymarket.com/events?series_id=3&active=true&closed=false&limit=200 "HTTP/1.1 200 OK"
2026-07-10 11:53:34,873 [INFO] httpx: HTTP Request: GET https://gamma-api.polymarket.com/events?series_id=10187&active=true&closed=false&limit=200 "HTTP/1.1 200 OK"
2026-07-10 11:53:34,927 [INFO] httpx: HTTP Request: GET https://api.elections.kalshi.com/trade-api/v2/markets?series_ticker=KXNFLGAME&status=open&limit=200 "HTTP/1.1 200 OK"
2026-07-10 11:53:43,909 [INFO] httpx: HTTP Request: GET https://gamma-api.polymarket.com/events?series_id=10345&active=true&closed=false&limit=200 "HTTP/1.1 200 OK"
2026-07-10 11:53:43,965 [INFO] httpx: HTTP Request: GET https://api.elections.kalshi.com/trade-api/v2/markets?series_ticker=KXNBAGAME&status=open&limit=200 "HTTP/1.1 200 OK"
2026-07-10 11:53:44,043 [INFO] httpx: HTTP Request: GET https://gamma-api.polymarket.com/events?series_id=10346&active=true&closed=false&limit=200 "HTTP/1.1 200 OK"
2026-07-10 11:53:44,057 [INFO] httpx: HTTP Request: GET https://api.elections.kalshi.com/trade-api/v2/markets?series_ticker=KXNHLGAME&status=open&limit=200 "HTTP/1.1 200 OK"
2026-07-10 11:53:54,494 [INFO] httpx: HTTP Request: GET https://gamma-api.polymarket.com/events?series_id=39&active=true&closed=false&limit=200 "HTTP/1.1 200 OK"
2026-07-10 11:53:54,516 [INFO] httpx: HTTP Request: GET https://api.elections.kalshi.com/trade-api/v2/markets?series_ticker=KXNCAABGAME&status=open&limit=200 "HTTP/1.1 200 OK"
2026-07-10 11:53:55,069 [INFO] httpx: HTTP Request: GET https://gamma-api.polymarket.com/events?series_id=10210&active=true&closed=false&limit=200 "HTTP/1.1 200 OK"
2026-07-10 11:53:55,111 [INFO] httpx: HTTP Request: GET https://api.elections.kalshi.com/trade-api/v2/markets?series_ticker=KXNCAAFGAME&status=open&limit=200 "HTTP/1.1 200 OK"
2026-07-10 11:54:40,788 [WARNING] app.services.fetcher: Rejected sportsbook row [mlb]: away='Brewers Sproat (R)' home='Pirates Ashcraft (R)' reason=unresolved_team_or_same_team scores=(0.500, 0.500)
2026-07-10 11:54:40,798 [WARNING] app.services.fetcher: Rejected sportsbook row [mlb]: away='Phillies Nola (R)' home='Tigers Flaherty (R)' reason=unresolved_team_or_same_team scores=(0.500, 0.500)
2026-07-10 11:54:40,817 [WARNING] app.services.fetcher: Rejected sportsbook row [mlb]: away='Yankees Weathers (L)' home='Nationals Palmquist (L)' reason=unresolved_team_or_same_team scores=(0.514, 0.500)
2026-07-10 11:54:40,834 [WARNING] app.services.fetcher: Rejected sportsbook row [mlb]: away='Royals Avila (R)' home='Orioles Young (R)' reason=unresolved_team_or_same_team scores=(0.424, 0.500)
2026-07-10 11:54:40,846 [WARNING] app.services.fetcher: Rejected sportsbook row [mlb]: away='Cubs Imanaga (L)' home='Reds Greene (R)' reason=unresolved_team_or_same_team scores=(0.500, 0.500)
2026-07-10 11:54:40,858 [WARNING] app.services.fetcher: Rejected sportsbook row [mlb]: away='Mariners Castillo (R)' home='Rays Martinez (R)' reason=unresolved_team_or_same_team scores=(0.500, 0.581)
2026-07-10 11:54:40,872 [WARNING] app.services.fetcher: Rejected sportsbook row [mlb]: away='Guardians Messick (L)' home='Marlins Alcantara (R)' reason=unresolved_team_or_same_team scores=(0.500, 0.500)
2026-07-10 11:54:40,884 [WARNING] app.services.fetcher: Rejected sportsbook row [mlb]: away='Red Sox Gray (R)' home='Mets Mc Lean (R)' reason=unresolved_team_or_same_team scores=(0.667, 0.444)
2026-07-10 11:54:40,903 [WARNING] app.services.fetcher: Rejected sportsbook row [mlb]: away='Athletics Lopez (L)' home='White Sox Burke (R)' reason=unresolved_team_or_same_team scores=(0.529, 0.667)
2026-07-10 11:54:40,921 [WARNING] app.services.fetcher: Rejected sportsbook row [mlb]: away='Astros Brown (R)' home='Rangers Quantrill (R)' reason=unresolved_team_or_same_team scores=(0.500, 0.500)
2026-07-10 11:54:40,943 [WARNING] app.services.fetcher: Rejected sportsbook row [mlb]: away='Angels Rodriguez (R)' home='Twins Matthews (R)' reason=unresolved_team_or_same_team scores=(0.540, 0.500)
2026-07-10 11:54:40,993 [WARNING] app.services.fetcher: Rejected sportsbook row [mlb]: away='Braves Sale (L)' home='Cardinals Leahy (R)' reason=unresolved_team_or_same_team scores=(0.500, 0.514)
2026-07-10 11:54:41,036 [WARNING] app.services.fetcher: Rejected sportsbook row [mlb]: away='Blue Jays Bieber (R)' home='Padres Sears (L)' reason=unresolved_team_or_same_team scores=(0.667, 0.444)
2026-07-10 11:54:41,065 [WARNING] app.services.fetcher: Rejected sportsbook row [mlb]: away='Diamondbacks Rodriguez (L)' home='Dodgers' reason=unresolved_team_or_same_team scores=(0.545, 1.000)
2026-07-10 11:54:41,097 [WARNING] app.services.fetcher: Rejected sportsbook row [mlb]: away='Rockies Gordon (R)' home='Giants Ray (L)' reason=unresolved_team_or_same_team scores=(0.500, 0.467)
2026-07-10 11:54:41,127 [WARNING] app.services.fetcher: Rejected sportsbook row [mlb]: away='Brewers Sproat (R)' home='Pirates Ashcraft (R)' reason=unresolved_team_or_same_team scores=(0.500, 0.500)
2026-07-10 11:54:41,205 [WARNING] app.services.fetcher: Rejected sportsbook row [mlb]: away='Phillies Nola (R)' home='Tigers Flaherty (R)' reason=unresolved_team_or_same_team scores=(0.500, 0.500)
2026-07-10 11:54:41,260 [WARNING] app.services.fetcher: Rejected sportsbook row [mlb]: away='Yankees Weathers (L)' home='Nationals Palmquist (L)' reason=unresolved_team_or_same_team scores=(0.514, 0.500)
2026-07-10 11:54:41,292 [WARNING] app.services.fetcher: Rejected sportsbook row [mlb]: away='Royals Avila (R)' home='Orioles Young (R)' reason=unresolved_team_or_same_team scores=(0.424, 0.500)
2026-07-10 11:54:41,341 [WARNING] app.services.fetcher: Rejected sportsbook row [mlb]: away='Cubs Imanaga (L)' home='Reds Greene (R)' reason=unresolved_team_or_same_team scores=(0.500, 0.500)
2026-07-10 11:54:41,382 [WARNING] app.services.fetcher: Rejected sportsbook row [mlb]: away='Mariners Castillo (R)' home='Rays Martinez (R)' reason=unresolved_team_or_same_team scores=(0.500, 0.581)
2026-07-10 11:54:41,439 [WARNING] app.services.fetcher: Rejected sportsbook row [mlb]: away='Guardians Messick (L)' home='Marlins Alcantara (R)' reason=unresolved_team_or_same_team scores=(0.500, 0.500)
2026-07-10 11:54:41,472 [WARNING] app.services.fetcher: Rejected sportsbook row [mlb]: away='Red Sox Gray (R)' home='Mets Mc Lean (R)' reason=unresolved_team_or_same_team scores=(0.667, 0.444)
2026-07-10 11:54:41,495 [WARNING] app.services.fetcher: Rejected sportsbook row [mlb]: away='Athletics Lopez (L)' home='White Sox Burke (R)' reason=unresolved_team_or_same_team scores=(0.529, 0.667)
2026-07-10 11:54:41,513 [WARNING] app.services.fetcher: Rejected sportsbook row [mlb]: away='Astros Brown (R)' home='Rangers Quantrill (R)' reason=unresolved_team_or_same_team scores=(0.500, 0.500)
2026-07-10 11:54:41,532 [WARNING] app.services.fetcher: Rejected sportsbook row [mlb]: away='Angels Rodriguez (R)' home='Twins Matthews (R)' reason=unresolved_team_or_same_team scores=(0.540, 0.500)
2026-07-10 11:54:41,551 [WARNING] app.services.fetcher: Rejected sportsbook row [mlb]: away='Braves Sale (L)' home='Cardinals Leahy (R)' reason=unresolved_team_or_same_team scores=(0.500, 0.514)
2026-07-10 11:54:41,571 [WARNING] app.services.fetcher: Rejected sportsbook row [mlb]: away='Blue Jays Bieber (R)' home='Padres Sears (L)' reason=unresolved_team_or_same_team scores=(0.667, 0.444)
2026-07-10 11:54:41,583 [WARNING] app.services.fetcher: Rejected sportsbook row [mlb]: away='Diamondbacks Rodriguez (L)' home='Dodgers' reason=unresolved_team_or_same_team scores=(0.545, 1.000)
2026-07-10 11:54:41,602 [WARNING] app.services.fetcher: Rejected sportsbook row [mlb]: away='Rockies Gordon (R)' home='Giants Ray (L)' reason=unresolved_team_or_same_team scores=(0.500, 0.467)
2026-07-10 11:54:41,623 [WARNING] app.services.fetcher: Rejected sportsbook row [mlb]: away='Brewers Sproat (R)' home='Pirates Ashcraft (R)' reason=unresolved_team_or_same_team scores=(0.500, 0.500)
2026-07-10 11:54:41,644 [WARNING] app.services.fetcher: Rejected sportsbook row [mlb]: away='Phillies Nola (R)' home='Tigers Flaherty (R)' reason=unresolved_team_or_same_team scores=(0.500, 0.500)
2026-07-10 11:54:41,677 [WARNING] app.services.fetcher: Rejected sportsbook row [mlb]: away='Yankees Weathers (L)' home='Nationals Palmquist (L)' reason=unresolved_team_or_same_team scores=(0.514, 0.500)
2026-07-10 11:54:41,700 [WARNING] app.services.fetcher: Rejected sportsbook row [mlb]: away='Royals Avila (R)' home='Orioles Young (R)' reason=unresolved_team_or_same_team scores=(0.424, 0.500)
2026-07-10 11:54:41,720 [WARNING] app.services.fetcher: Rejected sportsbook row [mlb]: away='Cubs Imanaga (L)' home='Reds Greene (R)' reason=unresolved_team_or_same_team scores=(0.500, 0.500)
2026-07-10 11:54:41,742 [WARNING] app.services.fetcher: Rejected sportsbook row [mlb]: away='Mariners Castillo (R)' home='Rays Martinez (R)' reason=unresolved_team_or_same_team scores=(0.500, 0.581)
2026-07-10 11:54:41,765 [WARNING] app.services.fetcher: Rejected sportsbook row [mlb]: away='Guardians Messick (L)' home='Marlins Alcantara (R)' reason=unresolved_team_or_same_team scores=(0.500, 0.500)
2026-07-10 11:54:41,782 [WARNING] app.services.fetcher: Rejected sportsbook row [mlb]: away='Red Sox Gray (R)' home='Mets Mc Lean (R)' reason=unresolved_team_or_same_team scores=(0.667, 0.444)
2026-07-10 11:54:41,809 [WARNING] app.services.fetcher: Rejected sportsbook row [mlb]: away='Athletics Lopez (L)' home='White Sox Burke (R)' reason=unresolved_team_or_same_team scores=(0.529, 0.667)
2026-07-10 11:54:41,890 [WARNING] app.services.fetcher: Rejected sportsbook row [mlb]: away='Astros Brown (R)' home='Rangers Quantrill (R)' reason=unresolved_team_or_same_team scores=(0.500, 0.500)
2026-07-10 11:54:41,943 [WARNING] app.services.fetcher: Rejected sportsbook row [mlb]: away='Angels Rodriguez (R)' home='Twins Matthews (R)' reason=unresolved_team_or_same_team scores=(0.540, 0.500)
2026-07-10 11:54:41,967 [WARNING] app.services.fetcher: Rejected sportsbook row [mlb]: away='Braves Sale (L)' home='Cardinals Leahy (R)' reason=unresolved_team_or_same_team scores=(0.500, 0.514)
2026-07-10 11:54:41,984 [WARNING] app.services.fetcher: Rejected sportsbook row [mlb]: away='Blue Jays Bieber (R)' home='Padres Sears (L)' reason=unresolved_team_or_same_team scores=(0.667, 0.444)
2026-07-10 11:54:41,999 [WARNING] app.services.fetcher: Rejected sportsbook row [mlb]: away='Diamondbacks Rodriguez (L)' home='Dodgers' reason=unresolved_team_or_same_team scores=(0.545, 1.000)
2026-07-10 11:54:42,013 [WARNING] app.services.fetcher: Rejected sportsbook row [mlb]: away='Rockies Gordon (R)' home='Giants Ray (L)' reason=unresolved_team_or_same_team scores=(0.500, 0.467)
2026-07-10 11:54:42,199 [INFO] httpx: HTTP Request: GET https://gamma-api.polymarket.com/events?series_id=3&active=true&closed=false&limit=200 "HTTP/1.1 200 OK"
2026-07-10 11:54:42,361 [INFO] httpx: HTTP Request: GET https://api.elections.kalshi.com/trade-api/v2/markets?series_ticker=KXMLBGAME&status=open&limit=200 "HTTP/1.1 200 OK"
2026-07-10 11:54:45,011 [INFO] httpx: HTTP Request: GET https://api.elections.kalshi.com/trade-api/v2/markets?series_ticker=KXNFLGAME&status=open&limit=200 "HTTP/1.1 200 OK"
2026-07-10 11:54:45,072 [INFO] httpx: HTTP Request: GET https://gamma-api.polymarket.com/events?series_id=10187&active=true&closed=false&limit=200 "HTTP/1.1 200 OK"
2026-07-10 11:55:03,296 [INFO] httpx: HTTP Request: GET https://gamma-api.polymarket.com/events?series_id=10346&active=true&closed=false&limit=200 "HTTP/1.1 200 OK"
2026-07-10 11:55:03,384 [INFO] httpx: HTTP Request: GET https://api.elections.kalshi.com/trade-api/v2/markets?series_ticker=KXNHLGAME&status=open&limit=200 "HTTP/1.1 200 OK"
2026-07-10 11:55:04,327 [INFO] httpx: HTTP Request: GET https://gamma-api.polymarket.com/events?series_id=10345&active=true&closed=false&limit=200 "HTTP/1.1 200 OK"
2026-07-10 11:55:04,375 [INFO] httpx: HTTP Request: GET https://api.elections.kalshi.com/trade-api/v2/markets?series_ticker=KXNBAGAME&status=open&limit=200 "HTTP/1.1 200 OK"
2026-07-10 11:55:21,220 [INFO] httpx: HTTP Request: GET https://gamma-api.polymarket.com/events?series_id=39&active=true&closed=false&limit=200 "HTTP/1.1 200 OK"
2026-07-10 11:55:21,277 [INFO] httpx: HTTP Request: GET https://api.elections.kalshi.com/trade-api/v2/markets?series_ticker=KXNCAABGAME&status=open&limit=200 "HTTP/1.1 200 OK"
2026-07-10 11:55:24,388 [INFO] httpx: HTTP Request: GET https://gamma-api.polymarket.com/events?series_id=10210&active=true&closed=false&limit=200 "HTTP/1.1 200 OK"
2026-07-10 11:55:24,452 [INFO] httpx: HTTP Request: GET https://api.elections.kalshi.com/trade-api/v2/markets?series_ticker=KXNCAAFGAME&status=open&limit=200 "HTTP/1.1 200 OK"
2026-07-10 11:55:41,483 [WARNING] app.services.fetcher: Rejected sportsbook row [mlb]: away='Brewers Sproat (R)' home='Pirates Ashcraft (R)' reason=unresolved_team_or_same_team scores=(0.500, 0.500)
2026-07-10 11:55:41,489 [WARNING] app.services.fetcher: Rejected sportsbook row [mlb]: away='Phillies Nola (R)' home='Tigers Flaherty (R)' reason=unresolved_team_or_same_team scores=(0.500, 0.500)
2026-07-10 11:55:41,503 [WARNING] app.services.fetcher: Rejected sportsbook row [mlb]: away='Yankees Weathers (L)' home='Nationals Palmquist (L)' reason=unresolved_team_or_same_team scores=(0.514, 0.500)
2026-07-10 11:55:41,510 [WARNING] app.services.fetcher: Rejected sportsbook row [mlb]: away='Royals Avila (R)' home='Orioles Young (R)' reason=unresolved_team_or_same_team scores=(0.424, 0.500)
2026-07-10 11:55:41,519 [WARNING] app.services.fetcher: Rejected sportsbook row [mlb]: away='Cubs Imanaga (L)' home='Reds Greene (R)' reason=unresolved_team_or_same_team scores=(0.500, 0.500)
2026-07-10 11:55:41,529 [WARNING] app.services.fetcher: Rejected sportsbook row [mlb]: away='Mariners Castillo (R)' home='Rays Martinez (R)' reason=unresolved_team_or_same_team scores=(0.500, 0.581)
2026-07-10 11:55:41,538 [WARNING] app.services.fetcher: Rejected sportsbook row [mlb]: away='Guardians Messick (L)' home='Marlins Alcantara (R)' reason=unresolved_team_or_same_team scores=(0.500, 0.500)
2026-07-10 11:55:41,544 [WARNING] app.services.fetcher: Rejected sportsbook row [mlb]: away='Red Sox Gray (R)' home='Mets Mc Lean (R)' reason=unresolved_team_or_same_team scores=(0.667, 0.444)
2026-07-10 11:55:41,556 [WARNING] app.services.fetcher: Rejected sportsbook row [mlb]: away='Athletics Lopez (L)' home='White Sox Burke (R)' reason=unresolved_team_or_same_team scores=(0.529, 0.667)
2026-07-10 11:55:41,567 [WARNING] app.services.fetcher: Rejected sportsbook row [mlb]: away='Astros Brown (R)' home='Rangers Quantrill (R)' reason=unresolved_team_or_same_team scores=(0.500, 0.500)
2026-07-10 11:55:41,580 [WARNING] app.services.fetcher: Rejected sportsbook row [mlb]: away='Angels Rodriguez (R)' home='Twins Matthews (R)' reason=unresolved_team_or_same_team scores=(0.540, 0.500)
2026-07-10 11:55:41,587 [WARNING] app.services.fetcher: Rejected sportsbook row [mlb]: away='Braves Sale (L)' home='Cardinals Leahy (R)' reason=unresolved_team_or_same_team scores=(0.500, 0.514)
2026-07-10 11:55:41,596 [WARNING] app.services.fetcher: Rejected sportsbook row [mlb]: away='Blue Jays Bieber (R)' home='Padres Sears (L)' reason=unresolved_team_or_same_team scores=(0.667, 0.444)
2026-07-10 11:55:41,609 [WARNING] app.services.fetcher: Rejected sportsbook row [mlb]: away='Diamondbacks Rodriguez (L)' home='Dodgers Ohtani (R)' reason=unresolved_team_or_same_team scores=(0.545, 0.412)
2026-07-10 11:55:41,624 [WARNING] app.services.fetcher: Rejected sportsbook row [mlb]: away='Rockies Gordon (R)' home='Giants Ray (L)' reason=unresolved_team_or_same_team scores=(0.500, 0.467)
2026-07-10 11:55:41,635 [WARNING] app.services.fetcher: Rejected sportsbook row [mlb]: away='Brewers Sproat (R)' home='Pirates Ashcraft (R)' reason=unresolved_team_or_same_team scores=(0.500, 0.500)
2026-07-10 11:55:41,645 [WARNING] app.services.fetcher: Rejected sportsbook row [mlb]: away='Phillies Nola (R)' home='Tigers Flaherty (R)' reason=unresolved_team_or_same_team scores=(0.500, 0.500)
2026-07-10 11:55:41,653 [WARNING] app.services.fetcher: Rejected sportsbook row [mlb]: away='Yankees Weathers (L)' home='Nationals Palmquist (L)' reason=unresolved_team_or_same_team scores=(0.514, 0.500)
2026-07-10 11:55:41,659 [WARNING] app.services.fetcher: Rejected sportsbook row [mlb]: away='Royals Avila (R)' home='Orioles Young (R)' reason=unresolved_team_or_same_team scores=(0.424, 0.500)
2026-07-10 11:55:41,666 [WARNING] app.services.fetcher: Rejected sportsbook row [mlb]: away='Cubs Imanaga (L)' home='Reds Greene (R)' reason=unresolved_team_or_same_team scores=(0.500, 0.500)
2026-07-10 11:55:41,679 [WARNING] app.services.fetcher: Rejected sportsbook row [mlb]: away='Mariners Castillo (R)' home='Rays Martinez (R)' reason=unresolved_team_or_same_team scores=(0.500, 0.581)
2026-07-10 11:55:41,692 [WARNING] app.services.fetcher: Rejected sportsbook row [mlb]: away='Guardians Messick (L)' home='Marlins Alcantara (R)' reason=unresolved_team_or_same_team scores=(0.500, 0.500)
2026-07-10 11:55:41,700 [WARNING] app.services.fetcher: Rejected sportsbook row [mlb]: away='Red Sox Gray (R)' home='Mets Mc Lean (R)' reason=unresolved_team_or_same_team scores=(0.667, 0.444)
2026-07-10 11:55:41,704 [WARNING] app.services.fetcher: Rejected sportsbook row [mlb]: away='Athletics Lopez (L)' home='White Sox Burke (R)' reason=unresolved_team_or_same_team scores=(0.529, 0.667)
2026-07-10 11:55:41,708 [WARNING] app.services.fetcher: Rejected sportsbook row [mlb]: away='Astros Brown (R)' home='Rangers Quantrill (R)' reason=unresolved_team_or_same_team scores=(0.500, 0.500)
2026-07-10 11:55:41,715 [WARNING] app.services.fetcher: Rejected sportsbook row [mlb]: away='Angels Rodriguez (R)' home='Twins Matthews (R)' reason=unresolved_team_or_same_team scores=(0.540, 0.500)
2026-07-10 11:55:41,722 [WARNING] app.services.fetcher: Rejected sportsbook row [mlb]: away='Braves Sale (L)' home='Cardinals Leahy (R)' reason=unresolved_team_or_same_team scores=(0.500, 0.514)
2026-07-10 11:55:41,728 [WARNING] app.services.fetcher: Rejected sportsbook row [mlb]: away='Blue Jays Bieber (R)' home='Padres Sears (L)' reason=unresolved_team_or_same_team scores=(0.667, 0.444)
2026-07-10 11:55:41,739 [WARNING] app.services.fetcher: Rejected sportsbook row [mlb]: away='Diamondbacks Rodriguez (L)' home='Dodgers Ohtani (R)' reason=unresolved_team_or_same_team scores=(0.545, 0.412)
2026-07-10 11:55:41,748 [WARNING] app.services.fetcher: Rejected sportsbook row [mlb]: away='Rockies Gordon (R)' home='Giants Ray (L)' reason=unresolved_team_or_same_team scores=(0.500, 0.467)
2026-07-10 11:55:41,755 [WARNING] app.services.fetcher: Rejected sportsbook row [mlb]: away='Brewers Sproat (R)' home='Pirates Ashcraft (R)' reason=unresolved_team_or_same_team scores=(0.500, 0.500)
2026-07-10 11:55:41,761 [WARNING] app.services.fetcher: Rejected sportsbook row [mlb]: away='Phillies Nola (R)' home='Tigers Flaherty (R)' reason=unresolved_team_or_same_team scores=(0.500, 0.500)
2026-07-10 11:55:41,776 [WARNING] app.services.fetcher: Rejected sportsbook row [mlb]: away='Yankees Weathers (L)' home='Nationals Palmquist (L)' reason=unresolved_team_or_same_team scores=(0.514, 0.500)
2026-07-10 11:55:41,785 [WARNING] app.services.fetcher: Rejected sportsbook row [mlb]: away='Royals Avila (R)' home='Orioles Young (R)' reason=unresolved_team_or_same_team scores=(0.424, 0.500)
2026-07-10 11:55:41,796 [WARNING] app.services.fetcher: Rejected sportsbook row [mlb]: away='Cubs Imanaga (L)' home='Reds Greene (R)' reason=unresolved_team_or_same_team scores=(0.500, 0.500)
2026-07-10 11:55:41,810 [WARNING] app.services.fetcher: Rejected sportsbook row [mlb]: away='Mariners Castillo (R)' home='Rays Martinez (R)' reason=unresolved_team_or_same_team scores=(0.500, 0.581)
2026-07-10 11:55:41,822 [WARNING] app.services.fetcher: Rejected sportsbook row [mlb]: away='Guardians Messick (L)' home='Marlins Alcantara (R)' reason=unresolved_team_or_same_team scores=(0.500, 0.500)
2026-07-10 11:55:41,831 [WARNING] app.services.fetcher: Rejected sportsbook row [mlb]: away='Red Sox Gray (R)' home='Mets Mc Lean (R)' reason=unresolved_team_or_same_team scores=(0.667, 0.444)
2026-07-10 11:55:41,838 [WARNING] app.services.fetcher: Rejected sportsbook row [mlb]: away='Athletics Lopez (L)' home='White Sox Burke (R)' reason=unresolved_team_or_same_team scores=(0.529, 0.667)
2026-07-10 11:55:41,845 [WARNING] app.services.fetcher: Rejected sportsbook row [mlb]: away='Astros Brown (R)' home='Rangers Quantrill (R)' reason=unresolved_team_or_same_team scores=(0.500, 0.500)
2026-07-10 11:55:41,853 [WARNING] app.services.fetcher: Rejected sportsbook row [mlb]: away='Angels Rodriguez (R)' home='Twins Matthews (R)' reason=unresolved_team_or_same_team scores=(0.540, 0.500)
2026-07-10 11:55:41,862 [WARNING] app.services.fetcher: Rejected sportsbook row [mlb]: away='Braves Sale (L)' home='Cardinals Leahy (R)' reason=unresolved_team_or_same_team scores=(0.500, 0.514)
2026-07-10 11:55:41,870 [WARNING] app.services.fetcher: Rejected sportsbook row [mlb]: away='Blue Jays Bieber (R)' home='Padres Sears (L)' reason=unresolved_team_or_same_team scores=(0.667, 0.444)
2026-07-10 11:55:41,879 [WARNING] app.services.fetcher: Rejected sportsbook row [mlb]: away='Diamondbacks Rodriguez (L)' home='Dodgers Ohtani (R)' reason=unresolved_team_or_same_team scores=(0.545, 0.412)
2026-07-10 11:55:41,884 [WARNING] app.services.fetcher: Rejected sportsbook row [mlb]: away='Rockies Gordon (R)' home='Giants Ray (L)' reason=unresolved_team_or_same_team scores=(0.500, 0.467)
2026-07-10 11:55:42,085 [INFO] httpx: HTTP Request: GET https://gamma-api.polymarket.com/events?series_id=3&active=true&closed=false&limit=200 "HTTP/1.1 200 OK"
2026-07-10 11:55:42,114 [INFO] httpx: HTTP Request: GET https://api.elections.kalshi.com/trade-api/v2/markets?series_ticker=KXMLBGAME&status=open&limit=200 "HTTP/1.1 200 OK"
2026-07-10 11:55:47,180 [INFO] httpx: HTTP Request: GET https://gamma-api.polymarket.com/events?series_id=10187&active=true&closed=false&limit=200 "HTTP/1.1 200 OK"
2026-07-10 11:55:47,353 [INFO] httpx: HTTP Request: GET https://api.elections.kalshi.com/trade-api/v2/markets?series_ticker=KXNFLGAME&status=open&limit=200 "HTTP/1.1 200 OK"
2026-07-10 11:55:58,361 [INFO] httpx: HTTP Request: GET https://gamma-api.polymarket.com/events?series_id=10345&active=true&closed=false&limit=200 "HTTP/1.1 200 OK"
2026-07-10 11:55:58,404 [INFO] httpx: HTTP Request: GET https://api.elections.kalshi.com/trade-api/v2/markets?series_ticker=KXNBAGAME&status=open&limit=200 "HTTP/1.1 200 OK"
2026-07-10 11:56:03,267 [INFO] httpx: HTTP Request: GET https://gamma-api.polymarket.com/events?series_id=10346&active=true&closed=false&limit=200 "HTTP/1.1 200 OK"
2026-07-10 11:56:03,280 [INFO] httpx: HTTP Request: GET https://api.elections.kalshi.com/trade-api/v2/markets?series_ticker=KXNHLGAME&status=open&limit=200 "HTTP/1.1 200 OK"
2026-07-10 11:56:17,587 [INFO] httpx: HTTP Request: GET https://gamma-api.polymarket.com/events?series_id=10210&active=true&closed=false&limit=200 "HTTP/1.1 200 OK"
2026-07-10 11:56:17,728 [INFO] httpx: HTTP Request: GET https://api.elections.kalshi.com/trade-api/v2/markets?series_ticker=KXNCAAFGAME&status=open&limit=200 "HTTP/1.1 200 OK"
2026-07-10 11:56:22,175 [INFO] httpx: HTTP Request: GET https://gamma-api.polymarket.com/events?series_id=39&active=true&closed=false&limit=200 "HTTP/1.1 200 OK"
2026-07-10 11:56:22,198 [INFO] httpx: HTTP Request: GET https://api.elections.kalshi.com/trade-api/v2/markets?series_ticker=KXNCAABGAME&status=open&limit=200 "HTTP/1.1 200 OK"
2026-07-10 11:58:23,139 [WARNING] app.services.fetcher: Rejected sportsbook row [mlb]: away='Brewers Sproat (R)' home='Pirates Ashcraft (R)' reason=unresolved_team_or_same_team scores=(0.500, 0.500)
2026-07-10 11:58:23,146 [WARNING] app.services.fetcher: Rejected sportsbook row [mlb]: away='Phillies Nola (R)' home='Tigers Flaherty (R)' reason=unresolved_team_or_same_team scores=(0.500, 0.500)
2026-07-10 11:58:23,156 [WARNING] app.services.fetcher: Rejected sportsbook row [mlb]: away='Yankees Weathers (L)' home='Nationals Palmquist (L)' reason=unresolved_team_or_same_team scores=(0.514, 0.500)
2026-07-10 11:58:23,163 [WARNING] app.services.fetcher: Rejected sportsbook row [mlb]: away='Royals Avila (R)' home='Orioles Young (R)' reason=unresolved_team_or_same_team scores=(0.424, 0.500)
2026-07-10 11:58:23,170 [WARNING] app.services.fetcher: Rejected sportsbook row [mlb]: away='Cubs Imanaga (L)' home='Reds Greene (R)' reason=unresolved_team_or_same_team scores=(0.500, 0.500)
2026-07-10 11:58:23,178 [WARNING] app.services.fetcher: Rejected sportsbook row [mlb]: away='Mariners Castillo (R)' home='Rays Martinez (R)' reason=unresolved_team_or_same_team scores=(0.500, 0.581)
2026-07-10 11:58:23,186 [WARNING] app.services.fetcher: Rejected sportsbook row [mlb]: away='Guardians Messick (L)' home='Marlins Alcantara (R)' reason=unresolved_team_or_same_team scores=(0.500, 0.500)
2026-07-10 11:58:23,195 [WARNING] app.services.fetcher: Rejected sportsbook row [mlb]: away='Red Sox Gray (R)' home='Mets Mc Lean (R)' reason=unresolved_team_or_same_team scores=(0.667, 0.444)
2026-07-10 11:58:23,209 [WARNING] app.services.fetcher: Rejected sportsbook row [mlb]: away='Athletics Lopez (L)' home='White Sox Burke (R)' reason=unresolved_team_or_same_team scores=(0.529, 0.667)
2026-07-10 11:58:23,217 [WARNING] app.services.fetcher: Rejected sportsbook row [mlb]: away='Astros Brown (R)' home='Rangers Quantrill (R)' reason=unresolved_team_or_same_team scores=(0.500, 0.500)
2026-07-10 11:58:23,226 [WARNING] app.services.fetcher: Rejected sportsbook row [mlb]: away='Angels Rodriguez (R)' home='Twins Matthews (R)' reason=unresolved_team_or_same_team scores=(0.540, 0.500)
2026-07-10 11:58:23,234 [WARNING] app.services.fetcher: Rejected sportsbook row [mlb]: away='Braves Sale (L)' home='Cardinals Leahy (R)' reason=unresolved_team_or_same_team scores=(0.500, 0.514)
2026-07-10 11:58:23,242 [WARNING] app.services.fetcher: Rejected sportsbook row [mlb]: away='Blue Jays Bieber (R)' home='Padres Sears (L)' reason=unresolved_team_or_same_team scores=(0.667, 0.444)
2026-07-10 11:58:23,247 [WARNING] app.services.fetcher: Rejected sportsbook row [mlb]: away='Diamondbacks Rodriguez (L)' home='Dodgers' reason=unresolved_team_or_same_team scores=(0.545, 1.000)
2026-07-10 11:58:23,253 [WARNING] app.services.fetcher: Rejected sportsbook row [mlb]: away='Rockies Gordon (R)' home='Giants Ray (L)' reason=unresolved_team_or_same_team scores=(0.500, 0.467)
2026-07-10 11:58:23,262 [WARNING] app.services.fetcher: Rejected sportsbook row [mlb]: away='Brewers Sproat (R)' home='Pirates Ashcraft (R)' reason=unresolved_team_or_same_team scores=(0.500, 0.500)
2026-07-10 11:58:23,268 [WARNING] app.services.fetcher: Rejected sportsbook row [mlb]: away='Phillies Nola (R)' home='Tigers Flaherty (R)' reason=unresolved_team_or_same_team scores=(0.500, 0.500)
2026-07-10 11:58:23,277 [WARNING] app.services.fetcher: Rejected sportsbook row [mlb]: away='Yankees Weathers (L)' home='Nationals Palmquist (L)' reason=unresolved_team_or_same_team scores=(0.514, 0.500)
2026-07-10 11:58:23,283 [WARNING] app.services.fetcher: Rejected sportsbook row [mlb]: away='Royals Avila (R)' home='Orioles Young (R)' reason=unresolved_team_or_same_team scores=(0.424, 0.500)
2026-07-10 11:58:23,288 [WARNING] app.services.fetcher: Rejected sportsbook row [mlb]: away='Cubs Imanaga (L)' home='Reds Greene (R)' reason=unresolved_team_or_same_team scores=(0.500, 0.500)
2026-07-10 11:58:23,298 [WARNING] app.services.fetcher: Rejected sportsbook row [mlb]: away='Mariners Castillo (R)' home='Rays Martinez (R)' reason=unresolved_team_or_same_team scores=(0.500, 0.581)
2026-07-10 11:58:23,305 [WARNING] app.services.fetcher: Rejected sportsbook row [mlb]: away='Guardians Messick (L)' home='Marlins Alcantara (R)' reason=unresolved_team_or_same_team scores=(0.500, 0.500)
2026-07-10 11:58:23,311 [WARNING] app.services.fetcher: Rejected sportsbook row [mlb]: away='Red Sox Gray (R)' home='Mets Mc Lean (R)' reason=unresolved_team_or_same_team scores=(0.667, 0.444)
2026-07-10 11:58:23,323 [WARNING] app.services.fetcher: Rejected sportsbook row [mlb]: away='Athletics Lopez (L)' home='White Sox Burke (R)' reason=unresolved_team_or_same_team scores=(0.529, 0.667)
2026-07-10 11:58:23,329 [WARNING] app.services.fetcher: Rejected sportsbook row [mlb]: away='Astros Brown (R)' home='Rangers Quantrill (R)' reason=unresolved_team_or_same_team scores=(0.500, 0.500)
2026-07-10 11:58:23,339 [WARNING] app.services.fetcher: Rejected sportsbook row [mlb]: away='Angels Rodriguez (R)' home='Twins Matthews (R)' reason=unresolved_team_or_same_team scores=(0.540, 0.500)
2026-07-10 11:58:23,347 [WARNING] app.services.fetcher: Rejected sportsbook row [mlb]: away='Braves Sale (L)' home='Cardinals Leahy (R)' reason=unresolved_team_or_same_team scores=(0.500, 0.514)
2026-07-10 11:58:23,352 [WARNING] app.services.fetcher: Rejected sportsbook row [mlb]: away='Blue Jays Bieber (R)' home='Padres Sears (L)' reason=unresolved_team_or_same_team scores=(0.667, 0.444)
2026-07-10 11:58:23,356 [WARNING] app.services.fetcher: Rejected sportsbook row [mlb]: away='Diamondbacks Rodriguez (L)' home='Dodgers' reason=unresolved_team_or_same_team scores=(0.545, 1.000)
2026-07-10 11:58:23,368 [WARNING] app.services.fetcher: Rejected sportsbook row [mlb]: away='Rockies Gordon (R)' home='Giants Ray (L)' reason=unresolved_team_or_same_team scores=(0.500, 0.467)
2026-07-10 11:58:23,385 [WARNING] app.services.fetcher: Rejected sportsbook row [mlb]: away='Brewers Sproat (R)' home='Pirates Ashcraft (R)' reason=unresolved_team_or_same_team scores=(0.500, 0.500)
2026-07-10 11:58:23,398 [WARNING] app.services.fetcher: Rejected sportsbook row [mlb]: away='Phillies Nola (R)' home='Tigers Flaherty (R)' reason=unresolved_team_or_same_team scores=(0.500, 0.500)
2026-07-10 11:58:23,413 [WARNING] app.services.fetcher: Rejected sportsbook row [mlb]: away='Yankees Weathers (L)' home='Nationals Palmquist (L)' reason=unresolved_team_or_same_team scores=(0.514, 0.500)
2026-07-10 11:58:23,423 [WARNING] app.services.fetcher: Rejected sportsbook row [mlb]: away='Royals Avila (R)' home='Orioles Young (R)' reason=unresolved_team_or_same_team scores=(0.424, 0.500)
2026-07-10 11:58:23,435 [WARNING] app.services.fetcher: Rejected sportsbook row [mlb]: away='Cubs Imanaga (L)' home='Reds Greene (R)' reason=unresolved_team_or_same_team scores=(0.500, 0.500)
2026-07-10 11:58:23,449 [WARNING] app.services.fetcher: Rejected sportsbook row [mlb]: away='Mariners Castillo (R)' home='Rays Martinez (R)' reason=unresolved_team_or_same_team scores=(0.500, 0.581)
2026-07-10 11:58:23,470 [WARNING] app.services.fetcher: Rejected sportsbook row [mlb]: away='Guardians Messick (L)' home='Marlins Alcantara (R)' reason=unresolved_team_or_same_team scores=(0.500, 0.500)
2026-07-10 11:58:23,488 [WARNING] app.services.fetcher: Rejected sportsbook row [mlb]: away='Red Sox Gray (R)' home='Mets Mc Lean (R)' reason=unresolved_team_or_same_team scores=(0.667, 0.444)
2026-07-10 11:58:23,517 [WARNING] app.services.fetcher: Rejected sportsbook row [mlb]: away='Athletics Lopez (L)' home='White Sox Burke (R)' reason=unresolved_team_or_same_team scores=(0.529, 0.667)
2026-07-10 11:58:23,539 [WARNING] app.services.fetcher: Rejected sportsbook row [mlb]: away='Astros Brown (R)' home='Rangers Quantrill (R)' reason=unresolved_team_or_same_team scores=(0.500, 0.500)
2026-07-10 11:58:23,552 [WARNING] app.services.fetcher: Rejected sportsbook row [mlb]: away='Angels Rodriguez (R)' home='Twins Matthews (R)' reason=unresolved_team_or_same_team scores=(0.540, 0.500)
2026-07-10 11:58:23,568 [WARNING] app.services.fetcher: Rejected sportsbook row [mlb]: away='Braves Sale (L)' home='Cardinals Leahy (R)' reason=unresolved_team_or_same_team scores=(0.500, 0.514)
2026-07-10 11:58:23,582 [WARNING] app.services.fetcher: Rejected sportsbook row [mlb]: away='Blue Jays Bieber (R)' home='Padres Sears (L)' reason=unresolved_team_or_same_team scores=(0.667, 0.444)
2026-07-10 11:58:23,587 [WARNING] app.services.fetcher: Rejected sportsbook row [mlb]: away='Diamondbacks Rodriguez (L)' home='Dodgers' reason=unresolved_team_or_same_team scores=(0.545, 1.000)
2026-07-10 11:58:23,598 [WARNING] app.services.fetcher: Rejected sportsbook row [mlb]: away='Rockies Gordon (R)' home='Giants Ray (L)' reason=unresolved_team_or_same_team scores=(0.500, 0.467)
2026-07-10 11:58:23,784 [INFO] httpx: HTTP Request: GET https://gamma-api.polymarket.com/events?series_id=3&active=true&closed=false&limit=200 "HTTP/1.1 200 OK"
2026-07-10 11:58:23,822 [INFO] httpx: HTTP Request: GET https://api.elections.kalshi.com/trade-api/v2/markets?series_ticker=KXMLBGAME&status=open&limit=200 "HTTP/1.1 200 OK"
2026-07-10 11:58:24,636 [INFO] httpx: HTTP Request: GET https://gamma-api.polymarket.com/events?series_id=10187&active=true&closed=false&limit=200 "HTTP/1.1 200 OK"
2026-07-10 11:58:24,658 [INFO] httpx: HTTP Request: GET https://api.elections.kalshi.com/trade-api/v2/markets?series_ticker=KXNFLGAME&status=open&limit=200 "HTTP/1.1 200 OK"
2026-07-10 11:58:39,912 [INFO] httpx: HTTP Request: GET https://api.elections.kalshi.com/trade-api/v2/markets?series_ticker=KXNHLGAME&status=open&limit=200 "HTTP/1.1 200 OK"
2026-07-10 11:58:39,960 [INFO] httpx: HTTP Request: GET https://gamma-api.polymarket.com/events?series_id=10346&active=true&closed=false&limit=200 "HTTP/1.1 200 OK"
2026-07-10 11:58:41,896 [INFO] httpx: HTTP Request: GET https://api.elections.kalshi.com/trade-api/v2/markets?series_ticker=KXNBAGAME&status=open&limit=200 "HTTP/1.1 200 OK"
2026-07-10 11:58:41,919 [INFO] httpx: HTTP Request: GET https://gamma-api.polymarket.com/events?series_id=10345&active=true&closed=false&limit=200 "HTTP/1.1 200 OK"
2026-07-10 11:59:00,791 [INFO] httpx: HTTP Request: GET https://gamma-api.polymarket.com/events?series_id=10210&active=true&closed=false&limit=200 "HTTP/1.1 200 OK"
2026-07-10 11:59:00,810 [INFO] httpx: HTTP Request: GET https://api.elections.kalshi.com/trade-api/v2/markets?series_ticker=KXNCAAFGAME&status=open&limit=200 "HTTP/1.1 200 OK"
2026-07-10 11:59:00,908 [INFO] httpx: HTTP Request: GET https://api.elections.kalshi.com/trade-api/v2/markets?series_ticker=KXNCAABGAME&status=open&limit=200 "HTTP/1.1 200 OK"
2026-07-10 11:59:00,914 [INFO] httpx: HTTP Request: GET https://gamma-api.polymarket.com/events?series_id=39&active=true&closed=false&limit=200 "HTTP/1.1 200 OK"
2026-07-10 12:27:38,283 [WARNING] app.services.fetcher: Rejected sportsbook row [mlb]: away='Brewers Sproat (R)' home='Pirates Ashcraft (R)' reason=unresolved_team_or_same_team scores=(0.500, 0.500)
2026-07-10 12:27:38,289 [WARNING] app.services.fetcher: Rejected sportsbook row [mlb]: away='Phillies Nola (R)' home='Tigers Flaherty (R)' reason=unresolved_team_or_same_team scores=(0.500, 0.500)
2026-07-10 12:27:38,294 [WARNING] app.services.fetcher: Rejected sportsbook row [mlb]: away='Yankees Weathers (L)' home='Nationals Palmquist (L)' reason=unresolved_team_or_same_team scores=(0.514, 0.500)
2026-07-10 12:27:38,297 [WARNING] app.services.fetcher: Rejected sportsbook row [mlb]: away='Royals Avila (R)' home='Orioles Young (R)' reason=unresolved_team_or_same_team scores=(0.424, 0.500)
2026-07-10 12:27:38,301 [WARNING] app.services.fetcher: Rejected sportsbook row [mlb]: away='Cubs Imanaga (L)' home='Reds Greene (R)' reason=unresolved_team_or_same_team scores=(0.500, 0.500)
2026-07-10 12:27:38,307 [WARNING] app.services.fetcher: Rejected sportsbook row [mlb]: away='Mariners Castillo (R)' home='Rays Martinez (R)' reason=unresolved_team_or_same_team scores=(0.500, 0.581)
2026-07-10 12:27:38,314 [WARNING] app.services.fetcher: Rejected sportsbook row [mlb]: away='Guardians Messick (L)' home='Marlins Alcantara (R)' reason=unresolved_team_or_same_team scores=(0.500, 0.500)
2026-07-10 12:27:38,318 [WARNING] app.services.fetcher: Rejected sportsbook row [mlb]: away='Red Sox Gray (R)' home='Mets Mc Lean (R)' reason=unresolved_team_or_same_team scores=(0.667, 0.444)
2026-07-10 12:27:38,323 [WARNING] app.services.fetcher: Rejected sportsbook row [mlb]: away='Athletics Lopez (L)' home='White Sox Burke (R)' reason=unresolved_team_or_same_team scores=(0.529, 0.667)
2026-07-10 12:27:38,328 [WARNING] app.services.fetcher: Rejected sportsbook row [mlb]: away='Astros Brown (R)' home='Rangers Quantrill (R)' reason=unresolved_team_or_same_team scores=(0.500, 0.500)
2026-07-10 12:27:38,332 [WARNING] app.services.fetcher: Rejected sportsbook row [mlb]: away='Angels Rodriguez (R)' home='Twins Matthews (R)' reason=unresolved_team_or_same_team scores=(0.540, 0.500)
2026-07-10 12:27:38,336 [WARNING] app.services.fetcher: Rejected sportsbook row [mlb]: away='Braves Sale (L)' home='Cardinals Leahy (R)' reason=unresolved_team_or_same_team scores=(0.500, 0.514)
2026-07-10 12:27:38,339 [WARNING] app.services.fetcher: Rejected sportsbook row [mlb]: away='Blue Jays Bieber (R)' home='Padres Sears (L)' reason=unresolved_team_or_same_team scores=(0.667, 0.444)
2026-07-10 12:27:38,342 [WARNING] app.services.fetcher: Rejected sportsbook row [mlb]: away='Diamondbacks Rodriguez (L)' home='Dodgers' reason=unresolved_team_or_same_team scores=(0.545, 1.000)
2026-07-10 12:27:38,345 [WARNING] app.services.fetcher: Rejected sportsbook row [mlb]: away='Rockies Gordon (R)' home='Giants Ray (L)' reason=unresolved_team_or_same_team scores=(0.500, 0.467)
2026-07-10 12:27:38,348 [WARNING] app.services.fetcher: Rejected sportsbook row [mlb]: away='Brewers Sproat (R)' home='Pirates Ashcraft (R)' reason=unresolved_team_or_same_team scores=(0.500, 0.500)
2026-07-10 12:27:38,353 [WARNING] app.services.fetcher: Rejected sportsbook row [mlb]: away='Phillies Nola (R)' home='Tigers Flaherty (R)' reason=unresolved_team_or_same_team scores=(0.500, 0.500)
2026-07-10 12:27:38,358 [WARNING] app.services.fetcher: Rejected sportsbook row [mlb]: away='Yankees Weathers (L)' home='Nationals Palmquist (L)' reason=unresolved_team_or_same_team scores=(0.514, 0.500)
2026-07-10 12:27:38,361 [WARNING] app.services.fetcher: Rejected sportsbook row [mlb]: away='Royals Avila (R)' home='Orioles Young (R)' reason=unresolved_team_or_same_team scores=(0.424, 0.500)
2026-07-10 12:27:38,364 [WARNING] app.services.fetcher: Rejected sportsbook row [mlb]: away='Cubs Imanaga (L)' home='Reds Greene (R)' reason=unresolved_team_or_same_team scores=(0.500, 0.500)
2026-07-10 12:27:38,368 [WARNING] app.services.fetcher: Rejected sportsbook row [mlb]: away='Mariners Castillo (R)' home='Rays Martinez (R)' reason=unresolved_team_or_same_team scores=(0.500, 0.581)
2026-07-10 12:27:38,373 [WARNING] app.services.fetcher: Rejected sportsbook row [mlb]: away='Guardians Messick (L)' home='Marlins Alcantara (R)' reason=unresolved_team_or_same_team scores=(0.500, 0.500)
2026-07-10 12:27:38,379 [WARNING] app.services.fetcher: Rejected sportsbook row [mlb]: away='Red Sox Gray (R)' home='Mets Mc Lean (R)' reason=unresolved_team_or_same_team scores=(0.667, 0.444)
2026-07-10 12:27:38,382 [WARNING] app.services.fetcher: Rejected sportsbook row [mlb]: away='Athletics Lopez (L)' home='White Sox Burke (R)' reason=unresolved_team_or_same_team scores=(0.529, 0.667)
2026-07-10 12:27:38,386 [WARNING] app.services.fetcher: Rejected sportsbook row [mlb]: away='Astros Brown (R)' home='Rangers Quantrill (R)' reason=unresolved_team_or_same_team scores=(0.500, 0.500)
2026-07-10 12:27:38,390 [WARNING] app.services.fetcher: Rejected sportsbook row [mlb]: away='Angels Rodriguez (R)' home='Twins Matthews (R)' reason=unresolved_team_or_same_team scores=(0.540, 0.500)
2026-07-10 12:27:38,394 [WARNING] app.services.fetcher: Rejected sportsbook row [mlb]: away='Braves Sale (L)' home='Cardinals Leahy (R)' reason=unresolved_team_or_same_team scores=(0.500, 0.514)
2026-07-10 12:27:38,399 [WARNING] app.services.fetcher: Rejected sportsbook row [mlb]: away='Blue Jays Bieber (R)' home='Padres Sears (L)' reason=unresolved_team_or_same_team scores=(0.667, 0.444)
2026-07-10 12:27:38,402 [WARNING] app.services.fetcher: Rejected sportsbook row [mlb]: away='Diamondbacks Rodriguez (L)' home='Dodgers' reason=unresolved_team_or_same_team scores=(0.545, 1.000)
2026-07-10 12:27:38,406 [WARNING] app.services.fetcher: Rejected sportsbook row [mlb]: away='Rockies Gordon (R)' home='Giants Ray (L)' reason=unresolved_team_or_same_team scores=(0.500, 0.467)
2026-07-10 12:27:38,411 [WARNING] app.services.fetcher: Rejected sportsbook row [mlb]: away='Brewers Sproat (R)' home='Pirates Ashcraft (R)' reason=unresolved_team_or_same_team scores=(0.500, 0.500)
2026-07-10 12:27:38,414 [WARNING] app.services.fetcher: Rejected sportsbook row [mlb]: away='Phillies Nola (R)' home='Tigers Flaherty (R)' reason=unresolved_team_or_same_team scores=(0.500, 0.500)
2026-07-10 12:27:38,418 [WARNING] app.services.fetcher: Rejected sportsbook row [mlb]: away='Yankees Weathers (L)' home='Nationals Palmquist (L)' reason=unresolved_team_or_same_team scores=(0.514, 0.500)
2026-07-10 12:27:38,422 [WARNING] app.services.fetcher: Rejected sportsbook row [mlb]: away='Royals Avila (R)' home='Orioles Young (R)' reason=unresolved_team_or_same_team scores=(0.424, 0.500)
2026-07-10 12:27:38,424 [WARNING] app.services.fetcher: Rejected sportsbook row [mlb]: away='Cubs Imanaga (L)' home='Reds Greene (R)' reason=unresolved_team_or_same_team scores=(0.500, 0.500)
2026-07-10 12:27:38,427 [WARNING] app.services.fetcher: Rejected sportsbook row [mlb]: away='Mariners Castillo (R)' home='Rays Martinez (R)' reason=unresolved_team_or_same_team scores=(0.500, 0.581)
2026-07-10 12:27:38,431 [WARNING] app.services.fetcher: Rejected sportsbook row [mlb]: away='Guardians Messick (L)' home='Marlins Alcantara (R)' reason=unresolved_team_or_same_team scores=(0.500, 0.500)
2026-07-10 12:27:38,435 [WARNING] app.services.fetcher: Rejected sportsbook row [mlb]: away='Red Sox Gray (R)' home='Mets Mc Lean (R)' reason=unresolved_team_or_same_team scores=(0.667, 0.444)
2026-07-10 12:27:38,439 [WARNING] app.services.fetcher: Rejected sportsbook row [mlb]: away='Athletics Lopez (L)' home='White Sox Burke (R)' reason=unresolved_team_or_same_team scores=(0.529, 0.667)
2026-07-10 12:27:38,442 [WARNING] app.services.fetcher: Rejected sportsbook row [mlb]: away='Astros Brown (R)' home='Rangers Quantrill (R)' reason=unresolved_team_or_same_team scores=(0.500, 0.500)
2026-07-10 12:27:38,445 [WARNING] app.services.fetcher: Rejected sportsbook row [mlb]: away='Angels Rodriguez (R)' home='Twins Matthews (R)' reason=unresolved_team_or_same_team scores=(0.540, 0.500)
2026-07-10 12:27:38,448 [WARNING] app.services.fetcher: Rejected sportsbook row [mlb]: away='Braves Sale (L)' home='Cardinals Leahy (R)' reason=unresolved_team_or_same_team scores=(0.500, 0.514)
2026-07-10 12:27:38,452 [WARNING] app.services.fetcher: Rejected sportsbook row [mlb]: away='Blue Jays Bieber (R)' home='Padres Sears (L)' reason=unresolved_team_or_same_team scores=(0.667, 0.444)
2026-07-10 12:27:38,455 [WARNING] app.services.fetcher: Rejected sportsbook row [mlb]: away='Diamondbacks Rodriguez (L)' home='Dodgers' reason=unresolved_team_or_same_team scores=(0.545, 1.000)
2026-07-10 12:27:38,458 [WARNING] app.services.fetcher: Rejected sportsbook row [mlb]: away='Rockies Gordon (R)' home='Giants Ray (L)' reason=unresolved_team_or_same_team scores=(0.500, 0.467)
2026-07-10 12:27:38,607 [INFO] httpx: HTTP Request: GET https://api.elections.kalshi.com/trade-api/v2/markets?series_ticker=KXMLBGAME&status=open&limit=200 "HTTP/1.1 200 OK"
2026-07-10 12:27:38,690 [INFO] httpx: HTTP Request: GET https://gamma-api.polymarket.com/events?series_id=3&active=true&closed=false&limit=200 "HTTP/1.1 200 OK"
2026-07-10 12:27:40,156 [INFO] httpx: HTTP Request: GET https://api.elections.kalshi.com/trade-api/v2/markets?series_ticker=KXNFLGAME&status=open&limit=200 "HTTP/1.1 200 OK"
2026-07-10 12:27:40,200 [INFO] httpx: HTTP Request: GET https://gamma-api.polymarket.com/events?series_id=10187&active=true&closed=false&limit=200 "HTTP/1.1 200 OK"
2026-07-10 12:27:49,702 [INFO] httpx: HTTP Request: GET https://api.elections.kalshi.com/trade-api/v2/markets?series_ticker=KXNHLGAME&status=open&limit=200 "HTTP/1.1 200 OK"
2026-07-10 12:27:49,752 [INFO] httpx: HTTP Request: GET https://gamma-api.polymarket.com/events?series_id=10346&active=true&closed=false&limit=200 "HTTP/1.1 200 OK"
2026-07-10 12:27:50,336 [INFO] httpx: HTTP Request: GET https://api.elections.kalshi.com/trade-api/v2/markets?series_ticker=KXNBAGAME&status=open&limit=200 "HTTP/1.1 200 OK"
2026-07-10 12:27:50,409 [INFO] httpx: HTTP Request: GET https://gamma-api.polymarket.com/events?series_id=10345&active=true&closed=false&limit=200 "HTTP/1.1 200 OK"
2026-07-10 12:28:00,639 [INFO] httpx: HTTP Request: GET https://gamma-api.polymarket.com/events?series_id=10210&active=true&closed=false&limit=200 "HTTP/1.1 200 OK"
2026-07-10 12:28:00,655 [INFO] httpx: HTTP Request: GET https://api.elections.kalshi.com/trade-api/v2/markets?series_ticker=KXNCAAFGAME&status=open&limit=200 "HTTP/1.1 200 OK"
2026-07-10 12:28:00,706 [INFO] httpx: HTTP Request: GET https://api.elections.kalshi.com/trade-api/v2/markets?series_ticker=KXNCAABGAME&status=open&limit=200 "HTTP/1.1 200 OK"
2026-07-10 12:28:00,722 [INFO] httpx: HTTP Request: GET https://gamma-api.polymarket.com/events?series_id=39&active=true&closed=false&limit=200 "HTTP/1.1 200 OK"
2026-07-10 12:28:11,862 [WARNING] app.services.fetcher: Rejected sportsbook row [mlb]: away='Brewers Sproat (R)' home='Pirates Ashcraft (R)' reason=unresolved_team_or_same_team scores=(0.500, 0.500)
2026-07-10 12:28:11,865 [WARNING] app.services.fetcher: Rejected sportsbook row [mlb]: away='Phillies Nola (R)' home='Tigers Flaherty (R)' reason=unresolved_team_or_same_team scores=(0.500, 0.500)
2026-07-10 12:28:11,869 [WARNING] app.services.fetcher: Rejected sportsbook row [mlb]: away='Yankees Weathers (L)' home='Nationals Palmquist (L)' reason=unresolved_team_or_same_team scores=(0.514, 0.500)
2026-07-10 12:28:11,871 [WARNING] app.services.fetcher: Rejected sportsbook row [mlb]: away='Royals Avila (R)' home='Orioles Young (R)' reason=unresolved_team_or_same_team scores=(0.424, 0.500)
2026-07-10 12:28:11,874 [WARNING] app.services.fetcher: Rejected sportsbook row [mlb]: away='Cubs Imanaga (L)' home='Reds Greene (R)' reason=unresolved_team_or_same_team scores=(0.500, 0.500)
2026-07-10 12:28:11,877 [WARNING] app.services.fetcher: Rejected sportsbook row [mlb]: away='Mariners Castillo (R)' home='Rays Martinez (R)' reason=unresolved_team_or_same_team scores=(0.500, 0.581)
2026-07-10 12:28:11,880 [WARNING] app.services.fetcher: Rejected sportsbook row [mlb]: away='Guardians Messick (L)' home='Marlins Alcantara (R)' reason=unresolved_team_or_same_team scores=(0.500, 0.500)
2026-07-10 12:28:11,883 [WARNING] app.services.fetcher: Rejected sportsbook row [mlb]: away='Red Sox Gray (R)' home='Mets Mc Lean (R)' reason=unresolved_team_or_same_team scores=(0.667, 0.444)
2026-07-10 12:28:11,886 [WARNING] app.services.fetcher: Rejected sportsbook row [mlb]: away='Athletics Lopez (L)' home='White Sox Burke (R)' reason=unresolved_team_or_same_team scores=(0.529, 0.667)
2026-07-10 12:28:11,888 [WARNING] app.services.fetcher: Rejected sportsbook row [mlb]: away='Astros Brown (R)' home='Rangers Quantrill (R)' reason=unresolved_team_or_same_team scores=(0.500, 0.500)
2026-07-10 12:28:11,891 [WARNING] app.services.fetcher: Rejected sportsbook row [mlb]: away='Angels Rodriguez (R)' home='Twins Matthews (R)' reason=unresolved_team_or_same_team scores=(0.540, 0.500)
2026-07-10 12:28:11,893 [WARNING] app.services.fetcher: Rejected sportsbook row [mlb]: away='Braves Sale (L)' home='Cardinals Leahy (R)' reason=unresolved_team_or_same_team scores=(0.500, 0.514)
2026-07-10 12:28:11,896 [WARNING] app.services.fetcher: Rejected sportsbook row [mlb]: away='Blue Jays Bieber (R)' home='Padres Sears (L)' reason=unresolved_team_or_same_team scores=(0.667, 0.444)
2026-07-10 12:28:11,898 [WARNING] app.services.fetcher: Rejected sportsbook row [mlb]: away='Diamondbacks Rodriguez (L)' home='Dodgers' reason=unresolved_team_or_same_team scores=(0.545, 1.000)
2026-07-10 12:28:11,900 [WARNING] app.services.fetcher: Rejected sportsbook row [mlb]: away='Rockies Gordon (R)' home='Giants Ray (L)' reason=unresolved_team_or_same_team scores=(0.500, 0.467)
2026-07-10 12:28:11,903 [WARNING] app.services.fetcher: Rejected sportsbook row [mlb]: away='Brewers Sproat (R)' home='Pirates Ashcraft (R)' reason=unresolved_team_or_same_team scores=(0.500, 0.500)
2026-07-10 12:28:11,905 [WARNING] app.services.fetcher: Rejected sportsbook row [mlb]: away='Phillies Nola (R)' home='Tigers Flaherty (R)' reason=unresolved_team_or_same_team scores=(0.500, 0.500)
2026-07-10 12:28:11,908 [WARNING] app.services.fetcher: Rejected sportsbook row [mlb]: away='Yankees Weathers (L)' home='Nationals Palmquist (L)' reason=unresolved_team_or_same_team scores=(0.514, 0.500)
2026-07-10 12:28:11,911 [WARNING] app.services.fetcher: Rejected sportsbook row [mlb]: away='Royals Avila (R)' home='Orioles Young (R)' reason=unresolved_team_or_same_team scores=(0.424, 0.500)
2026-07-10 12:28:11,913 [WARNING] app.services.fetcher: Rejected sportsbook row [mlb]: away='Cubs Imanaga (L)' home='Reds Greene (R)' reason=unresolved_team_or_same_team scores=(0.500, 0.500)
2026-07-10 12:28:11,916 [WARNING] app.services.fetcher: Rejected sportsbook row [mlb]: away='Mariners Castillo (R)' home='Rays Martinez (R)' reason=unresolved_team_or_same_team scores=(0.500, 0.581)
2026-07-10 12:28:11,919 [WARNING] app.services.fetcher: Rejected sportsbook row [mlb]: away='Guardians Messick (L)' home='Marlins Alcantara (R)' reason=unresolved_team_or_same_team scores=(0.500, 0.500)
2026-07-10 12:28:11,921 [WARNING] app.services.fetcher: Rejected sportsbook row [mlb]: away='Red Sox Gray (R)' home='Mets Mc Lean (R)' reason=unresolved_team_or_same_team scores=(0.667, 0.444)
2026-07-10 12:28:11,924 [WARNING] app.services.fetcher: Rejected sportsbook row [mlb]: away='Athletics Lopez (L)' home='White Sox Burke (R)' reason=unresolved_team_or_same_team scores=(0.529, 0.667)
2026-07-10 12:28:11,926 [WARNING] app.services.fetcher: Rejected sportsbook row [mlb]: away='Astros Brown (R)' home='Rangers Quantrill (R)' reason=unresolved_team_or_same_team scores=(0.500, 0.500)
2026-07-10 12:28:11,928 [WARNING] app.services.fetcher: Rejected sportsbook row [mlb]: away='Angels Rodriguez (R)' home='Twins Matthews (R)' reason=unresolved_team_or_same_team scores=(0.540, 0.500)
2026-07-10 12:28:11,931 [WARNING] app.services.fetcher: Rejected sportsbook row [mlb]: away='Braves Sale (L)' home='Cardinals Leahy (R)' reason=unresolved_team_or_same_team scores=(0.500, 0.514)
2026-07-10 12:28:11,933 [WARNING] app.services.fetcher: Rejected sportsbook row [mlb]: away='Blue Jays Bieber (R)' home='Padres Sears (L)' reason=unresolved_team_or_same_team scores=(0.667, 0.444)
2026-07-10 12:28:11,935 [WARNING] app.services.fetcher: Rejected sportsbook row [mlb]: away='Diamondbacks Rodriguez (L)' home='Dodgers' reason=unresolved_team_or_same_team scores=(0.545, 1.000)
2026-07-10 12:28:11,938 [WARNING] app.services.fetcher: Rejected sportsbook row [mlb]: away='Rockies Gordon (R)' home='Giants Ray (L)' reason=unresolved_team_or_same_team scores=(0.500, 0.467)
2026-07-10 12:28:11,942 [WARNING] app.services.fetcher: Rejected sportsbook row [mlb]: away='Brewers Sproat (R)' home='Pirates Ashcraft (R)' reason=unresolved_team_or_same_team scores=(0.500, 0.500)
2026-07-10 12:28:11,946 [WARNING] app.services.fetcher: Rejected sportsbook row [mlb]: away='Phillies Nola (R)' home='Tigers Flaherty (R)' reason=unresolved_team_or_same_team scores=(0.500, 0.500)
2026-07-10 12:28:11,951 [WARNING] app.services.fetcher: Rejected sportsbook row [mlb]: away='Yankees Weathers (L)' home='Nationals Palmquist (L)' reason=unresolved_team_or_same_team scores=(0.514, 0.500)
2026-07-10 12:28:11,954 [WARNING] app.services.fetcher: Rejected sportsbook row [mlb]: away='Royals Avila (R)' home='Orioles Young (R)' reason=unresolved_team_or_same_team scores=(0.424, 0.500)
2026-07-10 12:28:11,956 [WARNING] app.services.fetcher: Rejected sportsbook row [mlb]: away='Cubs Imanaga (L)' home='Reds Greene (R)' reason=unresolved_team_or_same_team scores=(0.500, 0.500)
2026-07-10 12:28:11,959 [WARNING] app.services.fetcher: Rejected sportsbook row [mlb]: away='Mariners Castillo (R)' home='Rays Martinez (R)' reason=unresolved_team_or_same_team scores=(0.500, 0.581)
2026-07-10 12:28:11,961 [WARNING] app.services.fetcher: Rejected sportsbook row [mlb]: away='Guardians Messick (L)' home='Marlins Alcantara (R)' reason=unresolved_team_or_same_team scores=(0.500, 0.500)
2026-07-10 12:28:11,964 [WARNING] app.services.fetcher: Rejected sportsbook row [mlb]: away='Red Sox Gray (R)' home='Mets Mc Lean (R)' reason=unresolved_team_or_same_team scores=(0.667, 0.444)
2026-07-10 12:28:11,966 [WARNING] app.services.fetcher: Rejected sportsbook row [mlb]: away='Athletics Lopez (L)' home='White Sox Burke (R)' reason=unresolved_team_or_same_team scores=(0.529, 0.667)
2026-07-10 12:28:11,969 [WARNING] app.services.fetcher: Rejected sportsbook row [mlb]: away='Astros Brown (R)' home='Rangers Quantrill (R)' reason=unresolved_team_or_same_team scores=(0.500, 0.500)
2026-07-10 12:28:11,971 [WARNING] app.services.fetcher: Rejected sportsbook row [mlb]: away='Angels Rodriguez (R)' home='Twins Matthews (R)' reason=unresolved_team_or_same_team scores=(0.540, 0.500)
2026-07-10 12:28:11,974 [WARNING] app.services.fetcher: Rejected sportsbook row [mlb]: away='Braves Sale (L)' home='Cardinals Leahy (R)' reason=unresolved_team_or_same_team scores=(0.500, 0.514)
2026-07-10 12:28:11,976 [WARNING] app.services.fetcher: Rejected sportsbook row [mlb]: away='Blue Jays Bieber (R)' home='Padres Sears (L)' reason=unresolved_team_or_same_team scores=(0.667, 0.444)
2026-07-10 12:28:11,978 [WARNING] app.services.fetcher: Rejected sportsbook row [mlb]: away='Diamondbacks Rodriguez (L)' home='Dodgers' reason=unresolved_team_or_same_team scores=(0.545, 1.000)
2026-07-10 12:28:11,981 [WARNING] app.services.fetcher: Rejected sportsbook row [mlb]: away='Rockies Gordon (R)' home='Giants Ray (L)' reason=unresolved_team_or_same_team scores=(0.500, 0.467)
2026-07-10 12:28:12,135 [INFO] httpx: HTTP Request: GET https://gamma-api.polymarket.com/events?series_id=3&active=true&closed=false&limit=200 "HTTP/1.1 200 OK"
2026-07-10 12:28:12,157 [INFO] httpx: HTTP Request: GET https://api.elections.kalshi.com/trade-api/v2/markets?series_ticker=KXMLBGAME&status=open&limit=200 "HTTP/1.1 200 OK"
2026-07-10 12:28:12,665 [INFO] httpx: HTTP Request: GET https://gamma-api.polymarket.com/events?series_id=10187&active=true&closed=false&limit=200 "HTTP/1.1 200 OK"
2026-07-10 12:28:12,686 [INFO] httpx: HTTP Request: GET https://api.elections.kalshi.com/trade-api/v2/markets?series_ticker=KXNFLGAME&status=open&limit=200 "HTTP/1.1 200 OK"
2026-07-10 12:28:21,442 [INFO] httpx: HTTP Request: GET https://gamma-api.polymarket.com/events?series_id=10346&active=true&closed=false&limit=200 "HTTP/1.1 200 OK"
2026-07-10 12:28:21,502 [INFO] httpx: HTTP Request: GET https://api.elections.kalshi.com/trade-api/v2/markets?series_ticker=KXNHLGAME&status=open&limit=200 "HTTP/1.1 200 OK"
2026-07-10 12:28:22,948 [INFO] httpx: HTTP Request: GET https://gamma-api.polymarket.com/events?series_id=10345&active=true&closed=false&limit=200 "HTTP/1.1 200 OK"
2026-07-10 12:28:22,975 [INFO] httpx: HTTP Request: GET https://api.elections.kalshi.com/trade-api/v2/markets?series_ticker=KXNBAGAME&status=open&limit=200 "HTTP/1.1 200 OK"
2026-07-10 12:28:32,622 [INFO] httpx: HTTP Request: GET https://gamma-api.polymarket.com/events?series_id=10210&active=true&closed=false&limit=200 "HTTP/1.1 200 OK"
2026-07-10 12:28:32,637 [INFO] httpx: HTTP Request: GET https://api.elections.kalshi.com/trade-api/v2/markets?series_ticker=KXNCAAFGAME&status=open&limit=200 "HTTP/1.1 200 OK"
2026-07-10 12:28:34,242 [INFO] httpx: HTTP Request: GET https://gamma-api.polymarket.com/events?series_id=39&active=true&closed=false&limit=200 "HTTP/1.1 200 OK"
2026-07-10 12:28:34,272 [INFO] httpx: HTTP Request: GET https://api.elections.kalshi.com/trade-api/v2/markets?series_ticker=KXNCAABGAME&status=open&limit=200 "HTTP/1.1 200 OK"
2026-07-10 12:28:44,741 [WARNING] app.services.fetcher: Rejected sportsbook row [mlb]: away='Brewers Sproat (R)' home='Pirates Ashcraft (R)' reason=unresolved_team_or_same_team scores=(0.500, 0.500)
2026-07-10 12:28:44,744 [WARNING] app.services.fetcher: Rejected sportsbook row [mlb]: away='Phillies Nola (R)' home='Tigers Flaherty (R)' reason=unresolved_team_or_same_team scores=(0.500, 0.500)
2026-07-10 12:28:44,747 [WARNING] app.services.fetcher: Rejected sportsbook row [mlb]: away='Yankees Weathers (L)' home='Nationals Palmquist (L)' reason=unresolved_team_or_same_team scores=(0.514, 0.500)
2026-07-10 12:28:44,750 [WARNING] app.services.fetcher: Rejected sportsbook row [mlb]: away='Royals Avila (R)' home='Orioles Young (R)' reason=unresolved_team_or_same_team scores=(0.424, 0.500)
2026-07-10 12:28:44,752 [WARNING] app.services.fetcher: Rejected sportsbook row [mlb]: away='Cubs Imanaga (L)' home='Reds Greene (R)' reason=unresolved_team_or_same_team scores=(0.500, 0.500)
2026-07-10 12:28:44,755 [WARNING] app.services.fetcher: Rejected sportsbook row [mlb]: away='Mariners Castillo (R)' home='Rays Martinez (R)' reason=unresolved_team_or_same_team scores=(0.500, 0.581)
2026-07-10 12:28:44,758 [WARNING] app.services.fetcher: Rejected sportsbook row [mlb]: away='Guardians Messick (L)' home='Marlins Alcantara (R)' reason=unresolved_team_or_same_team scores=(0.500, 0.500)
2026-07-10 12:28:44,761 [WARNING] app.services.fetcher: Rejected sportsbook row [mlb]: away='Red Sox Gray (R)' home='Mets Mc Lean (R)' reason=unresolved_team_or_same_team scores=(0.667, 0.444)
2026-07-10 12:28:44,764 [WARNING] app.services.fetcher: Rejected sportsbook row [mlb]: away='Athletics Lopez (L)' home='White Sox Burke (R)' reason=unresolved_team_or_same_team scores=(0.529, 0.667)
2026-07-10 12:28:44,767 [WARNING] app.services.fetcher: Rejected sportsbook row [mlb]: away='Astros Brown (R)' home='Rangers Quantrill (R)' reason=unresolved_team_or_same_team scores=(0.500, 0.500)
2026-07-10 12:28:44,770 [WARNING] app.services.fetcher: Rejected sportsbook row [mlb]: away='Angels Rodriguez (R)' home='Twins Matthews (R)' reason=unresolved_team_or_same_team scores=(0.540, 0.500)
2026-07-10 12:28:44,773 [WARNING] app.services.fetcher: Rejected sportsbook row [mlb]: away='Braves Sale (L)' home='Cardinals Leahy (R)' reason=unresolved_team_or_same_team scores=(0.500, 0.514)
2026-07-10 12:28:44,775 [WARNING] app.services.fetcher: Rejected sportsbook row [mlb]: away='Blue Jays Bieber (R)' home='Padres Sears (L)' reason=unresolved_team_or_same_team scores=(0.667, 0.444)
2026-07-10 12:28:44,777 [WARNING] app.services.fetcher: Rejected sportsbook row [mlb]: away='Diamondbacks Rodriguez (L)' home='Dodgers' reason=unresolved_team_or_same_team scores=(0.545, 1.000)
2026-07-10 12:28:44,780 [WARNING] app.services.fetcher: Rejected sportsbook row [mlb]: away='Rockies Gordon (R)' home='Giants Ray (L)' reason=unresolved_team_or_same_team scores=(0.500, 0.467)
2026-07-10 12:28:44,782 [WARNING] app.services.fetcher: Rejected sportsbook row [mlb]: away='Brewers Sproat (R)' home='Pirates Ashcraft (R)' reason=unresolved_team_or_same_team scores=(0.500, 0.500)
2026-07-10 12:28:44,785 [WARNING] app.services.fetcher: Rejected sportsbook row [mlb]: away='Phillies Nola (R)' home='Tigers Flaherty (R)' reason=unresolved_team_or_same_team scores=(0.500, 0.500)
2026-07-10 12:28:44,788 [WARNING] app.services.fetcher: Rejected sportsbook row [mlb]: away='Yankees Weathers (L)' home='Nationals Palmquist (L)' reason=unresolved_team_or_same_team scores=(0.514, 0.500)
2026-07-10 12:28:44,790 [WARNING] app.services.fetcher: Rejected sportsbook row [mlb]: away='Royals Avila (R)' home='Orioles Young (R)' reason=unresolved_team_or_same_team scores=(0.424, 0.500)
2026-07-10 12:28:44,793 [WARNING] app.services.fetcher: Rejected sportsbook row [mlb]: away='Cubs Imanaga (L)' home='Reds Greene (R)' reason=unresolved_team_or_same_team scores=(0.500, 0.500)
2026-07-10 12:28:44,796 [WARNING] app.services.fetcher: Rejected sportsbook row [mlb]: away='Mariners Castillo (R)' home='Rays Martinez (R)' reason=unresolved_team_or_same_team scores=(0.500, 0.581)
2026-07-10 12:28:44,798 [WARNING] app.services.fetcher: Rejected sportsbook row [mlb]: away='Guardians Messick (L)' home='Marlins Alcantara (R)' reason=unresolved_team_or_same_team scores=(0.500, 0.500)
2026-07-10 12:28:44,800 [WARNING] app.services.fetcher: Rejected sportsbook row [mlb]: away='Red Sox Gray (R)' home='Mets Mc Lean (R)' reason=unresolved_team_or_same_team scores=(0.667, 0.444)
2026-07-10 12:28:44,803 [WARNING] app.services.fetcher: Rejected sportsbook row [mlb]: away='Athletics Lopez (L)' home='White Sox Burke (R)' reason=unresolved_team_or_same_team scores=(0.529, 0.667)
2026-07-10 12:28:44,805 [WARNING] app.services.fetcher: Rejected sportsbook row [mlb]: away='Astros Brown (R)' home='Rangers Quantrill (R)' reason=unresolved_team_or_same_team scores=(0.500, 0.500)
2026-07-10 12:28:44,807 [WARNING] app.services.fetcher: Rejected sportsbook row [mlb]: away='Angels Rodriguez (R)' home='Twins Matthews (R)' reason=unresolved_team_or_same_team scores=(0.540, 0.500)
2026-07-10 12:28:44,810 [WARNING] app.services.fetcher: Rejected sportsbook row [mlb]: away='Braves Sale (L)' home='Cardinals Leahy (R)' reason=unresolved_team_or_same_team scores=(0.500, 0.514)
2026-07-10 12:28:44,812 [WARNING] app.services.fetcher: Rejected sportsbook row [mlb]: away='Blue Jays Bieber (R)' home='Padres Sears (L)' reason=unresolved_team_or_same_team scores=(0.667, 0.444)
2026-07-10 12:28:44,814 [WARNING] app.services.fetcher: Rejected sportsbook row [mlb]: away='Diamondbacks Rodriguez (L)' home='Dodgers' reason=unresolved_team_or_same_team scores=(0.545, 1.000)
2026-07-10 12:28:44,816 [WARNING] app.services.fetcher: Rejected sportsbook row [mlb]: away='Rockies Gordon (R)' home='Giants Ray (L)' reason=unresolved_team_or_same_team scores=(0.500, 0.467)
2026-07-10 12:28:44,819 [WARNING] app.services.fetcher: Rejected sportsbook row [mlb]: away='Brewers Sproat (R)' home='Pirates Ashcraft (R)' reason=unresolved_team_or_same_team scores=(0.500, 0.500)
2026-07-10 12:28:44,821 [WARNING] app.services.fetcher: Rejected sportsbook row [mlb]: away='Phillies Nola (R)' home='Tigers Flaherty (R)' reason=unresolved_team_or_same_team scores=(0.500, 0.500)
2026-07-10 12:28:44,823 [WARNING] app.services.fetcher: Rejected sportsbook row [mlb]: away='Yankees Weathers (L)' home='Nationals Palmquist (L)' reason=unresolved_team_or_same_team scores=(0.514, 0.500)
2026-07-10 12:28:44,826 [WARNING] app.services.fetcher: Rejected sportsbook row [mlb]: away='Royals Avila (R)' home='Orioles Young (R)' reason=unresolved_team_or_same_team scores=(0.424, 0.500)
2026-07-10 12:28:44,828 [WARNING] app.services.fetcher: Rejected sportsbook row [mlb]: away='Cubs Imanaga (L)' home='Reds Greene (R)' reason=unresolved_team_or_same_team scores=(0.500, 0.500)
2026-07-10 12:28:44,831 [WARNING] app.services.fetcher: Rejected sportsbook row [mlb]: away='Mariners Castillo (R)' home='Rays Martinez (R)' reason=unresolved_team_or_same_team scores=(0.500, 0.581)
2026-07-10 12:28:44,833 [WARNING] app.services.fetcher: Rejected sportsbook row [mlb]: away='Guardians Messick (L)' home='Marlins Alcantara (R)' reason=unresolved_team_or_same_team scores=(0.500, 0.500)
2026-07-10 12:28:44,836 [WARNING] app.services.fetcher: Rejected sportsbook row [mlb]: away='Red Sox Gray (R)' home='Mets Mc Lean (R)' reason=unresolved_team_or_same_team scores=(0.667, 0.444)
2026-07-10 12:28:44,838 [WARNING] app.services.fetcher: Rejected sportsbook row [mlb]: away='Athletics Lopez (L)' home='White Sox Burke (R)' reason=unresolved_team_or_same_team scores=(0.529, 0.667)
2026-07-10 12:28:44,841 [WARNING] app.services.fetcher: Rejected sportsbook row [mlb]: away='Astros Brown (R)' home='Rangers Quantrill (R)' reason=unresolved_team_or_same_team scores=(0.500, 0.500)
2026-07-10 12:28:44,844 [WARNING] app.services.fetcher: Rejected sportsbook row [mlb]: away='Angels Rodriguez (R)' home='Twins Matthews (R)' reason=unresolved_team_or_same_team scores=(0.540, 0.500)
2026-07-10 12:28:44,846 [WARNING] app.services.fetcher: Rejected sportsbook row [mlb]: away='Braves Sale (L)' home='Cardinals Leahy (R)' reason=unresolved_team_or_same_team scores=(0.500, 0.514)
2026-07-10 12:28:44,849 [WARNING] app.services.fetcher: Rejected sportsbook row [mlb]: away='Blue Jays Bieber (R)' home='Padres Sears (L)' reason=unresolved_team_or_same_team scores=(0.667, 0.444)
2026-07-10 12:28:44,850 [WARNING] app.services.fetcher: Rejected sportsbook row [mlb]: away='Diamondbacks Rodriguez (L)' home='Dodgers' reason=unresolved_team_or_same_team scores=(0.545, 1.000)
2026-07-10 12:28:44,853 [WARNING] app.services.fetcher: Rejected sportsbook row [mlb]: away='Rockies Gordon (R)' home='Giants Ray (L)' reason=unresolved_team_or_same_team scores=(0.500, 0.467)
2026-07-10 12:28:44,968 [INFO] httpx: HTTP Request: GET https://gamma-api.polymarket.com/events?series_id=3&active=true&closed=false&limit=200 "HTTP/1.1 200 OK"
2026-07-10 12:28:45,076 [INFO] httpx: HTTP Request: GET https://api.elections.kalshi.com/trade-api/v2/markets?series_ticker=KXMLBGAME&status=open&limit=200 "HTTP/1.1 200 OK"
2026-07-10 12:35:55,597 [WARNING] app.services.fetcher: Rejected sportsbook row [mlb]: away='Brewers Sproat (R)' home='Pirates Ashcraft (R)' reason=unresolved_team_or_same_team scores=(0.500, 0.500)
2026-07-10 12:35:55,601 [WARNING] app.services.fetcher: Rejected sportsbook row [mlb]: away='Phillies Nola (R)' home='Tigers Flaherty (R)' reason=unresolved_team_or_same_team scores=(0.500, 0.500)
2026-07-10 12:35:55,606 [WARNING] app.services.fetcher: Rejected sportsbook row [mlb]: away='Yankees Weathers (L)' home='Nationals Palmquist (L)' reason=unresolved_team_or_same_team scores=(0.514, 0.500)
2026-07-10 12:35:55,609 [WARNING] app.services.fetcher: Rejected sportsbook row [mlb]: away='Royals Avila (R)' home='Orioles Young (R)' reason=unresolved_team_or_same_team scores=(0.424, 0.500)
2026-07-10 12:35:55,613 [WARNING] app.services.fetcher: Rejected sportsbook row [mlb]: away='Cubs Imanaga (L)' home='Reds Greene (R)' reason=unresolved_team_or_same_team scores=(0.500, 0.500)
2026-07-10 12:35:55,616 [WARNING] app.services.fetcher: Rejected sportsbook row [mlb]: away='Mariners Castillo (R)' home='Rays Martinez (R)' reason=unresolved_team_or_same_team scores=(0.500, 0.581)
2026-07-10 12:35:55,620 [WARNING] app.services.fetcher: Rejected sportsbook row [mlb]: away='Guardians Messick (L)' home='Marlins Alcantara (R)' reason=unresolved_team_or_same_team scores=(0.500, 0.500)
2026-07-10 12:35:55,625 [WARNING] app.services.fetcher: Rejected sportsbook row [mlb]: away='Red Sox Gray (R)' home='Mets Mc Lean (R)' reason=unresolved_team_or_same_team scores=(0.667, 0.444)
2026-07-10 12:35:55,629 [WARNING] app.services.fetcher: Rejected sportsbook row [mlb]: away='Athletics Lopez (L)' home='White Sox Burke (R)' reason=unresolved_team_or_same_team scores=(0.529, 0.667)
2026-07-10 12:35:55,635 [WARNING] app.services.fetcher: Rejected sportsbook row [mlb]: away='Astros Brown (R)' home='Rangers Quantrill (R)' reason=unresolved_team_or_same_team scores=(0.500, 0.500)
2026-07-10 12:35:55,641 [WARNING] app.services.fetcher: Rejected sportsbook row [mlb]: away='Angels Rodriguez (R)' home='Twins Matthews (R)' reason=unresolved_team_or_same_team scores=(0.540, 0.500)
2026-07-10 12:35:55,647 [WARNING] app.services.fetcher: Rejected sportsbook row [mlb]: away='Braves Sale (L)' home='Cardinals Leahy (R)' reason=unresolved_team_or_same_team scores=(0.500, 0.514)
2026-07-10 12:35:55,655 [WARNING] app.services.fetcher: Rejected sportsbook row [mlb]: away='Blue Jays Bieber (R)' home='Padres Sears (L)' reason=unresolved_team_or_same_team scores=(0.667, 0.444)
2026-07-10 12:35:55,661 [WARNING] app.services.fetcher: Rejected sportsbook row [mlb]: away='Diamondbacks Rodriguez (L)' home='Dodgers' reason=unresolved_team_or_same_team scores=(0.545, 1.000)
2026-07-10 12:35:55,666 [WARNING] app.services.fetcher: Rejected sportsbook row [mlb]: away='Rockies Gordon (R)' home='Giants Ray (L)' reason=unresolved_team_or_same_team scores=(0.500, 0.467)
2026-07-10 12:35:55,674 [WARNING] app.services.fetcher: Rejected sportsbook row [mlb]: away='Brewers Sproat (R)' home='Pirates Ashcraft (R)' reason=unresolved_team_or_same_team scores=(0.500, 0.500)
2026-07-10 12:35:55,681 [WARNING] app.services.fetcher: Rejected sportsbook row [mlb]: away='Phillies Nola (R)' home='Tigers Flaherty (R)' reason=unresolved_team_or_same_team scores=(0.500, 0.500)
2026-07-10 12:35:55,691 [WARNING] app.services.fetcher: Rejected sportsbook row [mlb]: away='Yankees Weathers (L)' home='Nationals Palmquist (L)' reason=unresolved_team_or_same_team scores=(0.514, 0.500)
2026-07-10 12:35:55,699 [WARNING] app.services.fetcher: Rejected sportsbook row [mlb]: away='Royals Avila (R)' home='Orioles Young (R)' reason=unresolved_team_or_same_team scores=(0.424, 0.500)
2026-07-10 12:35:55,704 [WARNING] app.services.fetcher: Rejected sportsbook row [mlb]: away='Cubs Imanaga (L)' home='Reds Greene (R)' reason=unresolved_team_or_same_team scores=(0.500, 0.500)
2026-07-10 12:35:55,711 [WARNING] app.services.fetcher: Rejected sportsbook row [mlb]: away='Mariners Castillo (R)' home='Rays Martinez (R)' reason=unresolved_team_or_same_team scores=(0.500, 0.581)
2026-07-10 12:35:55,742 [WARNING] app.services.fetcher: Rejected sportsbook row [mlb]: away='Guardians Messick (L)' home='Marlins Alcantara (R)' reason=unresolved_team_or_same_team scores=(0.500, 0.500)
2026-07-10 12:35:55,778 [WARNING] app.services.fetcher: Rejected sportsbook row [mlb]: away='Red Sox Gray (R)' home='Mets Mc Lean (R)' reason=unresolved_team_or_same_team scores=(0.667, 0.444)
2026-07-10 12:35:55,790 [WARNING] app.services.fetcher: Rejected sportsbook row [mlb]: away='Athletics Lopez (L)' home='White Sox Burke (R)' reason=unresolved_team_or_same_team scores=(0.529, 0.667)
2026-07-10 12:35:55,812 [WARNING] app.services.fetcher: Rejected sportsbook row [mlb]: away='Astros Brown (R)' home='Rangers Quantrill (R)' reason=unresolved_team_or_same_team scores=(0.500, 0.500)
2026-07-10 12:35:55,818 [WARNING] app.services.fetcher: Rejected sportsbook row [mlb]: away='Angels Rodriguez (R)' home='Twins Matthews (R)' reason=unresolved_team_or_same_team scores=(0.540, 0.500)
2026-07-10 12:35:55,834 [WARNING] app.services.fetcher: Rejected sportsbook row [mlb]: away='Braves Sale (L)' home='Cardinals Leahy (R)' reason=unresolved_team_or_same_team scores=(0.500, 0.514)
2026-07-10 12:35:55,839 [WARNING] app.services.fetcher: Rejected sportsbook row [mlb]: away='Blue Jays Bieber (R)' home='Padres Sears (L)' reason=unresolved_team_or_same_team scores=(0.667, 0.444)
2026-07-10 12:35:55,851 [WARNING] app.services.fetcher: Rejected sportsbook row [mlb]: away='Diamondbacks Rodriguez (L)' home='Dodgers' reason=unresolved_team_or_same_team scores=(0.545, 1.000)
2026-07-10 12:35:55,858 [WARNING] app.services.fetcher: Rejected sportsbook row [mlb]: away='Rockies Gordon (R)' home='Giants Ray (L)' reason=unresolved_team_or_same_team scores=(0.500, 0.467)
2026-07-10 12:35:55,863 [WARNING] app.services.fetcher: Rejected sportsbook row [mlb]: away='Brewers Sproat (R)' home='Pirates Ashcraft (R)' reason=unresolved_team_or_same_team scores=(0.500, 0.500)
2026-07-10 12:35:55,866 [WARNING] app.services.fetcher: Rejected sportsbook row [mlb]: away='Phillies Nola (R)' home='Tigers Flaherty (R)' reason=unresolved_team_or_same_team scores=(0.500, 0.500)
2026-07-10 12:35:55,871 [WARNING] app.services.fetcher: Rejected sportsbook row [mlb]: away='Yankees Weathers (L)' home='Nationals Palmquist (L)' reason=unresolved_team_or_same_team scores=(0.514, 0.500)
2026-07-10 12:35:55,876 [WARNING] app.services.fetcher: Rejected sportsbook row [mlb]: away='Royals Avila (R)' home='Orioles Young (R)' reason=unresolved_team_or_same_team scores=(0.424, 0.500)
2026-07-10 12:35:55,880 [WARNING] app.services.fetcher: Rejected sportsbook row [mlb]: away='Cubs Imanaga (L)' home='Reds Greene (R)' reason=unresolved_team_or_same_team scores=(0.500, 0.500)
2026-07-10 12:35:55,885 [WARNING] app.services.fetcher: Rejected sportsbook row [mlb]: away='Mariners Castillo (R)' home='Rays Martinez (R)' reason=unresolved_team_or_same_team scores=(0.500, 0.581)
2026-07-10 12:35:55,891 [WARNING] app.services.fetcher: Rejected sportsbook row [mlb]: away='Guardians Messick (L)' home='Marlins Alcantara (R)' reason=unresolved_team_or_same_team scores=(0.500, 0.500)
2026-07-10 12:35:55,896 [WARNING] app.services.fetcher: Rejected sportsbook row [mlb]: away='Red Sox Gray (R)' home='Mets Mc Lean (R)' reason=unresolved_team_or_same_team scores=(0.667, 0.444)
2026-07-10 12:35:55,900 [WARNING] app.services.fetcher: Rejected sportsbook row [mlb]: away='Athletics Lopez (L)' home='White Sox Burke (R)' reason=unresolved_team_or_same_team scores=(0.529, 0.667)
2026-07-10 12:35:55,908 [WARNING] app.services.fetcher: Rejected sportsbook row [mlb]: away='Astros Brown (R)' home='Rangers Quantrill (R)' reason=unresolved_team_or_same_team scores=(0.500, 0.500)
2026-07-10 12:35:55,914 [WARNING] app.services.fetcher: Rejected sportsbook row [mlb]: away='Angels Rodriguez (R)' home='Twins Matthews (R)' reason=unresolved_team_or_same_team scores=(0.540, 0.500)
2026-07-10 12:35:55,919 [WARNING] app.services.fetcher: Rejected sportsbook row [mlb]: away='Braves Sale (L)' home='Cardinals Leahy (R)' reason=unresolved_team_or_same_team scores=(0.500, 0.514)
2026-07-10 12:35:55,926 [WARNING] app.services.fetcher: Rejected sportsbook row [mlb]: away='Blue Jays Bieber (R)' home='Padres Sears (L)' reason=unresolved_team_or_same_team scores=(0.667, 0.444)
2026-07-10 12:35:55,930 [WARNING] app.services.fetcher: Rejected sportsbook row [mlb]: away='Diamondbacks Rodriguez (L)' home='Dodgers' reason=unresolved_team_or_same_team scores=(0.545, 1.000)
2026-07-10 12:35:55,935 [WARNING] app.services.fetcher: Rejected sportsbook row [mlb]: away='Rockies Gordon (R)' home='Giants Ray (L)' reason=unresolved_team_or_same_team scores=(0.500, 0.467)
2026-07-10 12:35:56,140 [INFO] httpx: HTTP Request: GET https://gamma-api.polymarket.com/events?series_id=3&active=true&closed=false&limit=200 "HTTP/1.1 200 OK"
2026-07-10 12:35:56,263 [INFO] httpx: HTTP Request: GET https://api.elections.kalshi.com/trade-api/v2/markets?series_ticker=KXMLBGAME&status=open&limit=200 "HTTP/1.1 200 OK"
2026-07-10 12:35:57,835 [INFO] httpx: HTTP Request: GET https://api.elections.kalshi.com/trade-api/v2/markets?series_ticker=KXNFLGAME&status=open&limit=200 "HTTP/1.1 200 OK"
2026-07-10 12:35:57,902 [INFO] httpx: HTTP Request: GET https://gamma-api.polymarket.com/events?series_id=10187&active=true&closed=false&limit=200 "HTTP/1.1 200 OK"
2026-07-10 12:36:09,222 [INFO] httpx: HTTP Request: GET https://gamma-api.polymarket.com/events?series_id=10346&active=true&closed=false&limit=200 "HTTP/1.1 200 OK"
2026-07-10 12:36:09,258 [INFO] httpx: HTTP Request: GET https://api.elections.kalshi.com/trade-api/v2/markets?series_ticker=KXNHLGAME&status=open&limit=200 "HTTP/1.1 200 OK"
2026-07-10 12:36:11,237 [INFO] httpx: HTTP Request: GET https://gamma-api.polymarket.com/events?series_id=10345&active=true&closed=false&limit=200 "HTTP/1.1 200 OK"
2026-07-10 12:36:11,270 [INFO] httpx: HTTP Request: GET https://api.elections.kalshi.com/trade-api/v2/markets?series_ticker=KXNBAGAME&status=open&limit=200 "HTTP/1.1 200 OK"
2026-07-10 12:36:23,575 [INFO] httpx: HTTP Request: GET https://api.elections.kalshi.com/trade-api/v2/markets?series_ticker=KXNCAAFGAME&status=open&limit=200 "HTTP/1.1 200 OK"
2026-07-10 12:36:23,640 [INFO] httpx: HTTP Request: GET https://gamma-api.polymarket.com/events?series_id=10210&active=true&closed=false&limit=200 "HTTP/1.1 200 OK"
2026-07-10 12:36:24,502 [INFO] httpx: HTTP Request: GET https://api.elections.kalshi.com/trade-api/v2/markets?series_ticker=KXNCAABGAME&status=open&limit=200 "HTTP/1.1 200 OK"
2026-07-10 12:36:24,589 [INFO] httpx: HTTP Request: GET https://gamma-api.polymarket.com/events?series_id=39&active=true&closed=false&limit=200 "HTTP/1.1 200 OK"
2026-07-10 12:36:35,509 [WARNING] app.services.fetcher: Rejected sportsbook row [mlb]: away='Brewers Sproat (R)' home='Pirates Ashcraft (R)' reason=unresolved_team_or_same_team scores=(0.500, 0.500)
2026-07-10 12:36:35,513 [WARNING] app.services.fetcher: Rejected sportsbook row [mlb]: away='Phillies Nola (R)' home='Tigers Flaherty (R)' reason=unresolved_team_or_same_team scores=(0.500, 0.500)
2026-07-10 12:36:35,520 [WARNING] app.services.fetcher: Rejected sportsbook row [mlb]: away='Yankees Weathers (L)' home='Nationals Palmquist (L)' reason=unresolved_team_or_same_team scores=(0.514, 0.500)
2026-07-10 12:36:35,526 [WARNING] app.services.fetcher: Rejected sportsbook row [mlb]: away='Royals Avila (R)' home='Orioles Young (R)' reason=unresolved_team_or_same_team scores=(0.424, 0.500)
2026-07-10 12:36:35,530 [WARNING] app.services.fetcher: Rejected sportsbook row [mlb]: away='Cubs Imanaga (L)' home='Reds Greene (R)' reason=unresolved_team_or_same_team scores=(0.500, 0.500)
2026-07-10 12:36:35,558 [WARNING] app.services.fetcher: Rejected sportsbook row [mlb]: away='Mariners Castillo (R)' home='Rays Martinez (R)' reason=unresolved_team_or_same_team scores=(0.500, 0.581)
2026-07-10 12:36:35,567 [WARNING] app.services.fetcher: Rejected sportsbook row [mlb]: away='Guardians Messick (L)' home='Marlins Alcantara (R)' reason=unresolved_team_or_same_team scores=(0.500, 0.500)
2026-07-10 12:36:35,575 [WARNING] app.services.fetcher: Rejected sportsbook row [mlb]: away='Red Sox Gray (R)' home='Mets Mc Lean (R)' reason=unresolved_team_or_same_team scores=(0.667, 0.444)
2026-07-10 12:36:35,581 [WARNING] app.services.fetcher: Rejected sportsbook row [mlb]: away='Athletics Lopez (L)' home='White Sox Burke (R)' reason=unresolved_team_or_same_team scores=(0.529, 0.667)
2026-07-10 12:36:35,587 [WARNING] app.services.fetcher: Rejected sportsbook row [mlb]: away='Astros Brown (R)' home='Rangers Quantrill (R)' reason=unresolved_team_or_same_team scores=(0.500, 0.500)
2026-07-10 12:36:35,593 [WARNING] app.services.fetcher: Rejected sportsbook row [mlb]: away='Angels Rodriguez (R)' home='Twins Matthews (R)' reason=unresolved_team_or_same_team scores=(0.540, 0.500)
2026-07-10 12:36:35,605 [WARNING] app.services.fetcher: Rejected sportsbook row [mlb]: away='Braves Sale (L)' home='Cardinals Leahy (R)' reason=unresolved_team_or_same_team scores=(0.500, 0.514)
2026-07-10 12:36:35,611 [WARNING] app.services.fetcher: Rejected sportsbook row [mlb]: away='Blue Jays Bieber (R)' home='Padres Sears (L)' reason=unresolved_team_or_same_team scores=(0.667, 0.444)
2026-07-10 12:36:35,616 [WARNING] app.services.fetcher: Rejected sportsbook row [mlb]: away='Diamondbacks Rodriguez (L)' home='Dodgers' reason=unresolved_team_or_same_team scores=(0.545, 1.000)
2026-07-10 12:36:35,624 [WARNING] app.services.fetcher: Rejected sportsbook row [mlb]: away='Rockies Gordon (R)' home='Giants Ray (L)' reason=unresolved_team_or_same_team scores=(0.500, 0.467)
2026-07-10 12:36:35,631 [WARNING] app.services.fetcher: Rejected sportsbook row [mlb]: away='Brewers Sproat (R)' home='Pirates Ashcraft (R)' reason=unresolved_team_or_same_team scores=(0.500, 0.500)
2026-07-10 12:36:35,636 [WARNING] app.services.fetcher: Rejected sportsbook row [mlb]: away='Phillies Nola (R)' home='Tigers Flaherty (R)' reason=unresolved_team_or_same_team scores=(0.500, 0.500)
2026-07-10 12:36:35,653 [WARNING] app.services.fetcher: Rejected sportsbook row [mlb]: away='Yankees Weathers (L)' home='Nationals Palmquist (L)' reason=unresolved_team_or_same_team scores=(0.514, 0.500)
2026-07-10 12:36:35,658 [WARNING] app.services.fetcher: Rejected sportsbook row [mlb]: away='Royals Avila (R)' home='Orioles Young (R)' reason=unresolved_team_or_same_team scores=(0.424, 0.500)
2026-07-10 12:36:35,663 [WARNING] app.services.fetcher: Rejected sportsbook row [mlb]: away='Cubs Imanaga (L)' home='Reds Greene (R)' reason=unresolved_team_or_same_team scores=(0.500, 0.500)
2026-07-10 12:36:35,668 [WARNING] app.services.fetcher: Rejected sportsbook row [mlb]: away='Mariners Castillo (R)' home='Rays Martinez (R)' reason=unresolved_team_or_same_team scores=(0.500, 0.581)
2026-07-10 12:36:35,674 [WARNING] app.services.fetcher: Rejected sportsbook row [mlb]: away='Guardians Messick (L)' home='Marlins Alcantara (R)' reason=unresolved_team_or_same_team scores=(0.500, 0.500)
2026-07-10 12:36:35,678 [WARNING] app.services.fetcher: Rejected sportsbook row [mlb]: away='Red Sox Gray (R)' home='Mets Mc Lean (R)' reason=unresolved_team_or_same_team scores=(0.667, 0.444)
2026-07-10 12:36:35,686 [WARNING] app.services.fetcher: Rejected sportsbook row [mlb]: away='Athletics Lopez (L)' home='White Sox Burke (R)' reason=unresolved_team_or_same_team scores=(0.529, 0.667)
2026-07-10 12:36:35,699 [WARNING] app.services.fetcher: Rejected sportsbook row [mlb]: away='Astros Brown (R)' home='Rangers Quantrill (R)' reason=unresolved_team_or_same_team scores=(0.500, 0.500)
2026-07-10 12:36:35,704 [WARNING] app.services.fetcher: Rejected sportsbook row [mlb]: away='Angels Rodriguez (R)' home='Twins Matthews (R)' reason=unresolved_team_or_same_team scores=(0.540, 0.500)
2026-07-10 12:36:35,708 [WARNING] app.services.fetcher: Rejected sportsbook row [mlb]: away='Braves Sale (L)' home='Cardinals Leahy (R)' reason=unresolved_team_or_same_team scores=(0.500, 0.514)
2026-07-10 12:36:35,713 [WARNING] app.services.fetcher: Rejected sportsbook row [mlb]: away='Blue Jays Bieber (R)' home='Padres Sears (L)' reason=unresolved_team_or_same_team scores=(0.667, 0.444)
2026-07-10 12:36:35,718 [WARNING] app.services.fetcher: Rejected sportsbook row [mlb]: away='Diamondbacks Rodriguez (L)' home='Dodgers' reason=unresolved_team_or_same_team scores=(0.545, 1.000)
2026-07-10 12:36:35,723 [WARNING] app.services.fetcher: Rejected sportsbook row [mlb]: away='Rockies Gordon (R)' home='Giants Ray (L)' reason=unresolved_team_or_same_team scores=(0.500, 0.467)
2026-07-10 12:36:35,728 [WARNING] app.services.fetcher: Rejected sportsbook row [mlb]: away='Brewers Sproat (R)' home='Pirates Ashcraft (R)' reason=unresolved_team_or_same_team scores=(0.500, 0.500)
2026-07-10 12:36:35,733 [WARNING] app.services.fetcher: Rejected sportsbook row [mlb]: away='Phillies Nola (R)' home='Tigers Flaherty (R)' reason=unresolved_team_or_same_team scores=(0.500, 0.500)
2026-07-10 12:36:35,737 [WARNING] app.services.fetcher: Rejected sportsbook row [mlb]: away='Yankees Weathers (L)' home='Nationals Palmquist (L)' reason=unresolved_team_or_same_team scores=(0.514, 0.500)
2026-07-10 12:36:35,740 [WARNING] app.services.fetcher: Rejected sportsbook row [mlb]: away='Royals Avila (R)' home='Orioles Young (R)' reason=unresolved_team_or_same_team scores=(0.424, 0.500)
2026-07-10 12:36:35,743 [WARNING] app.services.fetcher: Rejected sportsbook row [mlb]: away='Cubs Imanaga (L)' home='Reds Greene (R)' reason=unresolved_team_or_same_team scores=(0.500, 0.500)
2026-07-10 12:36:35,746 [WARNING] app.services.fetcher: Rejected sportsbook row [mlb]: away='Mariners Castillo (R)' home='Rays Martinez (R)' reason=unresolved_team_or_same_team scores=(0.500, 0.581)
2026-07-10 12:36:35,751 [WARNING] app.services.fetcher: Rejected sportsbook row [mlb]: away='Guardians Messick (L)' home='Marlins Alcantara (R)' reason=unresolved_team_or_same_team scores=(0.500, 0.500)
2026-07-10 12:36:35,754 [WARNING] app.services.fetcher: Rejected sportsbook row [mlb]: away='Red Sox Gray (R)' home='Mets Mc Lean (R)' reason=unresolved_team_or_same_team scores=(0.667, 0.444)
2026-07-10 12:36:35,757 [WARNING] app.services.fetcher: Rejected sportsbook row [mlb]: away='Athletics Lopez (L)' home='White Sox Burke (R)' reason=unresolved_team_or_same_team scores=(0.529, 0.667)
2026-07-10 12:36:35,761 [WARNING] app.services.fetcher: Rejected sportsbook row [mlb]: away='Astros Brown (R)' home='Rangers Quantrill (R)' reason=unresolved_team_or_same_team scores=(0.500, 0.500)
2026-07-10 12:36:35,764 [WARNING] app.services.fetcher: Rejected sportsbook row [mlb]: away='Angels Rodriguez (R)' home='Twins Matthews (R)' reason=unresolved_team_or_same_team scores=(0.540, 0.500)
2026-07-10 12:36:35,768 [WARNING] app.services.fetcher: Rejected sportsbook row [mlb]: away='Braves Sale (L)' home='Cardinals Leahy (R)' reason=unresolved_team_or_same_team scores=(0.500, 0.514)
2026-07-10 12:36:35,771 [WARNING] app.services.fetcher: Rejected sportsbook row [mlb]: away='Blue Jays Bieber (R)' home='Padres Sears (L)' reason=unresolved_team_or_same_team scores=(0.667, 0.444)
2026-07-10 12:36:35,773 [WARNING] app.services.fetcher: Rejected sportsbook row [mlb]: away='Diamondbacks Rodriguez (L)' home='Dodgers' reason=unresolved_team_or_same_team scores=(0.545, 1.000)
2026-07-10 12:36:35,776 [WARNING] app.services.fetcher: Rejected sportsbook row [mlb]: away='Rockies Gordon (R)' home='Giants Ray (L)' reason=unresolved_team_or_same_team scores=(0.500, 0.467)
2026-07-10 12:36:35,886 [INFO] httpx: HTTP Request: GET https://gamma-api.polymarket.com/events?series_id=3&active=true&closed=false&limit=200 "HTTP/1.1 200 OK"
2026-07-10 12:36:35,959 [INFO] httpx: HTTP Request: GET https://api.elections.kalshi.com/trade-api/v2/markets?series_ticker=KXMLBGAME&status=open&limit=200 "HTTP/1.1 200 OK"
2026-07-10 12:36:38,226 [INFO] httpx: HTTP Request: GET https://api.elections.kalshi.com/trade-api/v2/markets?series_ticker=KXNFLGAME&status=open&limit=200 "HTTP/1.1 200 OK"
2026-07-10 12:36:38,270 [INFO] httpx: HTTP Request: GET https://gamma-api.polymarket.com/events?series_id=10187&active=true&closed=false&limit=200 "HTTP/1.1 200 OK"
2026-07-10 12:36:47,287 [INFO] httpx: HTTP Request: GET https://gamma-api.polymarket.com/events?series_id=10346&active=true&closed=false&limit=200 "HTTP/1.1 200 OK"
2026-07-10 12:36:47,350 [INFO] httpx: HTTP Request: GET https://api.elections.kalshi.com/trade-api/v2/markets?series_ticker=KXNHLGAME&status=open&limit=200 "HTTP/1.1 200 OK"
2026-07-10 12:36:47,560 [INFO] httpx: HTTP Request: GET https://gamma-api.polymarket.com/events?series_id=10345&active=true&closed=false&limit=200 "HTTP/1.1 200 OK"
2026-07-10 12:36:47,580 [INFO] httpx: HTTP Request: GET https://api.elections.kalshi.com/trade-api/v2/markets?series_ticker=KXNBAGAME&status=open&limit=200 "HTTP/1.1 200 OK"
2026-07-10 12:36:58,920 [INFO] httpx: HTTP Request: GET https://gamma-api.polymarket.com/events?series_id=39&active=true&closed=false&limit=200 "HTTP/1.1 200 OK"
2026-07-10 12:36:59,061 [INFO] httpx: HTTP Request: GET https://api.elections.kalshi.com/trade-api/v2/markets?series_ticker=KXNCAABGAME&status=open&limit=200 "HTTP/1.1 200 OK"
2026-07-10 12:36:59,953 [INFO] httpx: HTTP Request: GET https://gamma-api.polymarket.com/events?series_id=10210&active=true&closed=false&limit=200 "HTTP/1.1 200 OK"
2026-07-10 12:36:59,961 [INFO] httpx: HTTP Request: GET https://api.elections.kalshi.com/trade-api/v2/markets?series_ticker=KXNCAAFGAME&status=open&limit=200 "HTTP/1.1 200 OK"
2026-07-10 12:37:14,593 [WARNING] app.services.fetcher: Rejected sportsbook row [mlb]: away='Brewers Sproat (R)' home='Pirates Ashcraft (R)' reason=unresolved_team_or_same_team scores=(0.500, 0.500)
2026-07-10 12:37:14,600 [WARNING] app.services.fetcher: Rejected sportsbook row [mlb]: away='Phillies Nola (R)' home='Tigers Flaherty (R)' reason=unresolved_team_or_same_team scores=(0.500, 0.500)
2026-07-10 12:37:14,607 [WARNING] app.services.fetcher: Rejected sportsbook row [mlb]: away='Yankees Weathers (L)' home='Nationals Palmquist (L)' reason=unresolved_team_or_same_team scores=(0.514, 0.500)
2026-07-10 12:37:14,613 [WARNING] app.services.fetcher: Rejected sportsbook row [mlb]: away='Royals Avila (R)' home='Orioles Young (R)' reason=unresolved_team_or_same_team scores=(0.424, 0.500)
2026-07-10 12:37:14,619 [WARNING] app.services.fetcher: Rejected sportsbook row [mlb]: away='Cubs Imanaga (L)' home='Reds Greene (R)' reason=unresolved_team_or_same_team scores=(0.500, 0.500)
2026-07-10 12:37:14,625 [WARNING] app.services.fetcher: Rejected sportsbook row [mlb]: away='Mariners Castillo (R)' home='Rays Martinez (R)' reason=unresolved_team_or_same_team scores=(0.500, 0.581)
2026-07-10 12:37:14,631 [WARNING] app.services.fetcher: Rejected sportsbook row [mlb]: away='Guardians Messick (L)' home='Marlins Alcantara (R)' reason=unresolved_team_or_same_team scores=(0.500, 0.500)
2026-07-10 12:37:14,637 [WARNING] app.services.fetcher: Rejected sportsbook row [mlb]: away='Red Sox Gray (R)' home='Mets Mc Lean (R)' reason=unresolved_team_or_same_team scores=(0.667, 0.444)
2026-07-10 12:37:14,642 [WARNING] app.services.fetcher: Rejected sportsbook row [mlb]: away='Athletics Lopez (L)' home='White Sox Burke (R)' reason=unresolved_team_or_same_team scores=(0.529, 0.667)
2026-07-10 12:37:14,648 [WARNING] app.services.fetcher: Rejected sportsbook row [mlb]: away='Astros Brown (R)' home='Rangers Quantrill (R)' reason=unresolved_team_or_same_team scores=(0.500, 0.500)
2026-07-10 12:37:14,653 [WARNING] app.services.fetcher: Rejected sportsbook row [mlb]: away='Angels Rodriguez (R)' home='Twins Matthews (R)' reason=unresolved_team_or_same_team scores=(0.540, 0.500)
2026-07-10 12:37:14,658 [WARNING] app.services.fetcher: Rejected sportsbook row [mlb]: away='Braves Sale (L)' home='Cardinals Leahy (R)' reason=unresolved_team_or_same_team scores=(0.500, 0.514)
2026-07-10 12:37:14,664 [WARNING] app.services.fetcher: Rejected sportsbook row [mlb]: away='Blue Jays Bieber (R)' home='Padres Sears (L)' reason=unresolved_team_or_same_team scores=(0.667, 0.444)
2026-07-10 12:37:14,669 [WARNING] app.services.fetcher: Rejected sportsbook row [mlb]: away='Diamondbacks Rodriguez (L)' home='Dodgers' reason=unresolved_team_or_same_team scores=(0.545, 1.000)
2026-07-10 12:37:14,674 [WARNING] app.services.fetcher: Rejected sportsbook row [mlb]: away='Rockies Gordon (R)' home='Giants Ray (L)' reason=unresolved_team_or_same_team scores=(0.500, 0.467)
2026-07-10 12:37:14,681 [WARNING] app.services.fetcher: Rejected sportsbook row [mlb]: away='Brewers Sproat (R)' home='Pirates Ashcraft (R)' reason=unresolved_team_or_same_team scores=(0.500, 0.500)
2026-07-10 12:37:14,685 [WARNING] app.services.fetcher: Rejected sportsbook row [mlb]: away='Phillies Nola (R)' home='Tigers Flaherty (R)' reason=unresolved_team_or_same_team scores=(0.500, 0.500)
2026-07-10 12:37:14,689 [WARNING] app.services.fetcher: Rejected sportsbook row [mlb]: away='Yankees Weathers (L)' home='Nationals Palmquist (L)' reason=unresolved_team_or_same_team scores=(0.514, 0.500)
2026-07-10 12:37:14,693 [WARNING] app.services.fetcher: Rejected sportsbook row [mlb]: away='Royals Avila (R)' home='Orioles Young (R)' reason=unresolved_team_or_same_team scores=(0.424, 0.500)
2026-07-10 12:37:14,699 [WARNING] app.services.fetcher: Rejected sportsbook row [mlb]: away='Cubs Imanaga (L)' home='Reds Greene (R)' reason=unresolved_team_or_same_team scores=(0.500, 0.500)
2026-07-10 12:37:14,706 [WARNING] app.services.fetcher: Rejected sportsbook row [mlb]: away='Mariners Castillo (R)' home='Rays Martinez (R)' reason=unresolved_team_or_same_team scores=(0.500, 0.581)
2026-07-10 12:37:14,714 [WARNING] app.services.fetcher: Rejected sportsbook row [mlb]: away='Guardians Messick (L)' home='Marlins Alcantara (R)' reason=unresolved_team_or_same_team scores=(0.500, 0.500)
2026-07-10 12:37:14,720 [WARNING] app.services.fetcher: Rejected sportsbook row [mlb]: away='Red Sox Gray (R)' home='Mets Mc Lean (R)' reason=unresolved_team_or_same_team scores=(0.667, 0.444)
2026-07-10 12:37:14,724 [WARNING] app.services.fetcher: Rejected sportsbook row [mlb]: away='Athletics Lopez (L)' home='White Sox Burke (R)' reason=unresolved_team_or_same_team scores=(0.529, 0.667)
2026-07-10 12:37:14,729 [WARNING] app.services.fetcher: Rejected sportsbook row [mlb]: away='Astros Brown (R)' home='Rangers Quantrill (R)' reason=unresolved_team_or_same_team scores=(0.500, 0.500)
2026-07-10 12:37:14,734 [WARNING] app.services.fetcher: Rejected sportsbook row [mlb]: away='Angels Rodriguez (R)' home='Twins Matthews (R)' reason=unresolved_team_or_same_team scores=(0.540, 0.500)
2026-07-10 12:37:14,738 [WARNING] app.services.fetcher: Rejected sportsbook row [mlb]: away='Braves Sale (L)' home='Cardinals Leahy (R)' reason=unresolved_team_or_same_team scores=(0.500, 0.514)
2026-07-10 12:37:14,743 [WARNING] app.services.fetcher: Rejected sportsbook row [mlb]: away='Blue Jays Bieber (R)' home='Padres Sears (L)' reason=unresolved_team_or_same_team scores=(0.667, 0.444)
2026-07-10 12:37:14,750 [WARNING] app.services.fetcher: Rejected sportsbook row [mlb]: away='Diamondbacks Rodriguez (L)' home='Dodgers' reason=unresolved_team_or_same_team scores=(0.545, 1.000)
2026-07-10 12:37:14,757 [WARNING] app.services.fetcher: Rejected sportsbook row [mlb]: away='Rockies Gordon (R)' home='Giants Ray (L)' reason=unresolved_team_or_same_team scores=(0.500, 0.467)
2026-07-10 12:37:14,763 [WARNING] app.services.fetcher: Rejected sportsbook row [mlb]: away='Brewers Sproat (R)' home='Pirates Ashcraft (R)' reason=unresolved_team_or_same_team scores=(0.500, 0.500)
2026-07-10 12:37:14,769 [WARNING] app.services.fetcher: Rejected sportsbook row [mlb]: away='Phillies Nola (R)' home='Tigers Flaherty (R)' reason=unresolved_team_or_same_team scores=(0.500, 0.500)
2026-07-10 12:37:14,774 [WARNING] app.services.fetcher: Rejected sportsbook row [mlb]: away='Yankees Weathers (L)' home='Nationals Palmquist (L)' reason=unresolved_team_or_same_team scores=(0.514, 0.500)
2026-07-10 12:37:14,778 [WARNING] app.services.fetcher: Rejected sportsbook row [mlb]: away='Royals Avila (R)' home='Orioles Young (R)' reason=unresolved_team_or_same_team scores=(0.424, 0.500)
2026-07-10 12:37:14,784 [WARNING] app.services.fetcher: Rejected sportsbook row [mlb]: away='Cubs Imanaga (L)' home='Reds Greene (R)' reason=unresolved_team_or_same_team scores=(0.500, 0.500)
2026-07-10 12:37:14,790 [WARNING] app.services.fetcher: Rejected sportsbook row [mlb]: away='Mariners Castillo (R)' home='Rays Martinez (R)' reason=unresolved_team_or_same_team scores=(0.500, 0.581)
2026-07-10 12:37:14,794 [WARNING] app.services.fetcher: Rejected sportsbook row [mlb]: away='Guardians Messick (L)' home='Marlins Alcantara (R)' reason=unresolved_team_or_same_team scores=(0.500, 0.500)
2026-07-10 12:37:14,798 [WARNING] app.services.fetcher: Rejected sportsbook row [mlb]: away='Red Sox Gray (R)' home='Mets Mc Lean (R)' reason=unresolved_team_or_same_team scores=(0.667, 0.444)
2026-07-10 12:37:14,802 [WARNING] app.services.fetcher: Rejected sportsbook row [mlb]: away='Athletics Lopez (L)' home='White Sox Burke (R)' reason=unresolved_team_or_same_team scores=(0.529, 0.667)
2026-07-10 12:37:14,806 [WARNING] app.services.fetcher: Rejected sportsbook row [mlb]: away='Astros Brown (R)' home='Rangers Quantrill (R)' reason=unresolved_team_or_same_team scores=(0.500, 0.500)
2026-07-10 12:37:14,811 [WARNING] app.services.fetcher: Rejected sportsbook row [mlb]: away='Angels Rodriguez (R)' home='Twins Matthews (R)' reason=unresolved_team_or_same_team scores=(0.540, 0.500)
2026-07-10 12:37:14,818 [WARNING] app.services.fetcher: Rejected sportsbook row [mlb]: away='Braves Sale (L)' home='Cardinals Leahy (R)' reason=unresolved_team_or_same_team scores=(0.500, 0.514)
2026-07-10 12:37:14,824 [WARNING] app.services.fetcher: Rejected sportsbook row [mlb]: away='Blue Jays Bieber (R)' home='Padres Sears (L)' reason=unresolved_team_or_same_team scores=(0.667, 0.444)
2026-07-10 12:37:14,829 [WARNING] app.services.fetcher: Rejected sportsbook row [mlb]: away='Diamondbacks Rodriguez (L)' home='Dodgers' reason=unresolved_team_or_same_team scores=(0.545, 1.000)
2026-07-10 12:37:14,835 [WARNING] app.services.fetcher: Rejected sportsbook row [mlb]: away='Rockies Gordon (R)' home='Giants Ray (L)' reason=unresolved_team_or_same_team scores=(0.500, 0.467)
2026-07-10 12:37:14,992 [INFO] httpx: HTTP Request: GET https://api.elections.kalshi.com/trade-api/v2/markets?series_ticker=KXMLBGAME&status=open&limit=200 "HTTP/1.1 200 OK"
2026-07-10 12:37:15,039 [INFO] httpx: HTTP Request: GET https://gamma-api.polymarket.com/events?series_id=3&active=true&closed=false&limit=200 "HTTP/1.1 200 OK"
2026-07-10 12:37:16,496 [INFO] httpx: HTTP Request: GET https://gamma-api.polymarket.com/events?series_id=10187&active=true&closed=false&limit=200 "HTTP/1.1 200 OK"
2026-07-10 12:37:16,503 [INFO] httpx: HTTP Request: GET https://api.elections.kalshi.com/trade-api/v2/markets?series_ticker=KXNFLGAME&status=open&limit=200 "HTTP/1.1 200 OK"
2026-07-10 12:37:27,691 [INFO] httpx: HTTP Request: GET https://api.elections.kalshi.com/trade-api/v2/markets?series_ticker=KXNBAGAME&status=open&limit=200 "HTTP/1.1 200 OK"
2026-07-10 12:37:27,730 [INFO] httpx: HTTP Request: GET https://gamma-api.polymarket.com/events?series_id=10345&active=true&closed=false&limit=200 "HTTP/1.1 200 OK"
2026-07-10 12:37:27,896 [INFO] httpx: HTTP Request: GET https://gamma-api.polymarket.com/events?series_id=10346&active=true&closed=false&limit=200 "HTTP/1.1 200 OK"
2026-07-10 12:37:27,918 [INFO] httpx: HTTP Request: GET https://api.elections.kalshi.com/trade-api/v2/markets?series_ticker=KXNHLGAME&status=open&limit=200 "HTTP/1.1 200 OK"
2026-07-10 12:37:41,413 [INFO] httpx: HTTP Request: GET https://gamma-api.polymarket.com/events?series_id=39&active=true&closed=false&limit=200 "HTTP/1.1 200 OK"
2026-07-10 12:37:41,492 [INFO] httpx: HTTP Request: GET https://api.elections.kalshi.com/trade-api/v2/markets?series_ticker=KXNCAABGAME&status=open&limit=200 "HTTP/1.1 200 OK"
2026-07-10 12:37:47,225 [INFO] httpx: HTTP Request: GET https://gamma-api.polymarket.com/events?series_id=10210&active=true&closed=false&limit=200 "HTTP/1.1 200 OK"
2026-07-10 12:37:47,288 [INFO] httpx: HTTP Request: GET https://api.elections.kalshi.com/trade-api/v2/markets?series_ticker=KXNCAAFGAME&status=open&limit=200 "HTTP/1.1 200 OK"
2026-07-10 12:38:17,979 [WARNING] app.services.fetcher: Rejected sportsbook row [mlb]: away='Brewers Sproat (R)' home='Pirates Ashcraft (R)' reason=unresolved_team_or_same_team scores=(0.500, 0.500)
2026-07-10 12:38:17,988 [WARNING] app.services.fetcher: Rejected sportsbook row [mlb]: away='Phillies Nola (R)' home='Tigers Flaherty (R)' reason=unresolved_team_or_same_team scores=(0.500, 0.500)
2026-07-10 12:38:17,999 [WARNING] app.services.fetcher: Rejected sportsbook row [mlb]: away='Yankees Weathers (L)' home='Nationals Palmquist (L)' reason=unresolved_team_or_same_team scores=(0.514, 0.500)
2026-07-10 12:38:18,011 [WARNING] app.services.fetcher: Rejected sportsbook row [mlb]: away='Royals Avila (R)' home='Orioles Young (R)' reason=unresolved_team_or_same_team scores=(0.424, 0.500)
2026-07-10 12:38:18,021 [WARNING] app.services.fetcher: Rejected sportsbook row [mlb]: away='Cubs Imanaga (L)' home='Reds Greene (R)' reason=unresolved_team_or_same_team scores=(0.500, 0.500)
2026-07-10 12:38:18,032 [WARNING] app.services.fetcher: Rejected sportsbook row [mlb]: away='Mariners Castillo (R)' home='Rays Martinez (R)' reason=unresolved_team_or_same_team scores=(0.500, 0.581)
2026-07-10 12:38:18,046 [WARNING] app.services.fetcher: Rejected sportsbook row [mlb]: away='Guardians Messick (L)' home='Marlins Alcantara (R)' reason=unresolved_team_or_same_team scores=(0.500, 0.500)
2026-07-10 12:38:18,054 [WARNING] app.services.fetcher: Rejected sportsbook row [mlb]: away='Red Sox Gray (R)' home='Mets Mc Lean (R)' reason=unresolved_team_or_same_team scores=(0.667, 0.444)
2026-07-10 12:38:18,066 [WARNING] app.services.fetcher: Rejected sportsbook row [mlb]: away='Athletics Lopez (L)' home='White Sox Burke (R)' reason=unresolved_team_or_same_team scores=(0.529, 0.667)
2026-07-10 12:38:18,077 [WARNING] app.services.fetcher: Rejected sportsbook row [mlb]: away='Astros Brown (R)' home='Rangers Quantrill (R)' reason=unresolved_team_or_same_team scores=(0.500, 0.500)
2026-07-10 12:38:18,089 [WARNING] app.services.fetcher: Rejected sportsbook row [mlb]: away='Angels Rodriguez (R)' home='Twins Matthews (R)' reason=unresolved_team_or_same_team scores=(0.540, 0.500)
2026-07-10 12:38:18,098 [WARNING] app.services.fetcher: Rejected sportsbook row [mlb]: away='Braves Sale (L)' home='Cardinals Leahy (R)' reason=unresolved_team_or_same_team scores=(0.500, 0.514)
2026-07-10 12:38:18,111 [WARNING] app.services.fetcher: Rejected sportsbook row [mlb]: away='Blue Jays Bieber (R)' home='Padres Sears (L)' reason=unresolved_team_or_same_team scores=(0.667, 0.444)
2026-07-10 12:38:18,118 [WARNING] app.services.fetcher: Rejected sportsbook row [mlb]: away='Diamondbacks Rodriguez (L)' home='Dodgers' reason=unresolved_team_or_same_team scores=(0.545, 1.000)
2026-07-10 12:38:18,132 [WARNING] app.services.fetcher: Rejected sportsbook row [mlb]: away='Rockies Gordon (R)' home='Giants Ray (L)' reason=unresolved_team_or_same_team scores=(0.500, 0.467)
2026-07-10 12:38:18,144 [WARNING] app.services.fetcher: Rejected sportsbook row [mlb]: away='Brewers Sproat (R)' home='Pirates Ashcraft (R)' reason=unresolved_team_or_same_team scores=(0.500, 0.500)
2026-07-10 12:38:18,150 [WARNING] app.services.fetcher: Rejected sportsbook row [mlb]: away='Phillies Nola (R)' home='Tigers Flaherty (R)' reason=unresolved_team_or_same_team scores=(0.500, 0.500)
2026-07-10 12:38:18,166 [WARNING] app.services.fetcher: Rejected sportsbook row [mlb]: away='Yankees Weathers (L)' home='Nationals Palmquist (L)' reason=unresolved_team_or_same_team scores=(0.514, 0.500)
2026-07-10 12:38:18,177 [WARNING] app.services.fetcher: Rejected sportsbook row [mlb]: away='Royals Avila (R)' home='Orioles Young (R)' reason=unresolved_team_or_same_team scores=(0.424, 0.500)
2026-07-10 12:38:18,187 [WARNING] app.services.fetcher: Rejected sportsbook row [mlb]: away='Cubs Imanaga (L)' home='Reds Greene (R)' reason=unresolved_team_or_same_team scores=(0.500, 0.500)
2026-07-10 12:38:18,197 [WARNING] app.services.fetcher: Rejected sportsbook row [mlb]: away='Mariners Castillo (R)' home='Rays Martinez (R)' reason=unresolved_team_or_same_team scores=(0.500, 0.581)
2026-07-10 12:38:18,206 [WARNING] app.services.fetcher: Rejected sportsbook row [mlb]: away='Guardians Messick (L)' home='Marlins Alcantara (R)' reason=unresolved_team_or_same_team scores=(0.500, 0.500)
2026-07-10 12:38:18,214 [WARNING] app.services.fetcher: Rejected sportsbook row [mlb]: away='Red Sox Gray (R)' home='Mets Mc Lean (R)' reason=unresolved_team_or_same_team scores=(0.667, 0.444)
2026-07-10 12:38:18,221 [WARNING] app.services.fetcher: Rejected sportsbook row [mlb]: away='Athletics Lopez (L)' home='White Sox Burke (R)' reason=unresolved_team_or_same_team scores=(0.529, 0.667)
2026-07-10 12:38:18,229 [WARNING] app.services.fetcher: Rejected sportsbook row [mlb]: away='Astros Brown (R)' home='Rangers Quantrill (R)' reason=unresolved_team_or_same_team scores=(0.500, 0.500)
2026-07-10 12:38:18,236 [WARNING] app.services.fetcher: Rejected sportsbook row [mlb]: away='Angels Rodriguez (R)' home='Twins Matthews (R)' reason=unresolved_team_or_same_team scores=(0.540, 0.500)
2026-07-10 12:38:18,254 [WARNING] app.services.fetcher: Rejected sportsbook row [mlb]: away='Braves Sale (L)' home='Cardinals Leahy (R)' reason=unresolved_team_or_same_team scores=(0.500, 0.514)
2026-07-10 12:38:18,271 [WARNING] app.services.fetcher: Rejected sportsbook row [mlb]: away='Blue Jays Bieber (R)' home='Padres Sears (L)' reason=unresolved_team_or_same_team scores=(0.667, 0.444)
2026-07-10 12:38:18,279 [WARNING] app.services.fetcher: Rejected sportsbook row [mlb]: away='Diamondbacks Rodriguez (L)' home='Dodgers' reason=unresolved_team_or_same_team scores=(0.545, 1.000)
2026-07-10 12:38:18,298 [WARNING] app.services.fetcher: Rejected sportsbook row [mlb]: away='Rockies Gordon (R)' home='Giants Ray (L)' reason=unresolved_team_or_same_team scores=(0.500, 0.467)
2026-07-10 12:38:18,318 [WARNING] app.services.fetcher: Rejected sportsbook row [mlb]: away='Brewers Sproat (R)' home='Pirates Ashcraft (R)' reason=unresolved_team_or_same_team scores=(0.500, 0.500)
2026-07-10 12:38:18,338 [WARNING] app.services.fetcher: Rejected sportsbook row [mlb]: away='Phillies Nola (R)' home='Tigers Flaherty (R)' reason=unresolved_team_or_same_team scores=(0.500, 0.500)
2026-07-10 12:38:18,357 [WARNING] app.services.fetcher: Rejected sportsbook row [mlb]: away='Yankees Weathers (L)' home='Nationals Palmquist (L)' reason=unresolved_team_or_same_team scores=(0.514, 0.500)
2026-07-10 12:38:18,378 [WARNING] app.services.fetcher: Rejected sportsbook row [mlb]: away='Royals Avila (R)' home='Orioles Young (R)' reason=unresolved_team_or_same_team scores=(0.424, 0.500)
2026-07-10 12:38:18,389 [WARNING] app.services.fetcher: Rejected sportsbook row [mlb]: away='Cubs Imanaga (L)' home='Reds Greene (R)' reason=unresolved_team_or_same_team scores=(0.500, 0.500)
2026-07-10 12:38:18,399 [WARNING] app.services.fetcher: Rejected sportsbook row [mlb]: away='Mariners Castillo (R)' home='Rays Martinez (R)' reason=unresolved_team_or_same_team scores=(0.500, 0.581)
2026-07-10 12:38:18,413 [WARNING] app.services.fetcher: Rejected sportsbook row [mlb]: away='Guardians Messick (L)' home='Marlins Alcantara (R)' reason=unresolved_team_or_same_team scores=(0.500, 0.500)
2026-07-10 12:38:18,423 [WARNING] app.services.fetcher: Rejected sportsbook row [mlb]: away='Red Sox Gray (R)' home='Mets Mc Lean (R)' reason=unresolved_team_or_same_team scores=(0.667, 0.444)
2026-07-10 12:38:18,433 [WARNING] app.services.fetcher: Rejected sportsbook row [mlb]: away='Athletics Lopez (L)' home='White Sox Burke (R)' reason=unresolved_team_or_same_team scores=(0.529, 0.667)
2026-07-10 12:38:18,445 [WARNING] app.services.fetcher: Rejected sportsbook row [mlb]: away='Astros Brown (R)' home='Rangers Quantrill (R)' reason=unresolved_team_or_same_team scores=(0.500, 0.500)
2026-07-10 12:38:18,460 [WARNING] app.services.fetcher: Rejected sportsbook row [mlb]: away='Angels Rodriguez (R)' home='Twins Matthews (R)' reason=unresolved_team_or_same_team scores=(0.540, 0.500)
2026-07-10 12:38:18,475 [WARNING] app.services.fetcher: Rejected sportsbook row [mlb]: away='Braves Sale (L)' home='Cardinals Leahy (R)' reason=unresolved_team_or_same_team scores=(0.500, 0.514)
2026-07-10 12:38:18,492 [WARNING] app.services.fetcher: Rejected sportsbook row [mlb]: away='Blue Jays Bieber (R)' home='Padres Sears (L)' reason=unresolved_team_or_same_team scores=(0.667, 0.444)
2026-07-10 12:38:18,500 [WARNING] app.services.fetcher: Rejected sportsbook row [mlb]: away='Diamondbacks Rodriguez (L)' home='Dodgers' reason=unresolved_team_or_same_team scores=(0.545, 1.000)
2026-07-10 12:38:18,517 [WARNING] app.services.fetcher: Rejected sportsbook row [mlb]: away='Rockies Gordon (R)' home='Giants Ray (L)' reason=unresolved_team_or_same_team scores=(0.500, 0.467)
2026-07-10 12:38:18,744 [INFO] httpx: HTTP Request: GET https://gamma-api.polymarket.com/events?series_id=3&active=true&closed=false&limit=200 "HTTP/1.1 200 OK"
2026-07-10 12:38:18,823 [INFO] httpx: HTTP Request: GET https://api.elections.kalshi.com/trade-api/v2/markets?series_ticker=KXMLBGAME&status=open&limit=200 "HTTP/1.1 200 OK"
2026-07-10 12:38:26,873 [INFO] httpx: HTTP Request: GET https://gamma-api.polymarket.com/events?series_id=10187&active=true&closed=false&limit=200 "HTTP/1.1 200 OK"
2026-07-10 12:38:26,914 [INFO] httpx: HTTP Request: GET https://api.elections.kalshi.com/trade-api/v2/markets?series_ticker=KXNFLGAME&status=open&limit=200 "HTTP/1.1 200 OK"
2026-07-10 12:38:52,753 [INFO] httpx: HTTP Request: GET https://gamma-api.polymarket.com/events?series_id=10345&active=true&closed=false&limit=200 "HTTP/1.1 200 OK"
2026-07-10 12:38:52,791 [INFO] httpx: HTTP Request: GET https://api.elections.kalshi.com/trade-api/v2/markets?series_ticker=KXNBAGAME&status=open&limit=200 "HTTP/1.1 200 OK"
