2026-07-10 13:13:36,146 [INFO] app.services.fetcher: Venue authority loaded: 642 rows
2026-07-10 13:13:36,397 [INFO] httpx: HTTP Request: GET https://gamma-api.polymarket.com/events?series_id=3&active=true&closed=false&limit=200 "HTTP/1.1 200 OK"
2026-07-10 13:13:36,402 [INFO] httpx: HTTP Request: GET https://api.elections.kalshi.com/trade-api/v2/markets?series_ticker=KXMLBGAME&status=open&limit=200 "HTTP/1.1 200 OK"
2026-07-10 13:13:37,660 [INFO] httpx: HTTP Request: GET https://api.elections.kalshi.com/trade-api/v2/markets?series_ticker=KXNFLGAME&status=open&limit=200 "HTTP/1.1 200 OK"
2026-07-10 13:13:37,706 [INFO] httpx: HTTP Request: GET https://gamma-api.polymarket.com/events?series_id=10187&active=true&closed=false&limit=200 "HTTP/1.1 200 OK"
2026-07-10 13:13:46,295 [INFO] httpx: HTTP Request: GET https://api.elections.kalshi.com/trade-api/v2/markets?series_ticker=KXNHLGAME&status=open&limit=200 "HTTP/1.1 200 OK"
2026-07-10 13:13:46,302 [INFO] httpx: HTTP Request: GET https://gamma-api.polymarket.com/events?series_id=10346&active=true&closed=false&limit=200 "HTTP/1.1 200 OK"
2026-07-10 13:13:47,617 [INFO] httpx: HTTP Request: GET https://api.elections.kalshi.com/trade-api/v2/markets?series_ticker=KXNBAGAME&status=open&limit=200 "HTTP/1.1 200 OK"
2026-07-10 13:13:47,699 [INFO] httpx: HTTP Request: GET https://gamma-api.polymarket.com/events?series_id=10345&active=true&closed=false&limit=200 "HTTP/1.1 200 OK"
2026-07-10 13:13:57,440 [INFO] httpx: HTTP Request: GET https://gamma-api.polymarket.com/events?series_id=10210&active=true&closed=false&limit=200 "HTTP/1.1 200 OK"
2026-07-10 13:13:57,444 [INFO] httpx: HTTP Request: GET https://api.elections.kalshi.com/trade-api/v2/markets?series_ticker=KXNCAAFGAME&status=open&limit=200 "HTTP/1.1 200 OK"
2026-07-10 13:13:58,127 [INFO] httpx: HTTP Request: GET https://api.elections.kalshi.com/trade-api/v2/markets?series_ticker=KXNCAABGAME&status=open&limit=200 "HTTP/1.1 200 OK"
2026-07-10 13:13:58,206 [INFO] httpx: HTTP Request: GET https://gamma-api.polymarket.com/events?series_id=39&active=true&closed=false&limit=200 "HTTP/1.1 200 OK"
2026-07-10 13:16:09,821 [INFO] httpx: HTTP Request: GET https://gamma-api.polymarket.com/events?series_id=3&active=true&closed=false&limit=200 "HTTP/1.1 200 OK"
2026-07-10 13:16:09,885 [INFO] httpx: HTTP Request: GET https://api.elections.kalshi.com/trade-api/v2/markets?series_ticker=KXMLBGAME&status=open&limit=200 "HTTP/1.1 200 OK"
2026-07-10 13:16:11,052 [INFO] httpx: HTTP Request: GET https://gamma-api.polymarket.com/events?series_id=10187&active=true&closed=false&limit=200 "HTTP/1.1 200 OK"
2026-07-10 13:16:11,074 [INFO] httpx: HTTP Request: GET https://api.elections.kalshi.com/trade-api/v2/markets?series_ticker=KXNFLGAME&status=open&limit=200 "HTTP/1.1 200 OK"
2026-07-10 13:16:19,867 [INFO] httpx: HTTP Request: GET https://gamma-api.polymarket.com/events?series_id=10346&active=true&closed=false&limit=200 "HTTP/1.1 200 OK"
2026-07-10 13:16:19,982 [INFO] httpx: HTTP Request: GET https://api.elections.kalshi.com/trade-api/v2/markets?series_ticker=KXNHLGAME&status=open&limit=200 "HTTP/1.1 200 OK"
2026-07-10 13:16:21,130 [INFO] httpx: HTTP Request: GET https://gamma-api.polymarket.com/events?series_id=10345&active=true&closed=false&limit=200 "HTTP/1.1 200 OK"
2026-07-10 13:16:21,150 [INFO] httpx: HTTP Request: GET https://api.elections.kalshi.com/trade-api/v2/markets?series_ticker=KXNBAGAME&status=open&limit=200 "HTTP/1.1 200 OK"
2026-07-10 13:16:31,100 [INFO] httpx: HTTP Request: GET https://gamma-api.polymarket.com/events?series_id=10210&active=true&closed=false&limit=200 "HTTP/1.1 200 OK"
2026-07-10 13:16:31,106 [INFO] httpx: HTTP Request: GET https://api.elections.kalshi.com/trade-api/v2/markets?series_ticker=KXNCAAFGAME&status=open&limit=200 "HTTP/1.1 200 OK"
2026-07-10 13:16:31,375 [INFO] httpx: HTTP Request: GET https://api.elections.kalshi.com/trade-api/v2/markets?series_ticker=KXNCAABGAME&status=open&limit=200 "HTTP/1.1 200 OK"
2026-07-10 13:16:31,458 [INFO] httpx: HTTP Request: GET https://gamma-api.polymarket.com/events?series_id=39&active=true&closed=false&limit=200 "HTTP/1.1 200 OK"
2026-07-10 13:16:41,922 [INFO] httpx: HTTP Request: GET https://gamma-api.polymarket.com/events?series_id=3&active=true&closed=false&limit=200 "HTTP/1.1 200 OK"
2026-07-10 13:16:41,958 [INFO] httpx: HTTP Request: GET https://api.elections.kalshi.com/trade-api/v2/markets?series_ticker=KXMLBGAME&status=open&limit=200 "HTTP/1.1 200 OK"
2026-07-10 13:16:44,083 [INFO] httpx: HTTP Request: GET https://gamma-api.polymarket.com/events?series_id=10187&active=true&closed=false&limit=200 "HTTP/1.1 200 OK"
2026-07-10 13:16:44,149 [INFO] httpx: HTTP Request: GET https://api.elections.kalshi.com/trade-api/v2/markets?series_ticker=KXNFLGAME&status=open&limit=200 "HTTP/1.1 200 OK"
2026-07-10 13:16:52,795 [INFO] httpx: HTTP Request: GET https://gamma-api.polymarket.com/events?series_id=10346&active=true&closed=false&limit=200 "HTTP/1.1 200 OK"
2026-07-10 13:16:52,908 [INFO] httpx: HTTP Request: GET https://api.elections.kalshi.com/trade-api/v2/markets?series_ticker=KXNHLGAME&status=open&limit=200 "HTTP/1.1 200 OK"
2026-07-10 13:16:53,097 [INFO] httpx: HTTP Request: GET https://gamma-api.polymarket.com/events?series_id=10345&active=true&closed=false&limit=200 "HTTP/1.1 200 OK"
2026-07-10 13:16:53,121 [INFO] httpx: HTTP Request: GET https://api.elections.kalshi.com/trade-api/v2/markets?series_ticker=KXNBAGAME&status=open&limit=200 "HTTP/1.1 200 OK"
2026-07-10 13:17:03,511 [INFO] httpx: HTTP Request: GET https://gamma-api.polymarket.com/events?series_id=39&active=true&closed=false&limit=200 "HTTP/1.1 200 OK"
2026-07-10 13:17:03,554 [INFO] httpx: HTTP Request: GET https://api.elections.kalshi.com/trade-api/v2/markets?series_ticker=KXNCAABGAME&status=open&limit=200 "HTTP/1.1 200 OK"
2026-07-10 13:17:04,003 [INFO] httpx: HTTP Request: GET https://gamma-api.polymarket.com/events?series_id=10210&active=true&closed=false&limit=200 "HTTP/1.1 200 OK"
2026-07-10 13:17:04,018 [INFO] httpx: HTTP Request: GET https://api.elections.kalshi.com/trade-api/v2/markets?series_ticker=KXNCAAFGAME&status=open&limit=200 "HTTP/1.1 200 OK"
2026-07-10 13:17:14,257 [INFO] httpx: HTTP Request: GET https://api.elections.kalshi.com/trade-api/v2/markets?series_ticker=KXMLBGAME&status=open&limit=200 "HTTP/1.1 200 OK"
2026-07-10 13:17:14,340 [INFO] httpx: HTTP Request: GET https://gamma-api.polymarket.com/events?series_id=3&active=true&closed=false&limit=200 "HTTP/1.1 200 OK"
2026-07-10 13:17:23,097 [INFO] httpx: HTTP Request: GET https://gamma-api.polymarket.com/events?series_id=10187&active=true&closed=false&limit=200 "HTTP/1.1 200 OK"
2026-07-10 13:17:23,166 [INFO] httpx: HTTP Request: GET https://api.elections.kalshi.com/trade-api/v2/markets?series_ticker=KXNFLGAME&status=open&limit=200 "HTTP/1.1 200 OK"
2026-07-10 13:17:26,303 [INFO] httpx: HTTP Request: GET https://api.elections.kalshi.com/trade-api/v2/markets?series_ticker=KXNBAGAME&status=open&limit=200 "HTTP/1.1 200 OK"
2026-07-10 13:17:26,363 [INFO] httpx: HTTP Request: GET https://gamma-api.polymarket.com/events?series_id=10345&active=true&closed=false&limit=200 "HTTP/1.1 200 OK"
2026-07-10 13:17:31,842 [INFO] httpx: HTTP Request: GET https://gamma-api.polymarket.com/events?series_id=10346&active=true&closed=false&limit=200 "HTTP/1.1 200 OK"
2026-07-10 13:17:31,897 [INFO] httpx: HTTP Request: GET https://api.elections.kalshi.com/trade-api/v2/markets?series_ticker=KXNHLGAME&status=open&limit=200 "HTTP/1.1 200 OK"
2026-07-10 13:17:36,917 [INFO] httpx: HTTP Request: GET https://api.elections.kalshi.com/trade-api/v2/markets?series_ticker=KXNCAAFGAME&status=open&limit=200 "HTTP/1.1 200 OK"
2026-07-10 13:17:36,943 [INFO] httpx: HTTP Request: GET https://gamma-api.polymarket.com/events?series_id=10210&active=true&closed=false&limit=200 "HTTP/1.1 200 OK"
2026-07-10 13:17:42,215 [INFO] httpx: HTTP Request: GET https://gamma-api.polymarket.com/events?series_id=39&active=true&closed=false&limit=200 "HTTP/1.1 200 OK"
2026-07-10 13:17:42,277 [INFO] httpx: HTTP Request: GET https://api.elections.kalshi.com/trade-api/v2/markets?series_ticker=KXNCAABGAME&status=open&limit=200 "HTTP/1.1 200 OK"
2026-07-10 13:17:47,385 [INFO] httpx: HTTP Request: GET https://gamma-api.polymarket.com/events?series_id=3&active=true&closed=false&limit=200 "HTTP/1.1 200 OK"
2026-07-10 13:17:47,461 [INFO] httpx: HTTP Request: GET https://api.elections.kalshi.com/trade-api/v2/markets?series_ticker=KXMLBGAME&status=open&limit=200 "HTTP/1.1 200 OK"
2026-07-10 13:17:54,478 [INFO] httpx: HTTP Request: GET https://api.elections.kalshi.com/trade-api/v2/markets?series_ticker=KXNFLGAME&status=open&limit=200 "HTTP/1.1 200 OK"
2026-07-10 13:17:54,511 [INFO] httpx: HTTP Request: GET https://gamma-api.polymarket.com/events?series_id=10187&active=true&closed=false&limit=200 "HTTP/1.1 200 OK"
2026-07-10 13:17:58,527 [INFO] httpx: HTTP Request: GET https://gamma-api.polymarket.com/events?series_id=10345&active=true&closed=false&limit=200 "HTTP/1.1 200 OK"
2026-07-10 13:17:58,548 [INFO] httpx: HTTP Request: GET https://api.elections.kalshi.com/trade-api/v2/markets?series_ticker=KXNBAGAME&status=open&limit=200 "HTTP/1.1 200 OK"
2026-07-10 13:18:03,177 [INFO] httpx: HTTP Request: GET https://gamma-api.polymarket.com/events?series_id=10346&active=true&closed=false&limit=200 "HTTP/1.1 200 OK"
2026-07-10 13:18:03,180 [INFO] httpx: HTTP Request: GET https://api.elections.kalshi.com/trade-api/v2/markets?series_ticker=KXNHLGAME&status=open&limit=200 "HTTP/1.1 200 OK"
2026-07-10 13:18:09,707 [INFO] httpx: HTTP Request: GET https://gamma-api.polymarket.com/events?series_id=10210&active=true&closed=false&limit=200 "HTTP/1.1 200 OK"
2026-07-10 13:18:09,815 [INFO] httpx: HTTP Request: GET https://api.elections.kalshi.com/trade-api/v2/markets?series_ticker=KXNCAAFGAME&status=open&limit=200 "HTTP/1.1 200 OK"
2026-07-10 13:18:13,489 [INFO] httpx: HTTP Request: GET https://gamma-api.polymarket.com/events?series_id=39&active=true&closed=false&limit=200 "HTTP/1.1 200 OK"
2026-07-10 13:18:13,510 [INFO] httpx: HTTP Request: GET https://api.elections.kalshi.com/trade-api/v2/markets?series_ticker=KXNCAABGAME&status=open&limit=200 "HTTP/1.1 200 OK"
2026-07-10 13:18:20,296 [INFO] httpx: HTTP Request: GET https://gamma-api.polymarket.com/events?series_id=3&active=true&closed=false&limit=200 "HTTP/1.1 200 OK"
2026-07-10 13:18:20,339 [INFO] httpx: HTTP Request: GET https://api.elections.kalshi.com/trade-api/v2/markets?series_ticker=KXMLBGAME&status=open&limit=200 "HTTP/1.1 200 OK"
2026-07-10 13:18:32,633 [INFO] httpx: HTTP Request: GET https://gamma-api.polymarket.com/events?series_id=10187&active=true&closed=false&limit=200 "HTTP/1.1 200 OK"
2026-07-10 13:18:32,758 [INFO] httpx: HTTP Request: GET https://api.elections.kalshi.com/trade-api/v2/markets?series_ticker=KXNFLGAME&status=open&limit=200 "HTTP/1.1 200 OK"
2026-07-10 13:18:41,629 [INFO] httpx: HTTP Request: GET https://gamma-api.polymarket.com/events?series_id=10345&active=true&closed=false&limit=200 "HTTP/1.1 200 OK"
2026-07-10 13:18:41,649 [INFO] httpx: HTTP Request: GET https://api.elections.kalshi.com/trade-api/v2/markets?series_ticker=KXNBAGAME&status=open&limit=200 "HTTP/1.1 200 OK"
2026-07-10 13:18:49,752 [INFO] httpx: HTTP Request: GET https://api.elections.kalshi.com/trade-api/v2/markets?series_ticker=KXNHLGAME&status=open&limit=200 "HTTP/1.1 200 OK"
2026-07-10 13:18:49,824 [INFO] httpx: HTTP Request: GET https://gamma-api.polymarket.com/events?series_id=10346&active=true&closed=false&limit=200 "HTTP/1.1 200 OK"
2026-07-10 13:19:00,553 [INFO] httpx: HTTP Request: GET https://gamma-api.polymarket.com/events?series_id=10210&active=true&closed=false&limit=200 "HTTP/1.1 200 OK"
2026-07-10 13:19:00,607 [INFO] httpx: HTTP Request: GET https://api.elections.kalshi.com/trade-api/v2/markets?series_ticker=KXNCAAFGAME&status=open&limit=200 "HTTP/1.1 200 OK"
2026-07-10 13:19:05,956 [INFO] httpx: HTTP Request: GET https://gamma-api.polymarket.com/events?series_id=39&active=true&closed=false&limit=200 "HTTP/1.1 200 OK"
2026-07-10 13:19:06,035 [INFO] httpx: HTTP Request: GET https://api.elections.kalshi.com/trade-api/v2/markets?series_ticker=KXNCAABGAME&status=open&limit=200 "HTTP/1.1 200 OK"
2026-07-10 13:19:24,693 [INFO] httpx: HTTP Request: GET https://gamma-api.polymarket.com/events?series_id=3&active=true&closed=false&limit=200 "HTTP/1.1 200 OK"
2026-07-10 13:19:25,160 [INFO] httpx: HTTP Request: GET https://api.elections.kalshi.com/trade-api/v2/markets?series_ticker=KXMLBGAME&status=open&limit=200 "HTTP/1.1 200 OK"
2026-07-10 13:19:34,073 [INFO] httpx: HTTP Request: GET https://gamma-api.polymarket.com/events?series_id=10187&active=true&closed=false&limit=200 "HTTP/1.1 200 OK"
2026-07-10 13:19:34,183 [INFO] httpx: HTTP Request: GET https://api.elections.kalshi.com/trade-api/v2/markets?series_ticker=KXNFLGAME&status=open&limit=200 "HTTP/1.1 200 OK"
2026-07-10 13:19:42,538 [INFO] httpx: HTTP Request: GET https://gamma-api.polymarket.com/events?series_id=10345&active=true&closed=false&limit=200 "HTTP/1.1 200 OK"
2026-07-10 13:19:42,655 [INFO] httpx: HTTP Request: GET https://api.elections.kalshi.com/trade-api/v2/markets?series_ticker=KXNBAGAME&status=open&limit=200 "HTTP/1.1 200 OK"
2026-07-10 13:19:48,054 [INFO] httpx: HTTP Request: GET https://gamma-api.polymarket.com/events?series_id=10346&active=true&closed=false&limit=200 "HTTP/1.1 200 OK"
2026-07-10 13:19:48,075 [INFO] httpx: HTTP Request: GET https://api.elections.kalshi.com/trade-api/v2/markets?series_ticker=KXNHLGAME&status=open&limit=200 "HTTP/1.1 200 OK"
2026-07-10 13:20:01,127 [INFO] httpx: HTTP Request: GET https://api.elections.kalshi.com/trade-api/v2/markets?series_ticker=KXNCAAFGAME&status=open&limit=200 "HTTP/1.1 200 OK"
2026-07-10 13:20:01,145 [INFO] httpx: HTTP Request: GET https://gamma-api.polymarket.com/events?series_id=10210&active=true&closed=false&limit=200 "HTTP/1.1 200 OK"
2026-07-10 13:20:05,743 [INFO] httpx: HTTP Request: GET https://gamma-api.polymarket.com/events?series_id=39&active=true&closed=false&limit=200 "HTTP/1.1 200 OK"
2026-07-10 13:20:05,768 [INFO] httpx: HTTP Request: GET https://api.elections.kalshi.com/trade-api/v2/markets?series_ticker=KXNCAABGAME&status=open&limit=200 "HTTP/1.1 200 OK"
2026-07-10 13:22:35,109 [INFO] httpx: HTTP Request: GET https://gamma-api.polymarket.com/events?series_id=10187&active=true&closed=false&limit=200 "HTTP/1.1 200 OK"
2026-07-10 13:22:35,127 [INFO] httpx: HTTP Request: GET https://api.elections.kalshi.com/trade-api/v2/markets?series_ticker=KXMLBGAME&status=open&limit=200 "HTTP/1.1 200 OK"
2026-07-10 13:22:35,142 [INFO] httpx: HTTP Request: GET https://gamma-api.polymarket.com/events?series_id=3&active=true&closed=false&limit=200 "HTTP/1.1 200 OK"
2026-07-10 13:22:35,201 [INFO] httpx: HTTP Request: GET https://api.elections.kalshi.com/trade-api/v2/markets?series_ticker=KXNFLGAME&status=open&limit=200 "HTTP/1.1 200 OK"
2026-07-10 13:22:54,693 [INFO] httpx: HTTP Request: GET https://gamma-api.polymarket.com/events?series_id=10346&active=true&closed=false&limit=200 "HTTP/1.1 200 OK"
2026-07-10 13:22:54,835 [INFO] httpx: HTTP Request: GET https://api.elections.kalshi.com/trade-api/v2/markets?series_ticker=KXNHLGAME&status=open&limit=200 "HTTP/1.1 200 OK"
2026-07-10 13:22:56,855 [INFO] httpx: HTTP Request: GET https://api.elections.kalshi.com/trade-api/v2/markets?series_ticker=KXNBAGAME&status=open&limit=200 "HTTP/1.1 200 OK"
2026-07-10 13:22:56,953 [INFO] httpx: HTTP Request: GET https://gamma-api.polymarket.com/events?series_id=10345&active=true&closed=false&limit=200 "HTTP/1.1 200 OK"
2026-07-10 13:23:12,826 [INFO] httpx: HTTP Request: GET https://gamma-api.polymarket.com/events?series_id=10210&active=true&closed=false&limit=200 "HTTP/1.1 200 OK"
2026-07-10 13:23:12,856 [INFO] httpx: HTTP Request: GET https://api.elections.kalshi.com/trade-api/v2/markets?series_ticker=KXNCAAFGAME&status=open&limit=200 "HTTP/1.1 200 OK"
2026-07-10 13:23:13,988 [INFO] httpx: HTTP Request: GET https://api.elections.kalshi.com/trade-api/v2/markets?series_ticker=KXNCAABGAME&status=open&limit=200 "HTTP/1.1 200 OK"
2026-07-10 13:23:14,035 [INFO] httpx: HTTP Request: GET https://gamma-api.polymarket.com/events?series_id=39&active=true&closed=false&limit=200 "HTTP/1.1 200 OK"
2026-07-10 13:23:38,523 [INFO] httpx: HTTP Request: GET https://gamma-api.polymarket.com/events?series_id=3&active=true&closed=false&limit=200 "HTTP/1.1 200 OK"
2026-07-10 13:23:38,750 [INFO] httpx: HTTP Request: GET https://api.elections.kalshi.com/trade-api/v2/markets?series_ticker=KXMLBGAME&status=open&limit=200 "HTTP/1.1 200 OK"
2026-07-10 13:23:41,880 [INFO] httpx: HTTP Request: GET https://api.elections.kalshi.com/trade-api/v2/markets?series_ticker=KXNFLGAME&status=open&limit=200 "HTTP/1.1 200 OK"
2026-07-10 13:23:41,943 [INFO] httpx: HTTP Request: GET https://gamma-api.polymarket.com/events?series_id=10187&active=true&closed=false&limit=200 "HTTP/1.1 200 OK"
2026-07-10 13:24:00,249 [INFO] httpx: HTTP Request: GET https://api.elections.kalshi.com/trade-api/v2/markets?series_ticker=KXNBAGAME&status=open&limit=200 "HTTP/1.1 200 OK"
2026-07-10 13:24:00,299 [INFO] httpx: HTTP Request: GET https://gamma-api.polymarket.com/events?series_id=10345&active=true&closed=false&limit=200 "HTTP/1.1 200 OK"
2026-07-10 13:24:00,361 [INFO] httpx: HTTP Request: GET https://api.elections.kalshi.com/trade-api/v2/markets?series_ticker=KXNHLGAME&status=open&limit=200 "HTTP/1.1 200 OK"
2026-07-10 13:24:00,472 [INFO] httpx: HTTP Request: GET https://gamma-api.polymarket.com/events?series_id=10346&active=true&closed=false&limit=200 "HTTP/1.1 200 OK"
2026-07-10 13:24:18,539 [INFO] httpx: HTTP Request: GET https://gamma-api.polymarket.com/events?series_id=39&active=true&closed=false&limit=200 "HTTP/1.1 200 OK"
2026-07-10 13:24:18,646 [INFO] httpx: HTTP Request: GET https://api.elections.kalshi.com/trade-api/v2/markets?series_ticker=KXNCAABGAME&status=open&limit=200 "HTTP/1.1 200 OK"
2026-07-10 13:24:24,528 [INFO] httpx: HTTP Request: GET https://api.elections.kalshi.com/trade-api/v2/markets?series_ticker=KXNCAAFGAME&status=open&limit=200 "HTTP/1.1 200 OK"
2026-07-10 13:24:24,595 [INFO] httpx: HTTP Request: GET https://gamma-api.polymarket.com/events?series_id=10210&active=true&closed=false&limit=200 "HTTP/1.1 200 OK"
2026-07-10 13:25:01,745 [INFO] httpx: HTTP Request: GET https://gamma-api.polymarket.com/events?series_id=3&active=true&closed=false&limit=200 "HTTP/1.1 200 OK"
2026-07-10 13:25:03,028 [INFO] httpx: HTTP Request: GET https://api.elections.kalshi.com/trade-api/v2/markets?series_ticker=KXMLBGAME&status=open&limit=200 "HTTP/1.1 200 OK"
2026-07-10 13:25:14,234 [INFO] httpx: HTTP Request: GET https://gamma-api.polymarket.com/events?series_id=10187&active=true&closed=false&limit=200 "HTTP/1.1 200 OK"
2026-07-10 13:25:14,330 [INFO] httpx: HTTP Request: GET https://api.elections.kalshi.com/trade-api/v2/markets?series_ticker=KXNFLGAME&status=open&limit=200 "HTTP/1.1 200 OK"
2026-07-10 13:25:30,131 [INFO] httpx: HTTP Request: GET https://gamma-api.polymarket.com/events?series_id=10345&active=true&closed=false&limit=200 "HTTP/1.1 200 OK"
2026-07-10 13:25:30,179 [INFO] httpx: HTTP Request: GET https://api.elections.kalshi.com/trade-api/v2/markets?series_ticker=KXNBAGAME&status=open&limit=200 "HTTP/1.1 200 OK"
2026-07-10 13:25:32,861 [INFO] httpx: HTTP Request: GET https://gamma-api.polymarket.com/events?series_id=10346&active=true&closed=false&limit=200 "HTTP/1.1 200 OK"
2026-07-10 13:25:32,878 [INFO] httpx: HTTP Request: GET https://api.elections.kalshi.com/trade-api/v2/markets?series_ticker=KXNHLGAME&status=open&limit=200 "HTTP/1.1 200 OK"
2026-07-10 13:25:51,759 [INFO] httpx: HTTP Request: GET https://gamma-api.polymarket.com/events?series_id=10210&active=true&closed=false&limit=200 "HTTP/1.1 200 OK"
2026-07-10 13:25:51,920 [INFO] httpx: HTTP Request: GET https://api.elections.kalshi.com/trade-api/v2/markets?series_ticker=KXNCAAFGAME&status=open&limit=200 "HTTP/1.1 200 OK"
2026-07-10 13:25:52,771 [INFO] httpx: HTTP Request: GET https://api.elections.kalshi.com/trade-api/v2/markets?series_ticker=KXNCAABGAME&status=open&limit=200 "HTTP/1.1 200 OK"
2026-07-10 13:25:52,858 [INFO] httpx: HTTP Request: GET https://gamma-api.polymarket.com/events?series_id=39&active=true&closed=false&limit=200 "HTTP/1.1 200 OK"
2026-07-10 13:26:40,522 [INFO] httpx: HTTP Request: GET https://api.elections.kalshi.com/trade-api/v2/markets?series_ticker=KXMLBGAME&status=open&limit=200 "HTTP/1.1 200 OK"
2026-07-10 13:26:40,548 [INFO] httpx: HTTP Request: GET https://gamma-api.polymarket.com/events?series_id=3&active=true&closed=false&limit=200 "HTTP/1.1 200 OK"
2026-07-10 13:26:49,195 [INFO] httpx: HTTP Request: GET https://gamma-api.polymarket.com/events?series_id=10187&active=true&closed=false&limit=200 "HTTP/1.1 200 OK"
2026-07-10 13:26:49,311 [INFO] httpx: HTTP Request: GET https://api.elections.kalshi.com/trade-api/v2/markets?series_ticker=KXNFLGAME&status=open&limit=200 "HTTP/1.1 200 OK"
2026-07-10 13:27:14,509 [INFO] httpx: HTTP Request: GET https://api.elections.kalshi.com/trade-api/v2/markets?series_ticker=KXNBAGAME&status=open&limit=200 "HTTP/1.1 200 OK"
2026-07-10 13:27:14,552 [INFO] httpx: HTTP Request: GET https://gamma-api.polymarket.com/events?series_id=10345&active=true&closed=false&limit=200 "HTTP/1.1 200 OK"
2026-07-10 13:27:15,800 [INFO] httpx: HTTP Request: GET https://gamma-api.polymarket.com/events?series_id=10346&active=true&closed=false&limit=200 "HTTP/1.1 200 OK"
2026-07-10 13:27:15,811 [INFO] httpx: HTTP Request: GET https://api.elections.kalshi.com/trade-api/v2/markets?series_ticker=KXNHLGAME&status=open&limit=200 "HTTP/1.1 200 OK"
2026-07-10 13:27:33,788 [INFO] httpx: HTTP Request: GET https://api.elections.kalshi.com/trade-api/v2/markets?series_ticker=KXNCAABGAME&status=open&limit=200 "HTTP/1.1 200 OK"
2026-07-10 13:27:34,060 [INFO] httpx: HTTP Request: GET https://gamma-api.polymarket.com/events?series_id=39&active=true&closed=false&limit=200 "HTTP/1.1 200 OK"
2026-07-10 13:27:35,686 [INFO] httpx: HTTP Request: GET https://gamma-api.polymarket.com/events?series_id=10210&active=true&closed=false&limit=200 "HTTP/1.1 200 OK"
2026-07-10 13:27:35,697 [INFO] httpx: HTTP Request: GET https://api.elections.kalshi.com/trade-api/v2/markets?series_ticker=KXNCAAFGAME&status=open&limit=200 "HTTP/1.1 200 OK"
2026-07-10 13:27:56,210 [INFO] httpx: HTTP Request: GET https://gamma-api.polymarket.com/events?series_id=3&active=true&closed=false&limit=200 "HTTP/1.1 200 OK"
2026-07-10 13:27:56,284 [INFO] httpx: HTTP Request: GET https://api.elections.kalshi.com/trade-api/v2/markets?series_ticker=KXMLBGAME&status=open&limit=200 "HTTP/1.1 200 OK"
2026-07-10 13:27:59,506 [INFO] httpx: HTTP Request: GET https://api.elections.kalshi.com/trade-api/v2/markets?series_ticker=KXNFLGAME&status=open&limit=200 "HTTP/1.1 200 OK"
2026-07-10 13:27:59,559 [INFO] httpx: HTTP Request: GET https://gamma-api.polymarket.com/events?series_id=10187&active=true&closed=false&limit=200 "HTTP/1.1 200 OK"
2026-07-10 13:28:17,407 [INFO] httpx: HTTP Request: GET https://gamma-api.polymarket.com/events?series_id=10345&active=true&closed=false&limit=200 "HTTP/1.1 200 OK"
2026-07-10 13:28:17,515 [INFO] httpx: HTTP Request: GET https://api.elections.kalshi.com/trade-api/v2/markets?series_ticker=KXNBAGAME&status=open&limit=200 "HTTP/1.1 200 OK"
2026-07-10 13:28:19,476 [INFO] httpx: HTTP Request: GET https://api.elections.kalshi.com/trade-api/v2/markets?series_ticker=KXNHLGAME&status=open&limit=200 "HTTP/1.1 200 OK"
2026-07-10 13:28:19,599 [INFO] httpx: HTTP Request: GET https://gamma-api.polymarket.com/events?series_id=10346&active=true&closed=false&limit=200 "HTTP/1.1 200 OK"
2026-07-10 13:28:36,958 [INFO] httpx: HTTP Request: GET https://gamma-api.polymarket.com/events?series_id=10210&active=true&closed=false&limit=200 "HTTP/1.1 200 OK"
2026-07-10 13:28:37,042 [INFO] httpx: HTTP Request: GET https://api.elections.kalshi.com/trade-api/v2/markets?series_ticker=KXNCAAFGAME&status=open&limit=200 "HTTP/1.1 200 OK"
2026-07-10 13:28:37,569 [INFO] httpx: HTTP Request: GET https://gamma-api.polymarket.com/events?series_id=39&active=true&closed=false&limit=200 "HTTP/1.1 200 OK"
2026-07-10 13:28:37,580 [INFO] httpx: HTTP Request: GET https://api.elections.kalshi.com/trade-api/v2/markets?series_ticker=KXNCAABGAME&status=open&limit=200 "HTTP/1.1 200 OK"
2026-07-10 13:28:57,549 [INFO] httpx: HTTP Request: GET https://gamma-api.polymarket.com/events?series_id=3&active=true&closed=false&limit=200 "HTTP/1.1 200 OK"
2026-07-10 13:28:57,790 [INFO] httpx: HTTP Request: GET https://api.elections.kalshi.com/trade-api/v2/markets?series_ticker=KXMLBGAME&status=open&limit=200 "HTTP/1.1 200 OK"
2026-07-10 13:29:00,538 [INFO] httpx: HTTP Request: GET https://gamma-api.polymarket.com/events?series_id=10187&active=true&closed=false&limit=200 "HTTP/1.1 200 OK"
2026-07-10 13:29:00,588 [INFO] httpx: HTTP Request: GET https://api.elections.kalshi.com/trade-api/v2/markets?series_ticker=KXNFLGAME&status=open&limit=200 "HTTP/1.1 200 OK"
2026-07-10 13:29:19,026 [INFO] httpx: HTTP Request: GET https://gamma-api.polymarket.com/events?series_id=10345&active=true&closed=false&limit=200 "HTTP/1.1 200 OK"
2026-07-10 13:29:19,110 [INFO] httpx: HTTP Request: GET https://api.elections.kalshi.com/trade-api/v2/markets?series_ticker=KXNBAGAME&status=open&limit=200 "HTTP/1.1 200 OK"
2026-07-10 13:29:20,636 [INFO] httpx: HTTP Request: GET https://gamma-api.polymarket.com/events?series_id=10346&active=true&closed=false&limit=200 "HTTP/1.1 200 OK"
2026-07-10 13:29:20,649 [INFO] httpx: HTTP Request: GET https://api.elections.kalshi.com/trade-api/v2/markets?series_ticker=KXNHLGAME&status=open&limit=200 "HTTP/1.1 200 OK"
2026-07-10 13:29:37,010 [INFO] httpx: HTTP Request: GET https://api.elections.kalshi.com/trade-api/v2/markets?series_ticker=KXNCAAFGAME&status=open&limit=200 "HTTP/1.1 200 OK"
2026-07-10 13:29:37,034 [INFO] httpx: HTTP Request: GET https://gamma-api.polymarket.com/events?series_id=10210&active=true&closed=false&limit=200 "HTTP/1.1 200 OK"
2026-07-10 13:29:37,488 [INFO] httpx: HTTP Request: GET https://gamma-api.polymarket.com/events?series_id=39&active=true&closed=false&limit=200 "HTTP/1.1 200 OK"
2026-07-10 13:29:37,501 [INFO] httpx: HTTP Request: GET https://api.elections.kalshi.com/trade-api/v2/markets?series_ticker=KXNCAABGAME&status=open&limit=200 "HTTP/1.1 200 OK"
2026-07-10 13:32:09,643 [INFO] httpx: HTTP Request: GET https://gamma-api.polymarket.com/events?series_id=3&active=true&closed=false&limit=200 "HTTP/1.1 200 OK"
2026-07-10 13:32:09,981 [INFO] httpx: HTTP Request: GET https://gamma-api.polymarket.com/events?series_id=10187&active=true&closed=false&limit=200 "HTTP/1.1 200 OK"
2026-07-10 13:32:10,734 [INFO] httpx: HTTP Request: GET https://api.elections.kalshi.com/trade-api/v2/markets?series_ticker=KXMLBGAME&status=open&limit=200 "HTTP/1.1 200 OK"
2026-07-10 13:32:14,564 [INFO] httpx: HTTP Request: GET https://api.elections.kalshi.com/trade-api/v2/markets?series_ticker=KXNFLGAME&status=open&limit=200 "HTTP/1.1 200 OK"
2026-07-10 13:32:27,992 [INFO] httpx: HTTP Request: GET https://gamma-api.polymarket.com/events?series_id=10346&active=true&closed=false&limit=200 "HTTP/1.1 200 OK"
2026-07-10 13:32:28,005 [INFO] httpx: HTTP Request: GET https://api.elections.kalshi.com/trade-api/v2/markets?series_ticker=KXNHLGAME&status=open&limit=200 "HTTP/1.1 200 OK"
2026-07-10 13:32:31,801 [INFO] httpx: HTTP Request: GET https://api.elections.kalshi.com/trade-api/v2/markets?series_ticker=KXNBAGAME&status=open&limit=200 "HTTP/1.1 200 OK"
2026-07-10 13:32:31,893 [INFO] httpx: HTTP Request: GET https://gamma-api.polymarket.com/events?series_id=10345&active=true&closed=false&limit=200 "HTTP/1.1 200 OK"
2026-07-10 13:32:50,677 [INFO] httpx: HTTP Request: GET https://gamma-api.polymarket.com/events?series_id=10210&active=true&closed=false&limit=200 "HTTP/1.1 200 OK"
2026-07-10 13:32:50,785 [INFO] httpx: HTTP Request: GET https://api.elections.kalshi.com/trade-api/v2/markets?series_ticker=KXNCAAFGAME&status=open&limit=200 "HTTP/1.1 200 OK"
2026-07-10 13:32:54,331 [INFO] httpx: HTTP Request: GET https://api.elections.kalshi.com/trade-api/v2/markets?series_ticker=KXNCAABGAME&status=open&limit=200 "HTTP/1.1 200 OK"
2026-07-10 13:32:54,398 [INFO] httpx: HTTP Request: GET https://gamma-api.polymarket.com/events?series_id=39&active=true&closed=false&limit=200 "HTTP/1.1 200 OK"
2026-07-10 13:33:17,354 [INFO] httpx: HTTP Request: GET https://gamma-api.polymarket.com/events?series_id=3&active=true&closed=false&limit=200 "HTTP/1.1 200 OK"
2026-07-10 13:33:17,719 [INFO] httpx: HTTP Request: GET https://api.elections.kalshi.com/trade-api/v2/markets?series_ticker=KXMLBGAME&status=open&limit=200 "HTTP/1.1 200 OK"
2026-07-10 13:33:28,035 [INFO] httpx: HTTP Request: GET https://api.elections.kalshi.com/trade-api/v2/markets?series_ticker=KXNFLGAME&status=open&limit=200 "HTTP/1.1 200 OK"
2026-07-10 13:33:28,115 [INFO] httpx: HTTP Request: GET https://gamma-api.polymarket.com/events?series_id=10187&active=true&closed=false&limit=200 "HTTP/1.1 200 OK"
2026-07-10 13:33:38,512 [INFO] httpx: HTTP Request: GET https://gamma-api.polymarket.com/events?series_id=10345&active=true&closed=false&limit=200 "HTTP/1.1 200 OK"
2026-07-10 13:33:38,560 [INFO] httpx: HTTP Request: GET https://api.elections.kalshi.com/trade-api/v2/markets?series_ticker=KXNBAGAME&status=open&limit=200 "HTTP/1.1 200 OK"
2026-07-10 13:33:44,276 [INFO] httpx: HTTP Request: GET https://gamma-api.polymarket.com/events?series_id=10346&active=true&closed=false&limit=200 "HTTP/1.1 200 OK"
2026-07-10 13:33:44,401 [INFO] httpx: HTTP Request: GET https://api.elections.kalshi.com/trade-api/v2/markets?series_ticker=KXNHLGAME&status=open&limit=200 "HTTP/1.1 200 OK"
2026-07-10 13:33:56,446 [INFO] httpx: HTTP Request: GET https://gamma-api.polymarket.com/events?series_id=10210&active=true&closed=false&limit=200 "HTTP/1.1 200 OK"
2026-07-10 13:33:56,518 [INFO] httpx: HTTP Request: GET https://api.elections.kalshi.com/trade-api/v2/markets?series_ticker=KXNCAAFGAME&status=open&limit=200 "HTTP/1.1 200 OK"
2026-07-10 13:34:01,062 [INFO] httpx: HTTP Request: GET https://gamma-api.polymarket.com/events?series_id=39&active=true&closed=false&limit=200 "HTTP/1.1 200 OK"
2026-07-10 13:34:01,088 [INFO] httpx: HTTP Request: GET https://api.elections.kalshi.com/trade-api/v2/markets?series_ticker=KXNCAABGAME&status=open&limit=200 "HTTP/1.1 200 OK"
2026-07-10 13:34:20,463 [INFO] httpx: HTTP Request: GET https://gamma-api.polymarket.com/events?series_id=3&active=true&closed=false&limit=200 "HTTP/1.1 200 OK"
2026-07-10 13:34:21,062 [INFO] httpx: HTTP Request: GET https://api.elections.kalshi.com/trade-api/v2/markets?series_ticker=KXMLBGAME&status=open&limit=200 "HTTP/1.1 200 OK"
2026-07-10 13:34:29,396 [INFO] httpx: HTTP Request: GET https://gamma-api.polymarket.com/events?series_id=10187&active=true&closed=false&limit=200 "HTTP/1.1 200 OK"
2026-07-10 13:34:29,463 [INFO] httpx: HTTP Request: GET https://api.elections.kalshi.com/trade-api/v2/markets?series_ticker=KXNFLGAME&status=open&limit=200 "HTTP/1.1 200 OK"
2026-07-10 13:34:38,534 [INFO] httpx: HTTP Request: GET https://gamma-api.polymarket.com/events?series_id=10345&active=true&closed=false&limit=200 "HTTP/1.1 200 OK"
2026-07-10 13:34:38,599 [INFO] httpx: HTTP Request: GET https://api.elections.kalshi.com/trade-api/v2/markets?series_ticker=KXNBAGAME&status=open&limit=200 "HTTP/1.1 200 OK"
2026-07-10 13:34:43,789 [INFO] httpx: HTTP Request: GET https://gamma-api.polymarket.com/events?series_id=10346&active=true&closed=false&limit=200 "HTTP/1.1 200 OK"
2026-07-10 13:34:44,245 [INFO] httpx: HTTP Request: GET https://api.elections.kalshi.com/trade-api/v2/markets?series_ticker=KXNHLGAME&status=open&limit=200 "HTTP/1.1 200 OK"
2026-07-10 13:34:56,875 [INFO] httpx: HTTP Request: GET https://gamma-api.polymarket.com/events?series_id=10210&active=true&closed=false&limit=200 "HTTP/1.1 200 OK"
2026-07-10 13:34:56,886 [INFO] httpx: HTTP Request: GET https://api.elections.kalshi.com/trade-api/v2/markets?series_ticker=KXNCAAFGAME&status=open&limit=200 "HTTP/1.1 200 OK"
2026-07-10 13:35:01,305 [INFO] httpx: HTTP Request: GET https://gamma-api.polymarket.com/events?series_id=39&active=true&closed=false&limit=200 "HTTP/1.1 200 OK"
2026-07-10 13:35:01,321 [INFO] httpx: HTTP Request: GET https://api.elections.kalshi.com/trade-api/v2/markets?series_ticker=KXNCAABGAME&status=open&limit=200 "HTTP/1.1 200 OK"
2026-07-10 13:35:17,906 [INFO] httpx: HTTP Request: GET https://api.elections.kalshi.com/trade-api/v2/markets?series_ticker=KXMLBGAME&status=open&limit=200 "HTTP/1.1 200 OK"
2026-07-10 13:35:17,926 [INFO] httpx: HTTP Request: GET https://gamma-api.polymarket.com/events?series_id=3&active=true&closed=false&limit=200 "HTTP/1.1 200 OK"
2026-07-10 13:35:33,047 [INFO] httpx: HTTP Request: GET https://gamma-api.polymarket.com/events?series_id=10187&active=true&closed=false&limit=200 "HTTP/1.1 200 OK"
2026-07-10 13:35:33,232 [INFO] httpx: HTTP Request: GET https://api.elections.kalshi.com/trade-api/v2/markets?series_ticker=KXNFLGAME&status=open&limit=200 "HTTP/1.1 200 OK"
2026-07-10 13:35:46,506 [INFO] httpx: HTTP Request: GET https://gamma-api.polymarket.com/events?series_id=10345&active=true&closed=false&limit=200 "HTTP/1.1 200 OK"
2026-07-10 13:35:46,623 [INFO] httpx: HTTP Request: GET https://api.elections.kalshi.com/trade-api/v2/markets?series_ticker=KXNBAGAME&status=open&limit=200 "HTTP/1.1 200 OK"
2026-07-10 13:35:54,482 [INFO] httpx: HTTP Request: GET https://gamma-api.polymarket.com/events?series_id=10346&active=true&closed=false&limit=200 "HTTP/1.1 200 OK"
2026-07-10 13:35:54,537 [INFO] httpx: HTTP Request: GET https://api.elections.kalshi.com/trade-api/v2/markets?series_ticker=KXNHLGAME&status=open&limit=200 "HTTP/1.1 200 OK"
2026-07-10 13:36:07,047 [INFO] httpx: HTTP Request: GET https://gamma-api.polymarket.com/events?series_id=10210&active=true&closed=false&limit=200 "HTTP/1.1 200 OK"
2026-07-10 13:36:07,168 [INFO] httpx: HTTP Request: GET https://api.elections.kalshi.com/trade-api/v2/markets?series_ticker=KXNCAAFGAME&status=open&limit=200 "HTTP/1.1 200 OK"
2026-07-10 13:36:12,223 [INFO] httpx: HTTP Request: GET https://api.elections.kalshi.com/trade-api/v2/markets?series_ticker=KXNCAABGAME&status=open&limit=200 "HTTP/1.1 200 OK"
2026-07-10 13:36:12,289 [INFO] httpx: HTTP Request: GET https://gamma-api.polymarket.com/events?series_id=39&active=true&closed=false&limit=200 "HTTP/1.1 200 OK"
2026-07-10 13:36:25,047 [INFO] httpx: HTTP Request: GET https://gamma-api.polymarket.com/events?series_id=3&active=true&closed=false&limit=200 "HTTP/1.1 200 OK"
2026-07-10 13:36:25,068 [INFO] httpx: HTTP Request: GET https://api.elections.kalshi.com/trade-api/v2/markets?series_ticker=KXMLBGAME&status=open&limit=200 "HTTP/1.1 200 OK"
2026-07-10 13:36:38,034 [INFO] httpx: HTTP Request: GET https://gamma-api.polymarket.com/events?series_id=10187&active=true&closed=false&limit=200 "HTTP/1.1 200 OK"
2026-07-10 13:36:38,177 [INFO] httpx: HTTP Request: GET https://api.elections.kalshi.com/trade-api/v2/markets?series_ticker=KXNFLGAME&status=open&limit=200 "HTTP/1.1 200 OK"
2026-07-10 13:36:43,636 [INFO] httpx: HTTP Request: GET https://gamma-api.polymarket.com/events?series_id=10345&active=true&closed=false&limit=200 "HTTP/1.1 200 OK"
2026-07-10 13:36:43,677 [INFO] httpx: HTTP Request: GET https://api.elections.kalshi.com/trade-api/v2/markets?series_ticker=KXNBAGAME&status=open&limit=200 "HTTP/1.1 200 OK"
2026-07-10 13:36:51,409 [INFO] httpx: HTTP Request: GET https://gamma-api.polymarket.com/events?series_id=10346&active=true&closed=false&limit=200 "HTTP/1.1 200 OK"
2026-07-10 13:36:51,518 [INFO] httpx: HTTP Request: GET https://api.elections.kalshi.com/trade-api/v2/markets?series_ticker=KXNHLGAME&status=open&limit=200 "HTTP/1.1 200 OK"
2026-07-10 13:37:02,376 [INFO] httpx: HTTP Request: GET https://gamma-api.polymarket.com/events?series_id=10210&active=true&closed=false&limit=200 "HTTP/1.1 200 OK"
2026-07-10 13:37:02,463 [INFO] httpx: HTTP Request: GET https://api.elections.kalshi.com/trade-api/v2/markets?series_ticker=KXNCAAFGAME&status=open&limit=200 "HTTP/1.1 200 OK"
2026-07-10 13:37:07,983 [INFO] httpx: HTTP Request: GET https://api.elections.kalshi.com/trade-api/v2/markets?series_ticker=KXNCAABGAME&status=open&limit=200 "HTTP/1.1 200 OK"
2026-07-10 13:37:08,023 [INFO] httpx: HTTP Request: GET https://gamma-api.polymarket.com/events?series_id=39&active=true&closed=false&limit=200 "HTTP/1.1 200 OK"
2026-07-10 13:37:25,580 [INFO] httpx: HTTP Request: GET https://gamma-api.polymarket.com/events?series_id=3&active=true&closed=false&limit=200 "HTTP/1.1 200 OK"
2026-07-10 13:37:25,610 [INFO] httpx: HTTP Request: GET https://api.elections.kalshi.com/trade-api/v2/markets?series_ticker=KXMLBGAME&status=open&limit=200 "HTTP/1.1 200 OK"
2026-07-10 13:37:31,554 [INFO] httpx: HTTP Request: GET https://gamma-api.polymarket.com/events?series_id=10187&active=true&closed=false&limit=200 "HTTP/1.1 200 OK"
2026-07-10 13:37:31,680 [INFO] httpx: HTTP Request: GET https://api.elections.kalshi.com/trade-api/v2/markets?series_ticker=KXNFLGAME&status=open&limit=200 "HTTP/1.1 200 OK"
2026-07-10 13:37:43,027 [INFO] httpx: HTTP Request: GET https://gamma-api.polymarket.com/events?series_id=10345&active=true&closed=false&limit=200 "HTTP/1.1 200 OK"
2026-07-10 13:37:43,144 [INFO] httpx: HTTP Request: GET https://api.elections.kalshi.com/trade-api/v2/markets?series_ticker=KXNBAGAME&status=open&limit=200 "HTTP/1.1 200 OK"
2026-07-10 13:37:46,190 [INFO] httpx: HTTP Request: GET https://gamma-api.polymarket.com/events?series_id=10346&active=true&closed=false&limit=200 "HTTP/1.1 200 OK"
2026-07-10 13:37:46,204 [INFO] httpx: HTTP Request: GET https://api.elections.kalshi.com/trade-api/v2/markets?series_ticker=KXNHLGAME&status=open&limit=200 "HTTP/1.1 200 OK"
2026-07-10 13:37:59,091 [INFO] httpx: HTTP Request: GET https://gamma-api.polymarket.com/events?series_id=10210&active=true&closed=false&limit=200 "HTTP/1.1 200 OK"
2026-07-10 13:37:59,216 [INFO] httpx: HTTP Request: GET https://api.elections.kalshi.com/trade-api/v2/markets?series_ticker=KXNCAAFGAME&status=open&limit=200 "HTTP/1.1 200 OK"
2026-07-10 13:38:02,137 [INFO] httpx: HTTP Request: GET https://gamma-api.polymarket.com/events?series_id=39&active=true&closed=false&limit=200 "HTTP/1.1 200 OK"
2026-07-10 13:38:02,154 [INFO] httpx: HTTP Request: GET https://api.elections.kalshi.com/trade-api/v2/markets?series_ticker=KXNCAABGAME&status=open&limit=200 "HTTP/1.1 200 OK"
2026-07-10 13:39:45,134 [INFO] httpx: HTTP Request: GET https://gamma-api.polymarket.com/events?series_id=3&active=true&closed=false&limit=200 "HTTP/1.1 200 OK"
2026-07-10 13:39:45,293 [INFO] httpx: HTTP Request: GET https://api.elections.kalshi.com/trade-api/v2/markets?series_ticker=KXMLBGAME&status=open&limit=200 "HTTP/1.1 200 OK"
2026-07-10 13:39:46,707 [INFO] httpx: HTTP Request: GET https://api.elections.kalshi.com/trade-api/v2/markets?series_ticker=KXNFLGAME&status=open&limit=200 "HTTP/1.1 200 OK"
2026-07-10 13:39:46,791 [INFO] httpx: HTTP Request: GET https://gamma-api.polymarket.com/events?series_id=10187&active=true&closed=false&limit=200 "HTTP/1.1 200 OK"
2026-07-10 13:39:56,286 [INFO] httpx: HTTP Request: GET https://gamma-api.polymarket.com/events?series_id=10345&active=true&closed=false&limit=200 "HTTP/1.1 200 OK"
2026-07-10 13:39:56,332 [INFO] httpx: HTTP Request: GET https://api.elections.kalshi.com/trade-api/v2/markets?series_ticker=KXNBAGAME&status=open&limit=200 "HTTP/1.1 200 OK"
2026-07-10 13:39:56,342 [INFO] httpx: HTTP Request: GET https://gamma-api.polymarket.com/events?series_id=10346&active=true&closed=false&limit=200 "HTTP/1.1 200 OK"
2026-07-10 13:39:56,405 [INFO] httpx: HTTP Request: GET https://api.elections.kalshi.com/trade-api/v2/markets?series_ticker=KXNHLGAME&status=open&limit=200 "HTTP/1.1 200 OK"
2026-07-10 13:40:06,911 [INFO] httpx: HTTP Request: GET https://gamma-api.polymarket.com/events?series_id=39&active=true&closed=false&limit=200 "HTTP/1.1 200 OK"
2026-07-10 13:40:07,017 [INFO] httpx: HTTP Request: GET https://api.elections.kalshi.com/trade-api/v2/markets?series_ticker=KXNCAABGAME&status=open&limit=200 "HTTP/1.1 200 OK"
2026-07-10 13:40:07,743 [INFO] httpx: HTTP Request: GET https://api.elections.kalshi.com/trade-api/v2/markets?series_ticker=KXNCAAFGAME&status=open&limit=200 "HTTP/1.1 200 OK"
2026-07-10 13:40:07,812 [INFO] httpx: HTTP Request: GET https://gamma-api.polymarket.com/events?series_id=10210&active=true&closed=false&limit=200 "HTTP/1.1 200 OK"
2026-07-10 13:40:19,101 [INFO] httpx: HTTP Request: GET https://gamma-api.polymarket.com/events?series_id=3&active=true&closed=false&limit=200 "HTTP/1.1 200 OK"
2026-07-10 13:40:19,121 [INFO] httpx: HTTP Request: GET https://api.elections.kalshi.com/trade-api/v2/markets?series_ticker=KXMLBGAME&status=open&limit=200 "HTTP/1.1 200 OK"
2026-07-10 13:40:21,060 [INFO] httpx: HTTP Request: GET https://gamma-api.polymarket.com/events?series_id=10187&active=true&closed=false&limit=200 "HTTP/1.1 200 OK"
2026-07-10 13:40:21,133 [INFO] httpx: HTTP Request: GET https://api.elections.kalshi.com/trade-api/v2/markets?series_ticker=KXNFLGAME&status=open&limit=200 "HTTP/1.1 200 OK"
2026-07-10 13:40:29,893 [INFO] httpx: HTTP Request: GET https://gamma-api.polymarket.com/events?series_id=10346&active=true&closed=false&limit=200 "HTTP/1.1 200 OK"
2026-07-10 13:40:29,983 [INFO] httpx: HTTP Request: GET https://api.elections.kalshi.com/trade-api/v2/markets?series_ticker=KXNHLGAME&status=open&limit=200 "HTTP/1.1 200 OK"
2026-07-10 13:40:30,205 [INFO] httpx: HTTP Request: GET https://gamma-api.polymarket.com/events?series_id=10345&active=true&closed=false&limit=200 "HTTP/1.1 200 OK"
2026-07-10 13:40:30,214 [INFO] httpx: HTTP Request: GET https://api.elections.kalshi.com/trade-api/v2/markets?series_ticker=KXNBAGAME&status=open&limit=200 "HTTP/1.1 200 OK"
2026-07-10 13:40:40,615 [INFO] httpx: HTTP Request: GET https://gamma-api.polymarket.com/events?series_id=39&active=true&closed=false&limit=200 "HTTP/1.1 200 OK"
2026-07-10 13:40:40,720 [INFO] httpx: HTTP Request: GET https://api.elections.kalshi.com/trade-api/v2/markets?series_ticker=KXNCAABGAME&status=open&limit=200 "HTTP/1.1 200 OK"
2026-07-10 13:40:41,243 [INFO] httpx: HTTP Request: GET https://gamma-api.polymarket.com/events?series_id=10210&active=true&closed=false&limit=200 "HTTP/1.1 200 OK"
2026-07-10 13:40:41,276 [INFO] httpx: HTTP Request: GET https://api.elections.kalshi.com/trade-api/v2/markets?series_ticker=KXNCAAFGAME&status=open&limit=200 "HTTP/1.1 200 OK"
2026-07-10 13:58:09,036 [INFO] httpx: HTTP Request: GET https://gamma-api.polymarket.com/events?series_id=3&active=true&closed=false&limit=200 "HTTP/1.1 200 OK"
2026-07-10 13:58:09,233 [INFO] httpx: HTTP Request: GET https://api.elections.kalshi.com/trade-api/v2/markets?series_ticker=KXMLBGAME&status=open&limit=200 "HTTP/1.1 200 OK"
2026-07-10 13:58:23,005 [INFO] httpx: HTTP Request: GET https://api.elections.kalshi.com/trade-api/v2/markets?series_ticker=KXNFLGAME&status=open&limit=200 "HTTP/1.1 200 OK"
2026-07-10 13:58:23,016 [INFO] httpx: HTTP Request: GET https://gamma-api.polymarket.com/events?series_id=10187&active=true&closed=false&limit=200 "HTTP/1.1 200 OK"
2026-07-10 13:58:34,542 [INFO] httpx: HTTP Request: GET https://api.elections.kalshi.com/trade-api/v2/markets?series_ticker=KXNBAGAME&status=open&limit=200 "HTTP/1.1 200 OK"
2026-07-10 13:58:34,554 [INFO] httpx: HTTP Request: GET https://gamma-api.polymarket.com/events?series_id=10345&active=true&closed=false&limit=200 "HTTP/1.1 200 OK"
2026-07-10 13:58:44,111 [INFO] httpx: HTTP Request: GET https://api.elections.kalshi.com/trade-api/v2/markets?series_ticker=KXNHLGAME&status=open&limit=200 "HTTP/1.1 200 OK"
2026-07-10 13:58:44,116 [INFO] httpx: HTTP Request: GET https://gamma-api.polymarket.com/events?series_id=10346&active=true&closed=false&limit=200 "HTTP/1.1 200 OK"
2026-07-10 13:58:55,819 [INFO] httpx: HTTP Request: GET https://gamma-api.polymarket.com/events?series_id=10210&active=true&closed=false&limit=200 "HTTP/1.1 200 OK"
2026-07-10 13:58:55,834 [INFO] httpx: HTTP Request: GET https://api.elections.kalshi.com/trade-api/v2/markets?series_ticker=KXNCAAFGAME&status=open&limit=200 "HTTP/1.1 200 OK"
2026-07-10 13:59:06,513 [INFO] httpx: HTTP Request: GET https://gamma-api.polymarket.com/events?series_id=39&active=true&closed=false&limit=200 "HTTP/1.1 200 OK"
2026-07-10 13:59:06,518 [INFO] httpx: HTTP Request: GET https://api.elections.kalshi.com/trade-api/v2/markets?series_ticker=KXNCAABGAME&status=open&limit=200 "HTTP/1.1 200 OK"
2026-07-10 13:59:16,056 [INFO] httpx: HTTP Request: GET https://gamma-api.polymarket.com/events?series_id=3&active=true&closed=false&limit=200 "HTTP/1.1 200 OK"
2026-07-10 13:59:16,276 [INFO] httpx: HTTP Request: GET https://api.elections.kalshi.com/trade-api/v2/markets?series_ticker=KXMLBGAME&status=open&limit=200 "HTTP/1.1 200 OK"
2026-07-10 13:59:19,123 [INFO] httpx: HTTP Request: GET https://api.elections.kalshi.com/trade-api/v2/markets?series_ticker=KXNFLGAME&status=open&limit=200 "HTTP/1.1 200 OK"
2026-07-10 13:59:19,189 [INFO] httpx: HTTP Request: GET https://gamma-api.polymarket.com/events?series_id=10187&active=true&closed=false&limit=200 "HTTP/1.1 200 OK"
2026-07-10 13:59:27,384 [INFO] httpx: HTTP Request: GET https://gamma-api.polymarket.com/events?series_id=10345&active=true&closed=false&limit=200 "HTTP/1.1 200 OK"
2026-07-10 13:59:27,508 [INFO] httpx: HTTP Request: GET https://api.elections.kalshi.com/trade-api/v2/markets?series_ticker=KXNBAGAME&status=open&limit=200 "HTTP/1.1 200 OK"
2026-07-10 13:59:27,938 [INFO] httpx: HTTP Request: GET https://gamma-api.polymarket.com/events?series_id=10346&active=true&closed=false&limit=200 "HTTP/1.1 200 OK"
2026-07-10 13:59:27,957 [INFO] httpx: HTTP Request: GET https://api.elections.kalshi.com/trade-api/v2/markets?series_ticker=KXNHLGAME&status=open&limit=200 "HTTP/1.1 200 OK"
2026-07-10 13:59:38,199 [INFO] httpx: HTTP Request: GET https://gamma-api.polymarket.com/events?series_id=39&active=true&closed=false&limit=200 "HTTP/1.1 200 OK"
2026-07-10 13:59:38,294 [INFO] httpx: HTTP Request: GET https://api.elections.kalshi.com/trade-api/v2/markets?series_ticker=KXNCAABGAME&status=open&limit=200 "HTTP/1.1 200 OK"
2026-07-10 13:59:38,891 [INFO] httpx: HTTP Request: GET https://api.elections.kalshi.com/trade-api/v2/markets?series_ticker=KXNCAAFGAME&status=open&limit=200 "HTTP/1.1 200 OK"
2026-07-10 13:59:38,977 [INFO] httpx: HTTP Request: GET https://gamma-api.polymarket.com/events?series_id=10210&active=true&closed=false&limit=200 "HTTP/1.1 200 OK"
2026-07-10 13:59:52,389 [INFO] httpx: HTTP Request: GET https://gamma-api.polymarket.com/events?series_id=3&active=true&closed=false&limit=200 "HTTP/1.1 200 OK"
2026-07-10 13:59:52,426 [INFO] httpx: HTTP Request: GET https://api.elections.kalshi.com/trade-api/v2/markets?series_ticker=KXMLBGAME&status=open&limit=200 "HTTP/1.1 200 OK"
2026-07-10 14:00:02,042 [INFO] httpx: HTTP Request: GET https://gamma-api.polymarket.com/events?series_id=10187&active=true&closed=false&limit=200 "HTTP/1.1 200 OK"
2026-07-10 14:00:02,166 [INFO] httpx: HTTP Request: GET https://api.elections.kalshi.com/trade-api/v2/markets?series_ticker=KXNFLGAME&status=open&limit=200 "HTTP/1.1 200 OK"
2026-07-10 14:00:04,738 [INFO] httpx: HTTP Request: GET https://gamma-api.polymarket.com/events?series_id=10345&active=true&closed=false&limit=200 "HTTP/1.1 200 OK"
2026-07-10 14:00:04,766 [INFO] httpx: HTTP Request: GET https://api.elections.kalshi.com/trade-api/v2/markets?series_ticker=KXNBAGAME&status=open&limit=200 "HTTP/1.1 200 OK"
2026-07-10 14:00:11,411 [INFO] httpx: HTTP Request: GET https://gamma-api.polymarket.com/events?series_id=10346&active=true&closed=false&limit=200 "HTTP/1.1 200 OK"
2026-07-10 14:00:11,494 [INFO] httpx: HTTP Request: GET https://api.elections.kalshi.com/trade-api/v2/markets?series_ticker=KXNHLGAME&status=open&limit=200 "HTTP/1.1 200 OK"
2026-07-10 14:00:17,841 [INFO] httpx: HTTP Request: GET https://gamma-api.polymarket.com/events?series_id=10210&active=true&closed=false&limit=200 "HTTP/1.1 200 OK"
2026-07-10 14:00:18,005 [INFO] httpx: HTTP Request: GET https://api.elections.kalshi.com/trade-api/v2/markets?series_ticker=KXNCAAFGAME&status=open&limit=200 "HTTP/1.1 200 OK"
2026-07-10 14:00:22,949 [INFO] httpx: HTTP Request: GET https://api.elections.kalshi.com/trade-api/v2/markets?series_ticker=KXNCAABGAME&status=open&limit=200 "HTTP/1.1 200 OK"
2026-07-10 14:00:22,997 [INFO] httpx: HTTP Request: GET https://gamma-api.polymarket.com/events?series_id=39&active=true&closed=false&limit=200 "HTTP/1.1 200 OK"
2026-07-10 14:00:31,906 [INFO] httpx: HTTP Request: GET https://gamma-api.polymarket.com/events?series_id=3&active=true&closed=false&limit=200 "HTTP/1.1 200 OK"
2026-07-10 14:00:31,920 [INFO] httpx: HTTP Request: GET https://api.elections.kalshi.com/trade-api/v2/markets?series_ticker=KXMLBGAME&status=open&limit=200 "HTTP/1.1 200 OK"
2026-07-10 14:00:49,198 [INFO] httpx: HTTP Request: GET https://gamma-api.polymarket.com/events?series_id=10187&active=true&closed=false&limit=200 "HTTP/1.1 200 OK"
2026-07-10 14:00:49,342 [INFO] httpx: HTTP Request: GET https://api.elections.kalshi.com/trade-api/v2/markets?series_ticker=KXNFLGAME&status=open&limit=200 "HTTP/1.1 200 OK"
2026-07-10 14:01:17,050 [INFO] httpx: HTTP Request: GET https://gamma-api.polymarket.com/events?series_id=10345&active=true&closed=false&limit=200 "HTTP/1.1 200 OK"
2026-07-10 14:01:17,154 [INFO] httpx: HTTP Request: GET https://api.elections.kalshi.com/trade-api/v2/markets?series_ticker=KXNBAGAME&status=open&limit=200 "HTTP/1.1 200 OK"
2026-07-10 14:01:27,105 [INFO] httpx: HTTP Request: GET https://gamma-api.polymarket.com/events?series_id=10346&active=true&closed=false&limit=200 "HTTP/1.1 200 OK"
2026-07-10 14:01:27,288 [INFO] httpx: HTTP Request: GET https://api.elections.kalshi.com/trade-api/v2/markets?series_ticker=KXNHLGAME&status=open&limit=200 "HTTP/1.1 200 OK"
2026-07-10 14:01:43,311 [INFO] httpx: HTTP Request: GET https://gamma-api.polymarket.com/events?series_id=10210&active=true&closed=false&limit=200 "HTTP/1.1 200 OK"
2026-07-10 14:01:43,402 [INFO] httpx: HTTP Request: GET https://api.elections.kalshi.com/trade-api/v2/markets?series_ticker=KXNCAAFGAME&status=open&limit=200 "HTTP/1.1 200 OK"
2026-07-10 14:01:45,757 [INFO] httpx: HTTP Request: GET https://gamma-api.polymarket.com/events?series_id=39&active=true&closed=false&limit=200 "HTTP/1.1 200 OK"
2026-07-10 14:01:45,792 [INFO] httpx: HTTP Request: GET https://api.elections.kalshi.com/trade-api/v2/markets?series_ticker=KXNCAABGAME&status=open&limit=200 "HTTP/1.1 200 OK"
2026-07-10 14:02:08,276 [INFO] httpx: HTTP Request: GET https://api.elections.kalshi.com/trade-api/v2/markets?series_ticker=KXMLBGAME&status=open&limit=200 "HTTP/1.1 200 OK"
2026-07-10 14:02:08,311 [INFO] httpx: HTTP Request: GET https://gamma-api.polymarket.com/events?series_id=3&active=true&closed=false&limit=200 "HTTP/1.1 200 OK"
2026-07-10 14:02:13,560 [INFO] httpx: HTTP Request: GET https://gamma-api.polymarket.com/events?series_id=10187&active=true&closed=false&limit=200 "HTTP/1.1 200 OK"
2026-07-10 14:02:13,636 [INFO] httpx: HTTP Request: GET https://api.elections.kalshi.com/trade-api/v2/markets?series_ticker=KXNFLGAME&status=open&limit=200 "HTTP/1.1 200 OK"
2026-07-10 14:02:29,464 [INFO] httpx: HTTP Request: GET https://api.elections.kalshi.com/trade-api/v2/markets?series_ticker=KXNBAGAME&status=open&limit=200 "HTTP/1.1 200 OK"
2026-07-10 14:02:29,525 [INFO] httpx: HTTP Request: GET https://gamma-api.polymarket.com/events?series_id=10345&active=true&closed=false&limit=200 "HTTP/1.1 200 OK"
2026-07-10 14:02:30,332 [INFO] httpx: HTTP Request: GET https://gamma-api.polymarket.com/events?series_id=10346&active=true&closed=false&limit=200 "HTTP/1.1 200 OK"
2026-07-10 14:02:30,335 [INFO] httpx: HTTP Request: GET https://api.elections.kalshi.com/trade-api/v2/markets?series_ticker=KXNHLGAME&status=open&limit=200 "HTTP/1.1 200 OK"
2026-07-10 14:02:53,939 [INFO] httpx: HTTP Request: GET https://gamma-api.polymarket.com/events?series_id=39&active=true&closed=false&limit=200 "HTTP/1.1 200 OK"
2026-07-10 14:02:54,097 [INFO] httpx: HTTP Request: GET https://api.elections.kalshi.com/trade-api/v2/markets?series_ticker=KXNCAABGAME&status=open&limit=200 "HTTP/1.1 200 OK"
2026-07-10 14:02:57,416 [INFO] httpx: HTTP Request: GET https://gamma-api.polymarket.com/events?series_id=10210&active=true&closed=false&limit=200 "HTTP/1.1 200 OK"
2026-07-10 14:02:57,436 [INFO] httpx: HTTP Request: GET https://api.elections.kalshi.com/trade-api/v2/markets?series_ticker=KXNCAAFGAME&status=open&limit=200 "HTTP/1.1 200 OK"
2026-07-10 14:03:20,442 [INFO] httpx: HTTP Request: GET https://api.elections.kalshi.com/trade-api/v2/markets?series_ticker=KXMLBGAME&status=open&limit=200 "HTTP/1.1 200 OK"
2026-07-10 14:03:20,530 [INFO] httpx: HTTP Request: GET https://gamma-api.polymarket.com/events?series_id=3&active=true&closed=false&limit=200 "HTTP/1.1 200 OK"
2026-07-10 14:03:23,870 [INFO] httpx: HTTP Request: GET https://gamma-api.polymarket.com/events?series_id=10187&active=true&closed=false&limit=200 "HTTP/1.1 200 OK"
2026-07-10 14:03:23,916 [INFO] httpx: HTTP Request: GET https://api.elections.kalshi.com/trade-api/v2/markets?series_ticker=KXNFLGAME&status=open&limit=200 "HTTP/1.1 200 OK"
2026-07-10 14:03:40,061 [INFO] httpx: HTTP Request: GET https://gamma-api.polymarket.com/events?series_id=10345&active=true&closed=false&limit=200 "HTTP/1.1 200 OK"
2026-07-10 14:03:40,222 [INFO] httpx: HTTP Request: GET https://api.elections.kalshi.com/trade-api/v2/markets?series_ticker=KXNBAGAME&status=open&limit=200 "HTTP/1.1 200 OK"
2026-07-10 14:03:40,719 [INFO] httpx: HTTP Request: GET https://api.elections.kalshi.com/trade-api/v2/markets?series_ticker=KXNHLGAME&status=open&limit=200 "HTTP/1.1 200 OK"
2026-07-10 14:03:40,773 [INFO] httpx: HTTP Request: GET https://gamma-api.polymarket.com/events?series_id=10346&active=true&closed=false&limit=200 "HTTP/1.1 200 OK"
2026-07-10 14:03:56,405 [INFO] httpx: HTTP Request: GET https://api.elections.kalshi.com/trade-api/v2/markets?series_ticker=KXNCAABGAME&status=open&limit=200 "HTTP/1.1 200 OK"
2026-07-10 14:03:56,460 [INFO] httpx: HTTP Request: GET https://gamma-api.polymarket.com/events?series_id=39&active=true&closed=false&limit=200 "HTTP/1.1 200 OK"
2026-07-10 14:03:57,761 [INFO] httpx: HTTP Request: GET https://gamma-api.polymarket.com/events?series_id=10210&active=true&closed=false&limit=200 "HTTP/1.1 200 OK"
2026-07-10 14:03:57,855 [INFO] httpx: HTTP Request: GET https://api.elections.kalshi.com/trade-api/v2/markets?series_ticker=KXNCAAFGAME&status=open&limit=200 "HTTP/1.1 200 OK"
2026-07-10 14:04:16,274 [INFO] httpx: HTTP Request: GET https://gamma-api.polymarket.com/events?series_id=3&active=true&closed=false&limit=200 "HTTP/1.1 200 OK"
2026-07-10 14:04:16,310 [INFO] httpx: HTTP Request: GET https://api.elections.kalshi.com/trade-api/v2/markets?series_ticker=KXMLBGAME&status=open&limit=200 "HTTP/1.1 200 OK"
2026-07-10 14:04:21,822 [INFO] httpx: HTTP Request: GET https://gamma-api.polymarket.com/events?series_id=10187&active=true&closed=false&limit=200 "HTTP/1.1 200 OK"
2026-07-10 14:04:21,908 [INFO] httpx: HTTP Request: GET https://api.elections.kalshi.com/trade-api/v2/markets?series_ticker=KXNFLGAME&status=open&limit=200 "HTTP/1.1 200 OK"
2026-07-10 14:04:37,252 [INFO] httpx: HTTP Request: GET https://gamma-api.polymarket.com/events?series_id=10345&active=true&closed=false&limit=200 "HTTP/1.1 200 OK"
2026-07-10 14:04:37,354 [INFO] httpx: HTTP Request: GET https://api.elections.kalshi.com/trade-api/v2/markets?series_ticker=KXNBAGAME&status=open&limit=200 "HTTP/1.1 200 OK"
2026-07-10 14:04:38,469 [INFO] httpx: HTTP Request: GET https://gamma-api.polymarket.com/events?series_id=10346&active=true&closed=false&limit=200 "HTTP/1.1 200 OK"
2026-07-10 14:04:38,493 [INFO] httpx: HTTP Request: GET https://api.elections.kalshi.com/trade-api/v2/markets?series_ticker=KXNHLGAME&status=open&limit=200 "HTTP/1.1 200 OK"
2026-07-10 14:04:55,334 [INFO] httpx: HTTP Request: GET https://gamma-api.polymarket.com/events?series_id=39&active=true&closed=false&limit=200 "HTTP/1.1 200 OK"
2026-07-10 14:04:55,395 [INFO] httpx: HTTP Request: GET https://api.elections.kalshi.com/trade-api/v2/markets?series_ticker=KXNCAABGAME&status=open&limit=200 "HTTP/1.1 200 OK"
2026-07-10 14:04:57,251 [INFO] httpx: HTTP Request: GET https://api.elections.kalshi.com/trade-api/v2/markets?series_ticker=KXNCAAFGAME&status=open&limit=200 "HTTP/1.1 200 OK"
2026-07-10 14:04:57,338 [INFO] httpx: HTTP Request: GET https://gamma-api.polymarket.com/events?series_id=10210&active=true&closed=false&limit=200 "HTTP/1.1 200 OK"
2026-07-10 15:21:46,000 [INFO] app.services.fetcher: Venue authority loaded: 642 rows
2026-07-10 15:21:46,272 [INFO] httpx: HTTP Request: GET https://gamma-api.polymarket.com/events?series_id=3&active=true&closed=false&limit=200 "HTTP/1.1 200 OK"
2026-07-10 15:21:46,429 [INFO] httpx: HTTP Request: GET https://api.elections.kalshi.com/trade-api/v2/markets?series_ticker=KXMLBGAME&status=open&limit=200 "HTTP/1.1 200 OK"
2026-07-10 15:21:47,447 [INFO] httpx: HTTP Request: GET https://api.elections.kalshi.com/trade-api/v2/markets?series_ticker=KXNFLGAME&status=open&limit=200 "HTTP/1.1 200 OK"
2026-07-10 15:21:47,515 [INFO] httpx: HTTP Request: GET https://gamma-api.polymarket.com/events?series_id=10187&active=true&closed=false&limit=200 "HTTP/1.1 200 OK"
2026-07-10 15:21:56,064 [INFO] httpx: HTTP Request: GET https://gamma-api.polymarket.com/events?series_id=10346&active=true&closed=false&limit=200 "HTTP/1.1 200 OK"
2026-07-10 15:21:56,081 [INFO] httpx: HTTP Request: GET https://api.elections.kalshi.com/trade-api/v2/markets?series_ticker=KXNHLGAME&status=open&limit=200 "HTTP/1.1 200 OK"
2026-07-10 15:21:57,802 [INFO] httpx: HTTP Request: GET https://api.elections.kalshi.com/trade-api/v2/markets?series_ticker=KXNBAGAME&status=open&limit=200 "HTTP/1.1 200 OK"
2026-07-10 15:21:57,819 [INFO] httpx: HTTP Request: GET https://gamma-api.polymarket.com/events?series_id=10345&active=true&closed=false&limit=200 "HTTP/1.1 200 OK"
2026-07-10 15:22:08,235 [INFO] httpx: HTTP Request: GET https://api.elections.kalshi.com/trade-api/v2/markets?series_ticker=KXNCAAFGAME&status=open&limit=200 "HTTP/1.1 200 OK"
2026-07-10 15:22:08,244 [INFO] httpx: HTTP Request: GET https://gamma-api.polymarket.com/events?series_id=10210&active=true&closed=false&limit=200 "HTTP/1.1 200 OK"
2026-07-10 15:22:08,976 [INFO] httpx: HTTP Request: GET https://api.elections.kalshi.com/trade-api/v2/markets?series_ticker=KXNCAABGAME&status=open&limit=200 "HTTP/1.1 200 OK"
2026-07-10 15:22:09,049 [INFO] httpx: HTTP Request: GET https://gamma-api.polymarket.com/events?series_id=39&active=true&closed=false&limit=200 "HTTP/1.1 200 OK"
2026-07-10 15:22:09,083 [INFO] app.services.diagnostics: Run diagnostic written: data\diagnostics\OverlineEdge_RunDiagnostic_20260710_152209.zip
2026-07-10 15:24:20,845 [INFO] httpx: HTTP Request: GET https://gamma-api.polymarket.com/events?series_id=3&active=true&closed=false&limit=200 "HTTP/1.1 200 OK"
2026-07-10 15:24:20,950 [INFO] httpx: HTTP Request: GET https://api.elections.kalshi.com/trade-api/v2/markets?series_ticker=KXMLBGAME&status=open&limit=200 "HTTP/1.1 200 OK"
2026-07-10 15:24:22,820 [INFO] httpx: HTTP Request: GET https://gamma-api.polymarket.com/events?series_id=10187&active=true&closed=false&limit=200 "HTTP/1.1 200 OK"
2026-07-10 15:24:22,886 [INFO] httpx: HTTP Request: GET https://api.elections.kalshi.com/trade-api/v2/markets?series_ticker=KXNFLGAME&status=open&limit=200 "HTTP/1.1 200 OK"
2026-07-10 15:24:31,808 [INFO] httpx: HTTP Request: GET https://api.elections.kalshi.com/trade-api/v2/markets?series_ticker=KXNHLGAME&status=open&limit=200 "HTTP/1.1 200 OK"
2026-07-10 15:24:31,868 [INFO] httpx: HTTP Request: GET https://gamma-api.polymarket.com/events?series_id=10346&active=true&closed=false&limit=200 "HTTP/1.1 200 OK"
2026-07-10 15:24:32,121 [INFO] httpx: HTTP Request: GET https://api.elections.kalshi.com/trade-api/v2/markets?series_ticker=KXNBAGAME&status=open&limit=200 "HTTP/1.1 200 OK"
2026-07-10 15:24:32,122 [INFO] httpx: HTTP Request: GET https://gamma-api.polymarket.com/events?series_id=10345&active=true&closed=false&limit=200 "HTTP/1.1 200 OK"
2026-07-10 15:24:42,605 [INFO] httpx: HTTP Request: GET https://gamma-api.polymarket.com/events?series_id=39&active=true&closed=false&limit=200 "HTTP/1.1 200 OK"
2026-07-10 15:24:42,615 [INFO] httpx: HTTP Request: GET https://api.elections.kalshi.com/trade-api/v2/markets?series_ticker=KXNCAABGAME&status=open&limit=200 "HTTP/1.1 200 OK"
2026-07-10 15:24:42,996 [INFO] httpx: HTTP Request: GET https://gamma-api.polymarket.com/events?series_id=10210&active=true&closed=false&limit=200 "HTTP/1.1 200 OK"
2026-07-10 15:24:43,025 [INFO] httpx: HTTP Request: GET https://api.elections.kalshi.com/trade-api/v2/markets?series_ticker=KXNCAAFGAME&status=open&limit=200 "HTTP/1.1 200 OK"
2026-07-10 15:24:43,045 [INFO] app.services.diagnostics: Run diagnostic written: data\diagnostics\OverlineEdge_RunDiagnostic_20260710_152443.zip
2026-07-10 15:24:53,750 [INFO] httpx: HTTP Request: GET https://gamma-api.polymarket.com/events?series_id=3&active=true&closed=false&limit=200 "HTTP/1.1 200 OK"
2026-07-10 15:24:53,819 [INFO] httpx: HTTP Request: GET https://api.elections.kalshi.com/trade-api/v2/markets?series_ticker=KXMLBGAME&status=open&limit=200 "HTTP/1.1 200 OK"
2026-07-10 15:24:55,258 [INFO] httpx: HTTP Request: GET https://gamma-api.polymarket.com/events?series_id=10187&active=true&closed=false&limit=200 "HTTP/1.1 200 OK"
2026-07-10 15:24:55,313 [INFO] httpx: HTTP Request: GET https://api.elections.kalshi.com/trade-api/v2/markets?series_ticker=KXNFLGAME&status=open&limit=200 "HTTP/1.1 200 OK"
2026-07-10 15:25:03,867 [INFO] httpx: HTTP Request: GET https://gamma-api.polymarket.com/events?series_id=10346&active=true&closed=false&limit=200 "HTTP/1.1 200 OK"
2026-07-10 15:25:03,979 [INFO] httpx: HTTP Request: GET https://api.elections.kalshi.com/trade-api/v2/markets?series_ticker=KXNHLGAME&status=open&limit=200 "HTTP/1.1 200 OK"
2026-07-10 15:25:04,827 [INFO] httpx: HTTP Request: GET https://gamma-api.polymarket.com/events?series_id=10345&active=true&closed=false&limit=200 "HTTP/1.1 200 OK"
2026-07-10 15:25:04,853 [INFO] httpx: HTTP Request: GET https://api.elections.kalshi.com/trade-api/v2/markets?series_ticker=KXNBAGAME&status=open&limit=200 "HTTP/1.1 200 OK"
2026-07-10 15:25:14,907 [INFO] httpx: HTTP Request: GET https://gamma-api.polymarket.com/events?series_id=10210&active=true&closed=false&limit=200 "HTTP/1.1 200 OK"
2026-07-10 15:25:15,038 [INFO] httpx: HTTP Request: GET https://api.elections.kalshi.com/trade-api/v2/markets?series_ticker=KXNCAAFGAME&status=open&limit=200 "HTTP/1.1 200 OK"
2026-07-10 15:25:15,129 [INFO] httpx: HTTP Request: GET https://gamma-api.polymarket.com/events?series_id=39&active=true&closed=false&limit=200 "HTTP/1.1 200 OK"
2026-07-10 15:25:15,172 [INFO] httpx: HTTP Request: GET https://api.elections.kalshi.com/trade-api/v2/markets?series_ticker=KXNCAABGAME&status=open&limit=200 "HTTP/1.1 200 OK"
2026-07-10 15:25:15,192 [INFO] app.services.diagnostics: Run diagnostic written: data\diagnostics\OverlineEdge_RunDiagnostic_20260710_152515.zip
2026-07-10 15:25:25,762 [INFO] httpx: HTTP Request: GET https://gamma-api.polymarket.com/events?series_id=3&active=true&closed=false&limit=200 "HTTP/1.1 200 OK"
2026-07-10 15:25:25,910 [INFO] httpx: HTTP Request: GET https://api.elections.kalshi.com/trade-api/v2/markets?series_ticker=KXMLBGAME&status=open&limit=200 "HTTP/1.1 200 OK"
2026-07-10 15:25:27,210 [INFO] httpx: HTTP Request: GET https://gamma-api.polymarket.com/events?series_id=10187&active=true&closed=false&limit=200 "HTTP/1.1 200 OK"
2026-07-10 15:25:27,258 [INFO] httpx: HTTP Request: GET https://api.elections.kalshi.com/trade-api/v2/markets?series_ticker=KXNFLGAME&status=open&limit=200 "HTTP/1.1 200 OK"
2026-07-10 15:25:35,826 [INFO] httpx: HTTP Request: GET https://gamma-api.polymarket.com/events?series_id=10346&active=true&closed=false&limit=200 "HTTP/1.1 200 OK"
2026-07-10 15:25:35,924 [INFO] httpx: HTTP Request: GET https://api.elections.kalshi.com/trade-api/v2/markets?series_ticker=KXNHLGAME&status=open&limit=200 "HTTP/1.1 200 OK"
2026-07-10 15:25:37,239 [INFO] httpx: HTTP Request: GET https://gamma-api.polymarket.com/events?series_id=10345&active=true&closed=false&limit=200 "HTTP/1.1 200 OK"
2026-07-10 15:25:37,259 [INFO] httpx: HTTP Request: GET https://api.elections.kalshi.com/trade-api/v2/markets?series_ticker=KXNBAGAME&status=open&limit=200 "HTTP/1.1 200 OK"
2026-07-10 15:25:47,051 [INFO] httpx: HTTP Request: GET https://gamma-api.polymarket.com/events?series_id=10210&active=true&closed=false&limit=200 "HTTP/1.1 200 OK"
2026-07-10 15:25:47,066 [INFO] httpx: HTTP Request: GET https://api.elections.kalshi.com/trade-api/v2/markets?series_ticker=KXNCAAFGAME&status=open&limit=200 "HTTP/1.1 200 OK"
2026-07-10 15:25:47,818 [INFO] httpx: HTTP Request: GET https://gamma-api.polymarket.com/events?series_id=39&active=true&closed=false&limit=200 "HTTP/1.1 200 OK"
2026-07-10 15:25:47,836 [INFO] httpx: HTTP Request: GET https://api.elections.kalshi.com/trade-api/v2/markets?series_ticker=KXNCAABGAME&status=open&limit=200 "HTTP/1.1 200 OK"
2026-07-10 15:25:47,860 [INFO] app.services.diagnostics: Run diagnostic written: data\diagnostics\OverlineEdge_RunDiagnostic_20260710_152547.zip
2026-07-10 15:25:58,804 [INFO] httpx: HTTP Request: GET https://gamma-api.polymarket.com/events?series_id=3&active=true&closed=false&limit=200 "HTTP/1.1 200 OK"
2026-07-10 15:25:58,871 [INFO] httpx: HTTP Request: GET https://api.elections.kalshi.com/trade-api/v2/markets?series_ticker=KXMLBGAME&status=open&limit=200 "HTTP/1.1 200 OK"
2026-07-10 15:26:00,784 [INFO] httpx: HTTP Request: GET https://gamma-api.polymarket.com/events?series_id=10187&active=true&closed=false&limit=200 "HTTP/1.1 200 OK"
2026-07-10 15:26:00,839 [INFO] httpx: HTTP Request: GET https://api.elections.kalshi.com/trade-api/v2/markets?series_ticker=KXNFLGAME&status=open&limit=200 "HTTP/1.1 200 OK"
2026-07-10 15:26:10,038 [INFO] httpx: HTTP Request: GET https://gamma-api.polymarket.com/events?series_id=10345&active=true&closed=false&limit=200 "HTTP/1.1 200 OK"
2026-07-10 15:26:10,086 [INFO] httpx: HTTP Request: GET https://api.elections.kalshi.com/trade-api/v2/markets?series_ticker=KXNBAGAME&status=open&limit=200 "HTTP/1.1 200 OK"
2026-07-10 15:26:10,372 [INFO] httpx: HTTP Request: GET https://gamma-api.polymarket.com/events?series_id=10346&active=true&closed=false&limit=200 "HTTP/1.1 200 OK"
2026-07-10 15:26:10,398 [INFO] httpx: HTTP Request: GET https://api.elections.kalshi.com/trade-api/v2/markets?series_ticker=KXNHLGAME&status=open&limit=200 "HTTP/1.1 200 OK"
2026-07-10 15:26:20,587 [INFO] httpx: HTTP Request: GET https://gamma-api.polymarket.com/events?series_id=39&active=true&closed=false&limit=200 "HTTP/1.1 200 OK"
2026-07-10 15:26:20,718 [INFO] httpx: HTTP Request: GET https://api.elections.kalshi.com/trade-api/v2/markets?series_ticker=KXNCAABGAME&status=open&limit=200 "HTTP/1.1 200 OK"
2026-07-10 15:26:21,145 [INFO] httpx: HTTP Request: GET https://gamma-api.polymarket.com/events?series_id=10210&active=true&closed=false&limit=200 "HTTP/1.1 200 OK"
2026-07-10 15:26:21,172 [INFO] httpx: HTTP Request: GET https://api.elections.kalshi.com/trade-api/v2/markets?series_ticker=KXNCAAFGAME&status=open&limit=200 "HTTP/1.1 200 OK"
2026-07-10 15:26:21,205 [INFO] app.services.diagnostics: Run diagnostic written: data\diagnostics\OverlineEdge_RunDiagnostic_20260710_152621.zip
2026-07-10 15:26:44,772 [INFO] httpx: HTTP Request: GET https://api.elections.kalshi.com/trade-api/v2/markets?series_ticker=KXMLBGAME&status=open&limit=200 "HTTP/1.1 200 OK"
2026-07-10 15:26:44,842 [INFO] httpx: HTTP Request: GET https://gamma-api.polymarket.com/events?series_id=3&active=true&closed=false&limit=200 "HTTP/1.1 200 OK"
2026-07-10 15:26:48,160 [INFO] httpx: HTTP Request: GET https://api.elections.kalshi.com/trade-api/v2/markets?series_ticker=KXNFLGAME&status=open&limit=200 "HTTP/1.1 200 OK"
2026-07-10 15:26:48,217 [INFO] httpx: HTTP Request: GET https://gamma-api.polymarket.com/events?series_id=10187&active=true&closed=false&limit=200 "HTTP/1.1 200 OK"
2026-07-10 15:27:04,916 [INFO] httpx: HTTP Request: GET https://gamma-api.polymarket.com/events?series_id=10345&active=true&closed=false&limit=200 "HTTP/1.1 200 OK"
2026-07-10 15:27:04,984 [INFO] httpx: HTTP Request: GET https://api.elections.kalshi.com/trade-api/v2/markets?series_ticker=KXNBAGAME&status=open&limit=200 "HTTP/1.1 200 OK"
2026-07-10 15:27:05,521 [INFO] httpx: HTTP Request: GET https://gamma-api.polymarket.com/events?series_id=10346&active=true&closed=false&limit=200 "HTTP/1.1 200 OK"
2026-07-10 15:27:05,541 [INFO] httpx: HTTP Request: GET https://api.elections.kalshi.com/trade-api/v2/markets?series_ticker=KXNHLGAME&status=open&limit=200 "HTTP/1.1 200 OK"
2026-07-10 15:27:21,713 [INFO] httpx: HTTP Request: GET https://gamma-api.polymarket.com/events?series_id=39&active=true&closed=false&limit=200 "HTTP/1.1 200 OK"
2026-07-10 15:27:21,806 [INFO] httpx: HTTP Request: GET https://api.elections.kalshi.com/trade-api/v2/markets?series_ticker=KXNCAABGAME&status=open&limit=200 "HTTP/1.1 200 OK"
2026-07-10 15:27:22,596 [INFO] httpx: HTTP Request: GET https://gamma-api.polymarket.com/events?series_id=10210&active=true&closed=false&limit=200 "HTTP/1.1 200 OK"
2026-07-10 15:27:22,625 [INFO] httpx: HTTP Request: GET https://api.elections.kalshi.com/trade-api/v2/markets?series_ticker=KXNCAAFGAME&status=open&limit=200 "HTTP/1.1 200 OK"
2026-07-10 15:27:22,688 [INFO] app.services.diagnostics: Run diagnostic written: data\diagnostics\OverlineEdge_RunDiagnostic_20260710_152722.zip
2026-07-10 15:27:43,369 [INFO] httpx: HTTP Request: GET https://gamma-api.polymarket.com/events?series_id=3&active=true&closed=false&limit=200 "HTTP/1.1 200 OK"
2026-07-10 15:27:43,464 [INFO] httpx: HTTP Request: GET https://api.elections.kalshi.com/trade-api/v2/markets?series_ticker=KXMLBGAME&status=open&limit=200 "HTTP/1.1 200 OK"
2026-07-10 15:27:46,269 [INFO] httpx: HTTP Request: GET https://gamma-api.polymarket.com/events?series_id=10187&active=true&closed=false&limit=200 "HTTP/1.1 200 OK"
2026-07-10 15:27:46,337 [INFO] httpx: HTTP Request: GET https://api.elections.kalshi.com/trade-api/v2/markets?series_ticker=KXNFLGAME&status=open&limit=200 "HTTP/1.1 200 OK"
2026-07-10 15:28:01,416 [INFO] httpx: HTTP Request: GET https://gamma-api.polymarket.com/events?series_id=10346&active=true&closed=false&limit=200 "HTTP/1.1 200 OK"
2026-07-10 15:28:01,684 [INFO] httpx: HTTP Request: GET https://api.elections.kalshi.com/trade-api/v2/markets?series_ticker=KXNHLGAME&status=open&limit=200 "HTTP/1.1 200 OK"
2026-07-10 15:28:02,405 [INFO] httpx: HTTP Request: GET https://api.elections.kalshi.com/trade-api/v2/markets?series_ticker=KXNBAGAME&status=open&limit=200 "HTTP/1.1 200 OK"
2026-07-10 15:28:02,490 [INFO] httpx: HTTP Request: GET https://gamma-api.polymarket.com/events?series_id=10345&active=true&closed=false&limit=200 "HTTP/1.1 200 OK"
2026-07-10 15:28:19,711 [INFO] httpx: HTTP Request: GET https://gamma-api.polymarket.com/events?series_id=39&active=true&closed=false&limit=200 "HTTP/1.1 200 OK"
2026-07-10 15:28:19,798 [INFO] httpx: HTTP Request: GET https://api.elections.kalshi.com/trade-api/v2/markets?series_ticker=KXNCAABGAME&status=open&limit=200 "HTTP/1.1 200 OK"
2026-07-10 15:28:21,156 [INFO] httpx: HTTP Request: GET https://gamma-api.polymarket.com/events?series_id=10210&active=true&closed=false&limit=200 "HTTP/1.1 200 OK"
2026-07-10 15:28:21,187 [INFO] httpx: HTTP Request: GET https://api.elections.kalshi.com/trade-api/v2/markets?series_ticker=KXNCAAFGAME&status=open&limit=200 "HTTP/1.1 200 OK"
2026-07-10 15:28:21,225 [INFO] app.services.diagnostics: Run diagnostic written: data\diagnostics\OverlineEdge_RunDiagnostic_20260710_152821.zip
2026-07-10 15:50:47,844 [INFO] httpx: HTTP Request: GET https://api.elections.kalshi.com/trade-api/v2/markets?series_ticker=KXMLBGAME&status=open&limit=200 "HTTP/1.1 200 OK"
2026-07-10 15:50:47,861 [INFO] httpx: HTTP Request: GET https://gamma-api.polymarket.com/events?series_id=3&active=true&closed=false&limit=200 "HTTP/1.1 200 OK"
2026-07-10 15:50:49,088 [INFO] httpx: HTTP Request: GET https://api.elections.kalshi.com/trade-api/v2/markets?series_ticker=KXNFLGAME&status=open&limit=200 "HTTP/1.1 200 OK"
2026-07-10 15:50:49,154 [INFO] httpx: HTTP Request: GET https://gamma-api.polymarket.com/events?series_id=10187&active=true&closed=false&limit=200 "HTTP/1.1 200 OK"
2026-07-10 15:50:57,805 [INFO] httpx: HTTP Request: GET https://gamma-api.polymarket.com/events?series_id=10346&active=true&closed=false&limit=200 "HTTP/1.1 200 OK"
2026-07-10 15:50:57,845 [INFO] httpx: HTTP Request: GET https://api.elections.kalshi.com/trade-api/v2/markets?series_ticker=KXNHLGAME&status=open&limit=200 "HTTP/1.1 200 OK"
2026-07-10 15:50:58,831 [INFO] httpx: HTTP Request: GET https://api.elections.kalshi.com/trade-api/v2/markets?series_ticker=KXNBAGAME&status=open&limit=200 "HTTP/1.1 200 OK"
2026-07-10 15:50:58,837 [INFO] httpx: HTTP Request: GET https://gamma-api.polymarket.com/events?series_id=10345&active=true&closed=false&limit=200 "HTTP/1.1 200 OK"
2026-07-10 15:51:09,066 [INFO] httpx: HTTP Request: GET https://api.elections.kalshi.com/trade-api/v2/markets?series_ticker=KXNCAAFGAME&status=open&limit=200 "HTTP/1.1 200 OK"
2026-07-10 15:51:09,101 [INFO] httpx: HTTP Request: GET https://gamma-api.polymarket.com/events?series_id=10210&active=true&closed=false&limit=200 "HTTP/1.1 200 OK"
2026-07-10 15:51:09,248 [INFO] httpx: HTTP Request: GET https://api.elections.kalshi.com/trade-api/v2/markets?series_ticker=KXNCAABGAME&status=open&limit=200 "HTTP/1.1 200 OK"
2026-07-10 15:51:09,265 [INFO] httpx: HTTP Request: GET https://gamma-api.polymarket.com/events?series_id=39&active=true&closed=false&limit=200 "HTTP/1.1 200 OK"
2026-07-10 15:51:09,287 [INFO] app.services.diagnostics: Run diagnostic written: data\diagnostics\OverlineEdge_RunDiagnostic_20260710_155109.zip
2026-07-10 15:51:20,846 [INFO] httpx: HTTP Request: GET https://gamma-api.polymarket.com/events?series_id=3&active=true&closed=false&limit=200 "HTTP/1.1 200 OK"
2026-07-10 15:51:20,887 [INFO] httpx: HTTP Request: GET https://api.elections.kalshi.com/trade-api/v2/markets?series_ticker=KXMLBGAME&status=open&limit=200 "HTTP/1.1 200 OK"
2026-07-10 15:51:21,967 [INFO] httpx: HTTP Request: GET https://gamma-api.polymarket.com/events?series_id=10187&active=true&closed=false&limit=200 "HTTP/1.1 200 OK"
2026-07-10 15:51:21,980 [INFO] httpx: HTTP Request: GET https://api.elections.kalshi.com/trade-api/v2/markets?series_ticker=KXNFLGAME&status=open&limit=200 "HTTP/1.1 200 OK"
2026-07-10 15:51:30,696 [INFO] httpx: HTTP Request: GET https://gamma-api.polymarket.com/events?series_id=10346&active=true&closed=false&limit=200 "HTTP/1.1 200 OK"
2026-07-10 15:51:30,793 [INFO] httpx: HTTP Request: GET https://api.elections.kalshi.com/trade-api/v2/markets?series_ticker=KXNHLGAME&status=open&limit=200 "HTTP/1.1 200 OK"
2026-07-10 15:51:31,594 [INFO] httpx: HTTP Request: GET https://gamma-api.polymarket.com/events?series_id=10345&active=true&closed=false&limit=200 "HTTP/1.1 200 OK"
2026-07-10 15:51:31,609 [INFO] httpx: HTTP Request: GET https://api.elections.kalshi.com/trade-api/v2/markets?series_ticker=KXNBAGAME&status=open&limit=200 "HTTP/1.1 200 OK"
2026-07-10 15:51:41,819 [INFO] httpx: HTTP Request: GET https://gamma-api.polymarket.com/events?series_id=39&active=true&closed=false&limit=200 "HTTP/1.1 200 OK"
2026-07-10 15:51:41,939 [INFO] httpx: HTTP Request: GET https://api.elections.kalshi.com/trade-api/v2/markets?series_ticker=KXNCAABGAME&status=open&limit=200 "HTTP/1.1 200 OK"
2026-07-10 15:51:42,030 [INFO] httpx: HTTP Request: GET https://gamma-api.polymarket.com/events?series_id=10210&active=true&closed=false&limit=200 "HTTP/1.1 200 OK"
2026-07-10 15:51:42,080 [INFO] httpx: HTTP Request: GET https://api.elections.kalshi.com/trade-api/v2/markets?series_ticker=KXNCAAFGAME&status=open&limit=200 "HTTP/1.1 200 OK"
2026-07-10 15:51:42,114 [INFO] app.services.diagnostics: Run diagnostic written: data\diagnostics\OverlineEdge_RunDiagnostic_20260710_155142.zip
2026-07-10 15:51:53,740 [INFO] httpx: HTTP Request: GET https://gamma-api.polymarket.com/events?series_id=3&active=true&closed=false&limit=200 "HTTP/1.1 200 OK"
2026-07-10 15:51:53,919 [INFO] httpx: HTTP Request: GET https://api.elections.kalshi.com/trade-api/v2/markets?series_ticker=KXMLBGAME&status=open&limit=200 "HTTP/1.1 200 OK"
2026-07-10 15:52:04,720 [INFO] httpx: HTTP Request: GET https://gamma-api.polymarket.com/events?series_id=10187&active=true&closed=false&limit=200 "HTTP/1.1 200 OK"
2026-07-10 15:52:04,810 [INFO] httpx: HTTP Request: GET https://api.elections.kalshi.com/trade-api/v2/markets?series_ticker=KXNFLGAME&status=open&limit=200 "HTTP/1.1 200 OK"
2026-07-10 15:52:07,265 [INFO] httpx: HTTP Request: GET https://gamma-api.polymarket.com/events?series_id=10345&active=true&closed=false&limit=200 "HTTP/1.1 200 OK"
2026-07-10 15:52:07,282 [INFO] httpx: HTTP Request: GET https://api.elections.kalshi.com/trade-api/v2/markets?series_ticker=KXNBAGAME&status=open&limit=200 "HTTP/1.1 200 OK"
2026-07-10 15:52:15,416 [INFO] httpx: HTTP Request: GET https://gamma-api.polymarket.com/events?series_id=10346&active=true&closed=false&limit=200 "HTTP/1.1 200 OK"
2026-07-10 15:52:15,456 [INFO] httpx: HTTP Request: GET https://api.elections.kalshi.com/trade-api/v2/markets?series_ticker=KXNHLGAME&status=open&limit=200 "HTTP/1.1 200 OK"
2026-07-10 15:52:19,102 [INFO] httpx: HTTP Request: GET https://gamma-api.polymarket.com/events?series_id=10210&active=true&closed=false&limit=200 "HTTP/1.1 200 OK"
2026-07-10 15:52:19,183 [INFO] httpx: HTTP Request: GET https://api.elections.kalshi.com/trade-api/v2/markets?series_ticker=KXNCAAFGAME&status=open&limit=200 "HTTP/1.1 200 OK"
2026-07-10 15:52:26,033 [INFO] httpx: HTTP Request: GET https://gamma-api.polymarket.com/events?series_id=39&active=true&closed=false&limit=200 "HTTP/1.1 200 OK"
2026-07-10 15:52:26,117 [INFO] httpx: HTTP Request: GET https://api.elections.kalshi.com/trade-api/v2/markets?series_ticker=KXNCAABGAME&status=open&limit=200 "HTTP/1.1 200 OK"
2026-07-10 15:52:26,139 [INFO] app.services.diagnostics: Run diagnostic written: data\diagnostics\OverlineEdge_RunDiagnostic_20260710_155226.zip
2026-07-10 15:52:30,621 [INFO] httpx: HTTP Request: GET https://gamma-api.polymarket.com/events?series_id=3&active=true&closed=false&limit=200 "HTTP/1.1 200 OK"
2026-07-10 15:52:30,715 [INFO] httpx: HTTP Request: GET https://api.elections.kalshi.com/trade-api/v2/markets?series_ticker=KXMLBGAME&status=open&limit=200 "HTTP/1.1 200 OK"
2026-07-10 15:52:39,274 [INFO] httpx: HTTP Request: GET https://api.elections.kalshi.com/trade-api/v2/markets?series_ticker=KXNFLGAME&status=open&limit=200 "HTTP/1.1 200 OK"
2026-07-10 15:52:39,330 [INFO] httpx: HTTP Request: GET https://gamma-api.polymarket.com/events?series_id=10187&active=true&closed=false&limit=200 "HTTP/1.1 200 OK"
2026-07-10 15:52:42,403 [INFO] httpx: HTTP Request: GET https://gamma-api.polymarket.com/events?series_id=10345&active=true&closed=false&limit=200 "HTTP/1.1 200 OK"
2026-07-10 15:52:42,413 [INFO] httpx: HTTP Request: GET https://api.elections.kalshi.com/trade-api/v2/markets?series_ticker=KXNBAGAME&status=open&limit=200 "HTTP/1.1 200 OK"
2026-07-10 15:52:47,984 [INFO] httpx: HTTP Request: GET https://gamma-api.polymarket.com/events?series_id=10346&active=true&closed=false&limit=200 "HTTP/1.1 200 OK"
2026-07-10 15:52:48,048 [INFO] httpx: HTTP Request: GET https://api.elections.kalshi.com/trade-api/v2/markets?series_ticker=KXNHLGAME&status=open&limit=200 "HTTP/1.1 200 OK"
2026-07-10 15:52:54,513 [INFO] httpx: HTTP Request: GET https://gamma-api.polymarket.com/events?series_id=10210&active=true&closed=false&limit=200 "HTTP/1.1 200 OK"
2026-07-10 15:52:54,668 [INFO] httpx: HTTP Request: GET https://api.elections.kalshi.com/trade-api/v2/markets?series_ticker=KXNCAAFGAME&status=open&limit=200 "HTTP/1.1 200 OK"
2026-07-10 15:52:58,286 [INFO] httpx: HTTP Request: GET https://api.elections.kalshi.com/trade-api/v2/markets?series_ticker=KXNCAABGAME&status=open&limit=200 "HTTP/1.1 200 OK"
2026-07-10 15:52:58,324 [INFO] httpx: HTTP Request: GET https://gamma-api.polymarket.com/events?series_id=39&active=true&closed=false&limit=200 "HTTP/1.1 200 OK"
2026-07-10 15:52:58,398 [INFO] app.services.diagnostics: Run diagnostic written: data\diagnostics\OverlineEdge_RunDiagnostic_20260710_155258.zip
2026-07-10 15:53:07,625 [INFO] httpx: HTTP Request: GET https://api.elections.kalshi.com/trade-api/v2/markets?series_ticker=KXMLBGAME&status=open&limit=200 "HTTP/1.1 200 OK"
2026-07-10 15:53:07,843 [INFO] httpx: HTTP Request: GET https://gamma-api.polymarket.com/events?series_id=3&active=true&closed=false&limit=200 "HTTP/1.1 200 OK"
2026-07-10 15:53:12,160 [INFO] httpx: HTTP Request: GET https://gamma-api.polymarket.com/events?series_id=10187&active=true&closed=false&limit=200 "HTTP/1.1 200 OK"
2026-07-10 15:53:12,224 [INFO] httpx: HTTP Request: GET https://api.elections.kalshi.com/trade-api/v2/markets?series_ticker=KXNFLGAME&status=open&limit=200 "HTTP/1.1 200 OK"
2026-07-10 15:53:29,949 [INFO] httpx: HTTP Request: GET https://api.elections.kalshi.com/trade-api/v2/markets?series_ticker=KXNBAGAME&status=open&limit=200 "HTTP/1.1 200 OK"
2026-07-10 15:53:29,989 [INFO] httpx: HTTP Request: GET https://gamma-api.polymarket.com/events?series_id=10345&active=true&closed=false&limit=200 "HTTP/1.1 200 OK"
2026-07-10 15:53:41,270 [INFO] httpx: HTTP Request: GET https://gamma-api.polymarket.com/events?series_id=10346&active=true&closed=false&limit=200 "HTTP/1.1 200 OK"
2026-07-10 15:53:41,364 [INFO] httpx: HTTP Request: GET https://api.elections.kalshi.com/trade-api/v2/markets?series_ticker=KXNHLGAME&status=open&limit=200 "HTTP/1.1 200 OK"
2026-07-10 15:54:05,875 [INFO] httpx: HTTP Request: GET https://gamma-api.polymarket.com/events?series_id=10210&active=true&closed=false&limit=200 "HTTP/1.1 200 OK"
2026-07-10 15:54:06,085 [INFO] httpx: HTTP Request: GET https://api.elections.kalshi.com/trade-api/v2/markets?series_ticker=KXNCAAFGAME&status=open&limit=200 "HTTP/1.1 200 OK"
2026-07-10 15:54:07,321 [INFO] httpx: HTTP Request: GET https://gamma-api.polymarket.com/events?series_id=39&active=true&closed=false&limit=200 "HTTP/1.1 200 OK"
2026-07-10 15:54:07,343 [INFO] httpx: HTTP Request: GET https://api.elections.kalshi.com/trade-api/v2/markets?series_ticker=KXNCAABGAME&status=open&limit=200 "HTTP/1.1 200 OK"
2026-07-10 15:54:07,443 [INFO] app.services.diagnostics: Run diagnostic written: data\diagnostics\OverlineEdge_RunDiagnostic_20260710_155407.zip
2026-07-10 15:54:36,650 [INFO] httpx: HTTP Request: GET https://gamma-api.polymarket.com/events?series_id=3&active=true&closed=false&limit=200 "HTTP/1.1 200 OK"
2026-07-10 15:54:36,734 [INFO] httpx: HTTP Request: GET https://api.elections.kalshi.com/trade-api/v2/markets?series_ticker=KXMLBGAME&status=open&limit=200 "HTTP/1.1 200 OK"
2026-07-10 15:54:39,897 [INFO] httpx: HTTP Request: GET https://gamma-api.polymarket.com/events?series_id=10187&active=true&closed=false&limit=200 "HTTP/1.1 200 OK"
2026-07-10 15:54:39,950 [INFO] httpx: HTTP Request: GET https://api.elections.kalshi.com/trade-api/v2/markets?series_ticker=KXNFLGAME&status=open&limit=200 "HTTP/1.1 200 OK"
2026-07-10 15:54:54,768 [INFO] httpx: HTTP Request: GET https://gamma-api.polymarket.com/events?series_id=10345&active=true&closed=false&limit=200 "HTTP/1.1 200 OK"
2026-07-10 15:54:54,844 [INFO] httpx: HTTP Request: GET https://api.elections.kalshi.com/trade-api/v2/markets?series_ticker=KXNBAGAME&status=open&limit=200 "HTTP/1.1 200 OK"
2026-07-10 15:54:55,404 [INFO] httpx: HTTP Request: GET https://api.elections.kalshi.com/trade-api/v2/markets?series_ticker=KXNHLGAME&status=open&limit=200 "HTTP/1.1 200 OK"
2026-07-10 15:54:55,478 [INFO] httpx: HTTP Request: GET https://gamma-api.polymarket.com/events?series_id=10346&active=true&closed=false&limit=200 "HTTP/1.1 200 OK"
2026-07-10 15:55:20,973 [INFO] httpx: HTTP Request: GET https://gamma-api.polymarket.com/events?series_id=39&active=true&closed=false&limit=200 "HTTP/1.1 200 OK"
2026-07-10 15:55:21,172 [INFO] httpx: HTTP Request: GET https://api.elections.kalshi.com/trade-api/v2/markets?series_ticker=KXNCAABGAME&status=open&limit=200 "HTTP/1.1 200 OK"
2026-07-10 15:55:21,557 [INFO] httpx: HTTP Request: GET https://gamma-api.polymarket.com/events?series_id=10210&active=true&closed=false&limit=200 "HTTP/1.1 200 OK"
2026-07-10 15:55:21,582 [INFO] httpx: HTTP Request: GET https://api.elections.kalshi.com/trade-api/v2/markets?series_ticker=KXNCAAFGAME&status=open&limit=200 "HTTP/1.1 200 OK"
2026-07-10 15:55:21,648 [INFO] app.services.diagnostics: Run diagnostic written: data\diagnostics\OverlineEdge_RunDiagnostic_20260710_155521.zip
2026-07-10 15:57:48,783 [INFO] httpx: HTTP Request: GET https://api.elections.kalshi.com/trade-api/v2/markets?series_ticker=KXMLBGAME&status=open&limit=200 "HTTP/1.1 200 OK"
2026-07-10 15:57:48,860 [INFO] httpx: HTTP Request: GET https://gamma-api.polymarket.com/events?series_id=3&active=true&closed=false&limit=200 "HTTP/1.1 200 OK"
2026-07-10 15:57:48,888 [INFO] httpx: HTTP Request: GET https://gamma-api.polymarket.com/events?series_id=10187&active=true&closed=false&limit=200 "HTTP/1.1 200 OK"
2026-07-10 15:57:48,890 [INFO] httpx: HTTP Request: GET https://api.elections.kalshi.com/trade-api/v2/markets?series_ticker=KXNFLGAME&status=open&limit=200 "HTTP/1.1 200 OK"
2026-07-10 15:58:01,586 [INFO] httpx: HTTP Request: GET https://gamma-api.polymarket.com/events?series_id=10346&active=true&closed=false&limit=200 "HTTP/1.1 200 OK"
2026-07-10 15:58:01,717 [INFO] httpx: HTTP Request: GET https://api.elections.kalshi.com/trade-api/v2/markets?series_ticker=KXNHLGAME&status=open&limit=200 "HTTP/1.1 200 OK"
2026-07-10 15:58:05,626 [INFO] httpx: HTTP Request: GET https://gamma-api.polymarket.com/events?series_id=10345&active=true&closed=false&limit=200 "HTTP/1.1 200 OK"
2026-07-10 15:58:05,636 [INFO] httpx: HTTP Request: GET https://api.elections.kalshi.com/trade-api/v2/markets?series_ticker=KXNBAGAME&status=open&limit=200 "HTTP/1.1 200 OK"
2026-07-10 15:58:24,734 [INFO] httpx: HTTP Request: GET https://gamma-api.polymarket.com/events?series_id=10210&active=true&closed=false&limit=200 "HTTP/1.1 200 OK"
2026-07-10 15:58:24,747 [INFO] httpx: HTTP Request: GET https://api.elections.kalshi.com/trade-api/v2/markets?series_ticker=KXNCAAFGAME&status=open&limit=200 "HTTP/1.1 200 OK"
2026-07-10 15:58:26,201 [INFO] httpx: HTTP Request: GET https://api.elections.kalshi.com/trade-api/v2/markets?series_ticker=KXNCAABGAME&status=open&limit=200 "HTTP/1.1 200 OK"
2026-07-10 15:58:26,264 [INFO] httpx: HTTP Request: GET https://gamma-api.polymarket.com/events?series_id=39&active=true&closed=false&limit=200 "HTTP/1.1 200 OK"
2026-07-10 15:58:26,462 [INFO] app.services.diagnostics: Run diagnostic written: data\diagnostics\OverlineEdge_RunDiagnostic_20260710_155826.zip
2026-07-10 15:58:56,853 [INFO] httpx: HTTP Request: GET https://gamma-api.polymarket.com/events?series_id=3&active=true&closed=false&limit=200 "HTTP/1.1 200 OK"
2026-07-10 15:58:56,971 [INFO] httpx: HTTP Request: GET https://api.elections.kalshi.com/trade-api/v2/markets?series_ticker=KXMLBGAME&status=open&limit=200 "HTTP/1.1 200 OK"
2026-07-10 15:59:00,051 [INFO] httpx: HTTP Request: GET https://gamma-api.polymarket.com/events?series_id=10187&active=true&closed=false&limit=200 "HTTP/1.1 200 OK"
2026-07-10 15:59:00,108 [INFO] httpx: HTTP Request: GET https://api.elections.kalshi.com/trade-api/v2/markets?series_ticker=KXNFLGAME&status=open&limit=200 "HTTP/1.1 200 OK"
2026-07-10 15:59:17,781 [INFO] httpx: HTTP Request: GET https://gamma-api.polymarket.com/events?series_id=10345&active=true&closed=false&limit=200 "HTTP/1.1 200 OK"
2026-07-10 15:59:17,837 [INFO] httpx: HTTP Request: GET https://api.elections.kalshi.com/trade-api/v2/markets?series_ticker=KXNBAGAME&status=open&limit=200 "HTTP/1.1 200 OK"
2026-07-10 15:59:19,417 [INFO] httpx: HTTP Request: GET https://gamma-api.polymarket.com/events?series_id=10346&active=true&closed=false&limit=200 "HTTP/1.1 200 OK"
2026-07-10 15:59:19,439 [INFO] httpx: HTTP Request: GET https://api.elections.kalshi.com/trade-api/v2/markets?series_ticker=KXNHLGAME&status=open&limit=200 "HTTP/1.1 200 OK"
2026-07-10 15:59:39,158 [INFO] httpx: HTTP Request: GET https://gamma-api.polymarket.com/events?series_id=39&active=true&closed=false&limit=200 "HTTP/1.1 200 OK"
2026-07-10 15:59:39,248 [INFO] httpx: HTTP Request: GET https://gamma-api.polymarket.com/events?series_id=10210&active=true&closed=false&limit=200 "HTTP/1.1 200 OK"
2026-07-10 15:59:39,281 [INFO] httpx: HTTP Request: GET https://api.elections.kalshi.com/trade-api/v2/markets?series_ticker=KXNCAABGAME&status=open&limit=200 "HTTP/1.1 200 OK"
2026-07-10 15:59:39,352 [INFO] httpx: HTTP Request: GET https://api.elections.kalshi.com/trade-api/v2/markets?series_ticker=KXNCAAFGAME&status=open&limit=200 "HTTP/1.1 200 OK"
2026-07-10 15:59:39,473 [INFO] app.services.diagnostics: Run diagnostic written: data\diagnostics\OverlineEdge_RunDiagnostic_20260710_155939.zip
2026-07-10 16:00:07,969 [INFO] httpx: HTTP Request: GET https://gamma-api.polymarket.com/events?series_id=3&active=true&closed=false&limit=200 "HTTP/1.1 200 OK"
2026-07-10 16:00:08,125 [INFO] httpx: HTTP Request: GET https://api.elections.kalshi.com/trade-api/v2/markets?series_ticker=KXMLBGAME&status=open&limit=200 "HTTP/1.1 200 OK"
2026-07-10 16:00:11,842 [INFO] httpx: HTTP Request: GET https://gamma-api.polymarket.com/events?series_id=10187&active=true&closed=false&limit=200 "HTTP/1.1 200 OK"
2026-07-10 16:00:11,896 [INFO] httpx: HTTP Request: GET https://api.elections.kalshi.com/trade-api/v2/markets?series_ticker=KXNFLGAME&status=open&limit=200 "HTTP/1.1 200 OK"
2026-07-10 16:00:27,928 [INFO] httpx: HTTP Request: GET https://gamma-api.polymarket.com/events?series_id=10346&active=true&closed=false&limit=200 "HTTP/1.1 200 OK"
2026-07-10 16:00:28,012 [INFO] httpx: HTTP Request: GET https://api.elections.kalshi.com/trade-api/v2/markets?series_ticker=KXNHLGAME&status=open&limit=200 "HTTP/1.1 200 OK"
2026-07-10 16:00:28,545 [INFO] httpx: HTTP Request: GET https://gamma-api.polymarket.com/events?series_id=10345&active=true&closed=false&limit=200 "HTTP/1.1 200 OK"
2026-07-10 16:00:28,560 [INFO] httpx: HTTP Request: GET https://api.elections.kalshi.com/trade-api/v2/markets?series_ticker=KXNBAGAME&status=open&limit=200 "HTTP/1.1 200 OK"
2026-07-10 16:00:43,344 [INFO] httpx: HTTP Request: GET https://gamma-api.polymarket.com/events?series_id=39&active=true&closed=false&limit=200 "HTTP/1.1 200 OK"
2026-07-10 16:00:43,444 [INFO] httpx: HTTP Request: GET https://api.elections.kalshi.com/trade-api/v2/markets?series_ticker=KXNCAABGAME&status=open&limit=200 "HTTP/1.1 200 OK"
2026-07-10 16:00:44,973 [INFO] httpx: HTTP Request: GET https://api.elections.kalshi.com/trade-api/v2/markets?series_ticker=KXNCAAFGAME&status=open&limit=200 "HTTP/1.1 200 OK"
2026-07-10 16:00:45,007 [INFO] httpx: HTTP Request: GET https://gamma-api.polymarket.com/events?series_id=10210&active=true&closed=false&limit=200 "HTTP/1.1 200 OK"
2026-07-10 16:00:45,061 [INFO] app.services.diagnostics: Run diagnostic written: data\diagnostics\OverlineEdge_RunDiagnostic_20260710_160045.zip
2026-07-10 16:01:06,038 [INFO] httpx: HTTP Request: GET https://api.elections.kalshi.com/trade-api/v2/markets?series_ticker=KXMLBGAME&status=open&limit=200 "HTTP/1.1 200 OK"
2026-07-10 16:01:06,096 [INFO] httpx: HTTP Request: GET https://gamma-api.polymarket.com/events?series_id=3&active=true&closed=false&limit=200 "HTTP/1.1 200 OK"
2026-07-10 16:01:09,801 [INFO] httpx: HTTP Request: GET https://gamma-api.polymarket.com/events?series_id=10187&active=true&closed=false&limit=200 "HTTP/1.1 200 OK"
2026-07-10 16:01:09,861 [INFO] httpx: HTTP Request: GET https://api.elections.kalshi.com/trade-api/v2/markets?series_ticker=KXNFLGAME&status=open&limit=200 "HTTP/1.1 200 OK"
2026-07-10 16:01:25,043 [INFO] httpx: HTTP Request: GET https://gamma-api.polymarket.com/events?series_id=10346&active=true&closed=false&limit=200 "HTTP/1.1 200 OK"
2026-07-10 16:01:25,055 [INFO] httpx: HTTP Request: GET https://gamma-api.polymarket.com/events?series_id=10345&active=true&closed=false&limit=200 "HTTP/1.1 200 OK"
2026-07-10 16:01:25,219 [INFO] httpx: HTTP Request: GET https://api.elections.kalshi.com/trade-api/v2/markets?series_ticker=KXNHLGAME&status=open&limit=200 "HTTP/1.1 200 OK"
2026-07-10 16:01:25,230 [INFO] httpx: HTTP Request: GET https://api.elections.kalshi.com/trade-api/v2/markets?series_ticker=KXNBAGAME&status=open&limit=200 "HTTP/1.1 200 OK"
2026-07-10 16:01:40,215 [INFO] httpx: HTTP Request: GET https://gamma-api.polymarket.com/events?series_id=39&active=true&closed=false&limit=200 "HTTP/1.1 200 OK"
2026-07-10 16:01:40,290 [INFO] httpx: HTTP Request: GET https://api.elections.kalshi.com/trade-api/v2/markets?series_ticker=KXNCAABGAME&status=open&limit=200 "HTTP/1.1 200 OK"
2026-07-10 16:01:42,536 [INFO] httpx: HTTP Request: GET https://gamma-api.polymarket.com/events?series_id=10210&active=true&closed=false&limit=200 "HTTP/1.1 200 OK"
2026-07-10 16:01:42,570 [INFO] httpx: HTTP Request: GET https://api.elections.kalshi.com/trade-api/v2/markets?series_ticker=KXNCAAFGAME&status=open&limit=200 "HTTP/1.1 200 OK"
2026-07-10 16:01:42,825 [INFO] app.services.diagnostics: Run diagnostic written: data\diagnostics\OverlineEdge_RunDiagnostic_20260710_160142.zip
2026-07-10 16:02:21,992 [INFO] httpx: HTTP Request: GET https://gamma-api.polymarket.com/events?series_id=3&active=true&closed=false&limit=200 "HTTP/1.1 200 OK"
2026-07-10 16:02:22,121 [INFO] httpx: HTTP Request: GET https://api.elections.kalshi.com/trade-api/v2/markets?series_ticker=KXMLBGAME&status=open&limit=200 "HTTP/1.1 200 OK"
2026-07-10 16:02:30,600 [INFO] httpx: HTTP Request: GET https://gamma-api.polymarket.com/events?series_id=10187&active=true&closed=false&limit=200 "HTTP/1.1 200 OK"
2026-07-10 16:02:30,868 [INFO] httpx: HTTP Request: GET https://api.elections.kalshi.com/trade-api/v2/markets?series_ticker=KXNFLGAME&status=open&limit=200 "HTTP/1.1 200 OK"
2026-07-10 16:02:52,800 [INFO] httpx: HTTP Request: GET https://gamma-api.polymarket.com/events?series_id=10345&active=true&closed=false&limit=200 "HTTP/1.1 200 OK"
2026-07-10 16:02:52,923 [INFO] httpx: HTTP Request: GET https://api.elections.kalshi.com/trade-api/v2/markets?series_ticker=KXNBAGAME&status=open&limit=200 "HTTP/1.1 200 OK"
2026-07-10 16:02:53,628 [INFO] httpx: HTTP Request: GET https://gamma-api.polymarket.com/events?series_id=10346&active=true&closed=false&limit=200 "HTTP/1.1 200 OK"
2026-07-10 16:02:53,652 [INFO] httpx: HTTP Request: GET https://api.elections.kalshi.com/trade-api/v2/markets?series_ticker=KXNHLGAME&status=open&limit=200 "HTTP/1.1 200 OK"
2026-07-10 16:03:21,005 [INFO] httpx: HTTP Request: GET https://api.elections.kalshi.com/trade-api/v2/markets?series_ticker=KXNCAABGAME&status=open&limit=200 "HTTP/1.1 200 OK"
2026-07-10 16:03:21,016 [INFO] httpx: HTTP Request: GET https://gamma-api.polymarket.com/events?series_id=39&active=true&closed=false&limit=200 "HTTP/1.1 200 OK"
2026-07-10 16:03:23,963 [INFO] httpx: HTTP Request: GET https://gamma-api.polymarket.com/events?series_id=10210&active=true&closed=false&limit=200 "HTTP/1.1 200 OK"
2026-07-10 16:03:24,025 [INFO] httpx: HTTP Request: GET https://api.elections.kalshi.com/trade-api/v2/markets?series_ticker=KXNCAAFGAME&status=open&limit=200 "HTTP/1.1 200 OK"
2026-07-10 16:03:24,162 [INFO] app.services.diagnostics: Run diagnostic written: data\diagnostics\OverlineEdge_RunDiagnostic_20260710_160324.zip
2026-07-10 16:03:54,510 [INFO] httpx: HTTP Request: GET https://gamma-api.polymarket.com/events?series_id=3&active=true&closed=false&limit=200 "HTTP/1.1 200 OK"
2026-07-10 16:03:54,545 [INFO] httpx: HTTP Request: GET https://api.elections.kalshi.com/trade-api/v2/markets?series_ticker=KXMLBGAME&status=open&limit=200 "HTTP/1.1 200 OK"
2026-07-10 16:04:03,000 [INFO] httpx: HTTP Request: GET https://api.elections.kalshi.com/trade-api/v2/markets?series_ticker=KXNFLGAME&status=open&limit=200 "HTTP/1.1 200 OK"
2026-07-10 16:04:03,052 [INFO] httpx: HTTP Request: GET https://gamma-api.polymarket.com/events?series_id=10187&active=true&closed=false&limit=200 "HTTP/1.1 200 OK"
2026-07-10 16:04:20,849 [INFO] httpx: HTTP Request: GET https://gamma-api.polymarket.com/events?series_id=10345&active=true&closed=false&limit=200 "HTTP/1.1 200 OK"
2026-07-10 16:04:20,978 [INFO] httpx: HTTP Request: GET https://api.elections.kalshi.com/trade-api/v2/markets?series_ticker=KXNBAGAME&status=open&limit=200 "HTTP/1.1 200 OK"
2026-07-10 16:04:24,016 [INFO] httpx: HTTP Request: GET https://gamma-api.polymarket.com/events?series_id=10346&active=true&closed=false&limit=200 "HTTP/1.1 200 OK"
2026-07-10 16:04:24,036 [INFO] httpx: HTTP Request: GET https://api.elections.kalshi.com/trade-api/v2/markets?series_ticker=KXNHLGAME&status=open&limit=200 "HTTP/1.1 200 OK"
2026-07-10 16:04:41,222 [INFO] httpx: HTTP Request: GET https://gamma-api.polymarket.com/events?series_id=10210&active=true&closed=false&limit=200 "HTTP/1.1 200 OK"
2026-07-10 16:04:41,298 [INFO] httpx: HTTP Request: GET https://api.elections.kalshi.com/trade-api/v2/markets?series_ticker=KXNCAAFGAME&status=open&limit=200 "HTTP/1.1 200 OK"
2026-07-10 16:04:42,561 [INFO] httpx: HTTP Request: GET https://gamma-api.polymarket.com/events?series_id=39&active=true&closed=false&limit=200 "HTTP/1.1 200 OK"
2026-07-10 16:04:42,576 [INFO] httpx: HTTP Request: GET https://api.elections.kalshi.com/trade-api/v2/markets?series_ticker=KXNCAABGAME&status=open&limit=200 "HTTP/1.1 200 OK"
2026-07-10 16:04:42,648 [INFO] app.services.diagnostics: Run diagnostic written: data\diagnostics\OverlineEdge_RunDiagnostic_20260710_160442.zip
2026-07-10 17:58:17,571 [INFO] httpx: HTTP Request: GET https://api.elections.kalshi.com/trade-api/v2/markets?series_ticker=KXMLBGAME&status=open&limit=200 "HTTP/1.1 200 OK"
2026-07-10 17:58:17,592 [INFO] httpx: HTTP Request: GET https://gamma-api.polymarket.com/events?series_id=3&active=true&closed=false&limit=200 "HTTP/1.1 200 OK"
2026-07-10 17:58:19,158 [INFO] httpx: HTTP Request: GET https://api.elections.kalshi.com/trade-api/v2/markets?series_ticker=KXNFLGAME&status=open&limit=200 "HTTP/1.1 200 OK"
2026-07-10 17:58:19,251 [INFO] httpx: HTTP Request: GET https://gamma-api.polymarket.com/events?series_id=10187&active=true&closed=false&limit=200 "HTTP/1.1 200 OK"
2026-07-10 17:58:28,018 [INFO] httpx: HTTP Request: GET https://gamma-api.polymarket.com/events?series_id=10346&active=true&closed=false&limit=200 "HTTP/1.1 200 OK"
2026-07-10 17:58:28,056 [INFO] httpx: HTTP Request: GET https://api.elections.kalshi.com/trade-api/v2/markets?series_ticker=KXNHLGAME&status=open&limit=200 "HTTP/1.1 200 OK"
2026-07-10 17:58:28,351 [INFO] httpx: HTTP Request: GET https://gamma-api.polymarket.com/events?series_id=10345&active=true&closed=false&limit=200 "HTTP/1.1 200 OK"
2026-07-10 17:58:28,356 [INFO] httpx: HTTP Request: GET https://api.elections.kalshi.com/trade-api/v2/markets?series_ticker=KXNBAGAME&status=open&limit=200 "HTTP/1.1 200 OK"
2026-07-10 17:58:38,782 [INFO] httpx: HTTP Request: GET https://api.elections.kalshi.com/trade-api/v2/markets?series_ticker=KXNCAABGAME&status=open&limit=200 "HTTP/1.1 200 OK"
2026-07-10 17:58:38,812 [INFO] httpx: HTTP Request: GET https://gamma-api.polymarket.com/events?series_id=39&active=true&closed=false&limit=200 "HTTP/1.1 200 OK"
2026-07-10 17:58:39,022 [INFO] httpx: HTTP Request: GET https://api.elections.kalshi.com/trade-api/v2/markets?series_ticker=KXNCAAFGAME&status=open&limit=200 "HTTP/1.1 200 OK"
2026-07-10 17:58:39,110 [INFO] httpx: HTTP Request: GET https://gamma-api.polymarket.com/events?series_id=10210&active=true&closed=false&limit=200 "HTTP/1.1 200 OK"
2026-07-10 17:58:39,163 [INFO] app.services.diagnostics: Run diagnostic written: data\diagnostics\OverlineEdge_RunDiagnostic_20260710_175839.zip
2026-07-10 19:52:16,381 [INFO] httpx: HTTP Request: GET https://gamma-api.polymarket.com/events?series_id=3&active=true&closed=false&limit=200 "HTTP/1.1 200 OK"
2026-07-10 19:52:16,442 [INFO] httpx: HTTP Request: GET https://api.elections.kalshi.com/trade-api/v2/markets?series_ticker=KXMLBGAME&status=open&limit=200 "HTTP/1.1 200 OK"
2026-07-10 19:52:18,636 [INFO] httpx: HTTP Request: GET https://api.elections.kalshi.com/trade-api/v2/markets?series_ticker=KXNFLGAME&status=open&limit=200 "HTTP/1.1 200 OK"
2026-07-10 19:52:18,647 [INFO] httpx: HTTP Request: GET https://gamma-api.polymarket.com/events?series_id=10187&active=true&closed=false&limit=200 "HTTP/1.1 200 OK"
2026-07-10 19:52:27,421 [INFO] httpx: HTTP Request: GET https://gamma-api.polymarket.com/events?series_id=10345&active=true&closed=false&limit=200 "HTTP/1.1 200 OK"
2026-07-10 19:52:27,511 [INFO] httpx: HTTP Request: GET https://api.elections.kalshi.com/trade-api/v2/markets?series_ticker=KXNBAGAME&status=open&limit=200 "HTTP/1.1 200 OK"
2026-07-10 19:52:28,068 [INFO] httpx: HTTP Request: GET https://gamma-api.polymarket.com/events?series_id=10346&active=true&closed=false&limit=200 "HTTP/1.1 200 OK"
2026-07-10 19:52:28,069 [INFO] httpx: HTTP Request: GET https://api.elections.kalshi.com/trade-api/v2/markets?series_ticker=KXNHLGAME&status=open&limit=200 "HTTP/1.1 200 OK"
2026-07-10 19:52:38,475 [INFO] httpx: HTTP Request: GET https://api.elections.kalshi.com/trade-api/v2/markets?series_ticker=KXNCAABGAME&status=open&limit=200 "HTTP/1.1 200 OK"
2026-07-10 19:52:38,495 [INFO] httpx: HTTP Request: GET https://gamma-api.polymarket.com/events?series_id=39&active=true&closed=false&limit=200 "HTTP/1.1 200 OK"
2026-07-10 19:52:38,612 [INFO] httpx: HTTP Request: GET https://api.elections.kalshi.com/trade-api/v2/markets?series_ticker=KXNCAAFGAME&status=open&limit=200 "HTTP/1.1 200 OK"
2026-07-10 19:52:38,694 [INFO] httpx: HTTP Request: GET https://gamma-api.polymarket.com/events?series_id=10210&active=true&closed=false&limit=200 "HTTP/1.1 200 OK"
2026-07-10 19:52:38,734 [INFO] app.services.diagnostics: Run diagnostic written: data\diagnostics\OverlineEdge_RunDiagnostic_20260710_195238.zip
2026-07-10 21:46:16,581 [INFO] httpx: HTTP Request: GET https://gamma-api.polymarket.com/events?series_id=3&active=true&closed=false&limit=200 "HTTP/1.1 200 OK"
2026-07-10 21:46:16,649 [INFO] httpx: HTTP Request: GET https://api.elections.kalshi.com/trade-api/v2/markets?series_ticker=KXMLBGAME&status=open&limit=200 "HTTP/1.1 200 OK"
2026-07-10 21:46:18,537 [INFO] httpx: HTTP Request: GET https://api.elections.kalshi.com/trade-api/v2/markets?series_ticker=KXNFLGAME&status=open&limit=200 "HTTP/1.1 200 OK"
2026-07-10 21:46:18,591 [INFO] httpx: HTTP Request: GET https://gamma-api.polymarket.com/events?series_id=10187&active=true&closed=false&limit=200 "HTTP/1.1 200 OK"
2026-07-10 21:46:27,339 [INFO] httpx: HTTP Request: GET https://gamma-api.polymarket.com/events?series_id=10345&active=true&closed=false&limit=200 "HTTP/1.1 200 OK"
2026-07-10 21:46:27,448 [INFO] httpx: HTTP Request: GET https://api.elections.kalshi.com/trade-api/v2/markets?series_ticker=KXNBAGAME&status=open&limit=200 "HTTP/1.1 200 OK"
2026-07-10 21:46:27,765 [INFO] httpx: HTTP Request: GET https://api.elections.kalshi.com/trade-api/v2/markets?series_ticker=KXNHLGAME&status=open&limit=200 "HTTP/1.1 200 OK"
2026-07-10 21:46:27,766 [INFO] httpx: HTTP Request: GET https://gamma-api.polymarket.com/events?series_id=10346&active=true&closed=false&limit=200 "HTTP/1.1 200 OK"
2026-07-10 21:46:38,060 [INFO] httpx: HTTP Request: GET https://gamma-api.polymarket.com/events?series_id=39&active=true&closed=false&limit=200 "HTTP/1.1 200 OK"
2026-07-10 21:46:38,078 [INFO] httpx: HTTP Request: GET https://api.elections.kalshi.com/trade-api/v2/markets?series_ticker=KXNCAABGAME&status=open&limit=200 "HTTP/1.1 200 OK"
2026-07-10 21:46:38,281 [INFO] httpx: HTTP Request: GET https://api.elections.kalshi.com/trade-api/v2/markets?series_ticker=KXNCAAFGAME&status=open&limit=200 "HTTP/1.1 200 OK"
2026-07-10 21:46:38,365 [INFO] httpx: HTTP Request: GET https://gamma-api.polymarket.com/events?series_id=10210&active=true&closed=false&limit=200 "HTTP/1.1 200 OK"
2026-07-10 21:46:38,411 [INFO] app.services.diagnostics: Run diagnostic written: data\diagnostics\OverlineEdge_RunDiagnostic_20260710_214638.zip
2026-07-10 22:51:45,186 [INFO] httpx: HTTP Request: GET https://gamma-api.polymarket.com/events?series_id=3&active=true&closed=false&limit=200 "HTTP/1.1 200 OK"
2026-07-10 22:51:45,238 [INFO] httpx: HTTP Request: GET https://api.elections.kalshi.com/trade-api/v2/markets?series_ticker=KXMLBGAME&status=open&limit=200 "HTTP/1.1 200 OK"
2026-07-10 22:51:46,406 [INFO] httpx: HTTP Request: GET https://api.elections.kalshi.com/trade-api/v2/markets?series_ticker=KXNFLGAME&status=open&limit=200 "HTTP/1.1 200 OK"
2026-07-10 22:51:46,494 [INFO] httpx: HTTP Request: GET https://gamma-api.polymarket.com/events?series_id=10187&active=true&closed=false&limit=200 "HTTP/1.1 200 OK"
2026-07-10 22:51:54,998 [INFO] httpx: HTTP Request: GET https://gamma-api.polymarket.com/events?series_id=10346&active=true&closed=false&limit=200 "HTTP/1.1 200 OK"
2026-07-10 22:51:55,060 [INFO] httpx: HTTP Request: GET https://api.elections.kalshi.com/trade-api/v2/markets?series_ticker=KXNHLGAME&status=open&limit=200 "HTTP/1.1 200 OK"
2026-07-10 22:51:56,034 [INFO] httpx: HTTP Request: GET https://api.elections.kalshi.com/trade-api/v2/markets?series_ticker=KXNBAGAME&status=open&limit=200 "HTTP/1.1 200 OK"
2026-07-10 22:51:56,114 [INFO] httpx: HTTP Request: GET https://gamma-api.polymarket.com/events?series_id=10345&active=true&closed=false&limit=200 "HTTP/1.1 200 OK"
2026-07-10 22:52:06,056 [INFO] httpx: HTTP Request: GET https://gamma-api.polymarket.com/events?series_id=10210&active=true&closed=false&limit=200 "HTTP/1.1 200 OK"
2026-07-10 22:52:06,065 [INFO] httpx: HTTP Request: GET https://api.elections.kalshi.com/trade-api/v2/markets?series_ticker=KXNCAAFGAME&status=open&limit=200 "HTTP/1.1 200 OK"
2026-07-10 22:52:06,220 [INFO] httpx: HTTP Request: GET https://api.elections.kalshi.com/trade-api/v2/markets?series_ticker=KXNCAABGAME&status=open&limit=200 "HTTP/1.1 200 OK"
2026-07-10 22:52:06,304 [INFO] httpx: HTTP Request: GET https://gamma-api.polymarket.com/events?series_id=39&active=true&closed=false&limit=200 "HTTP/1.1 200 OK"
2026-07-10 22:52:06,323 [INFO] app.services.diagnostics: Run diagnostic written: data\diagnostics\OverlineEdge_RunDiagnostic_20260710_225206.zip
2026-07-10 22:52:16,745 [INFO] httpx: HTTP Request: GET https://gamma-api.polymarket.com/events?series_id=3&active=true&closed=false&limit=200 "HTTP/1.1 200 OK"
2026-07-10 22:52:16,753 [INFO] httpx: HTTP Request: GET https://api.elections.kalshi.com/trade-api/v2/markets?series_ticker=KXMLBGAME&status=open&limit=200 "HTTP/1.1 200 OK"
2026-07-10 22:52:18,782 [INFO] httpx: HTTP Request: GET https://gamma-api.polymarket.com/events?series_id=10187&active=true&closed=false&limit=200 "HTTP/1.1 200 OK"
2026-07-10 22:52:18,888 [INFO] httpx: HTTP Request: GET https://api.elections.kalshi.com/trade-api/v2/markets?series_ticker=KXNFLGAME&status=open&limit=200 "HTTP/1.1 200 OK"
2026-07-10 22:52:27,663 [INFO] httpx: HTTP Request: GET https://gamma-api.polymarket.com/events?series_id=10345&active=true&closed=false&limit=200 "HTTP/1.1 200 OK"
2026-07-10 22:52:27,753 [INFO] httpx: HTTP Request: GET https://api.elections.kalshi.com/trade-api/v2/markets?series_ticker=KXNBAGAME&status=open&limit=200 "HTTP/1.1 200 OK"
2026-07-10 22:52:27,773 [INFO] httpx: HTTP Request: GET https://gamma-api.polymarket.com/events?series_id=10346&active=true&closed=false&limit=200 "HTTP/1.1 200 OK"
2026-07-10 22:52:27,915 [INFO] httpx: HTTP Request: GET https://api.elections.kalshi.com/trade-api/v2/markets?series_ticker=KXNHLGAME&status=open&limit=200 "HTTP/1.1 200 OK"
2026-07-10 22:52:38,171 [INFO] httpx: HTTP Request: GET https://gamma-api.polymarket.com/events?series_id=39&active=true&closed=false&limit=200 "HTTP/1.1 200 OK"
2026-07-10 22:52:38,215 [INFO] httpx: HTTP Request: GET https://api.elections.kalshi.com/trade-api/v2/markets?series_ticker=KXNCAABGAME&status=open&limit=200 "HTTP/1.1 200 OK"
2026-07-10 22:52:38,729 [INFO] httpx: HTTP Request: GET https://gamma-api.polymarket.com/events?series_id=10210&active=true&closed=false&limit=200 "HTTP/1.1 200 OK"
2026-07-10 22:52:38,745 [INFO] httpx: HTTP Request: GET https://api.elections.kalshi.com/trade-api/v2/markets?series_ticker=KXNCAAFGAME&status=open&limit=200 "HTTP/1.1 200 OK"
2026-07-10 22:52:38,770 [INFO] app.services.diagnostics: Run diagnostic written: data\diagnostics\OverlineEdge_RunDiagnostic_20260710_225238.zip
2026-07-10 22:52:48,176 [INFO] httpx: HTTP Request: GET https://gamma-api.polymarket.com/events?series_id=3&active=true&closed=false&limit=200 "HTTP/1.1 200 OK"
2026-07-10 22:52:48,215 [INFO] httpx: HTTP Request: GET https://api.elections.kalshi.com/trade-api/v2/markets?series_ticker=KXMLBGAME&status=open&limit=200 "HTTP/1.1 200 OK"
2026-07-10 22:52:51,048 [INFO] httpx: HTTP Request: GET https://api.elections.kalshi.com/trade-api/v2/markets?series_ticker=KXNFLGAME&status=open&limit=200 "HTTP/1.1 200 OK"
2026-07-10 22:52:51,111 [INFO] httpx: HTTP Request: GET https://gamma-api.polymarket.com/events?series_id=10187&active=true&closed=false&limit=200 "HTTP/1.1 200 OK"
2026-07-10 22:52:58,991 [INFO] httpx: HTTP Request: GET https://gamma-api.polymarket.com/events?series_id=10345&active=true&closed=false&limit=200 "HTTP/1.1 200 OK"
2026-07-10 22:52:59,104 [INFO] httpx: HTTP Request: GET https://api.elections.kalshi.com/trade-api/v2/markets?series_ticker=KXNBAGAME&status=open&limit=200 "HTTP/1.1 200 OK"
2026-07-10 22:52:59,927 [INFO] httpx: HTTP Request: GET https://api.elections.kalshi.com/trade-api/v2/markets?series_ticker=KXNHLGAME&status=open&limit=200 "HTTP/1.1 200 OK"
2026-07-10 22:53:00,013 [INFO] httpx: HTTP Request: GET https://gamma-api.polymarket.com/events?series_id=10346&active=true&closed=false&limit=200 "HTTP/1.1 200 OK"
2026-07-10 22:53:10,195 [INFO] httpx: HTTP Request: GET https://gamma-api.polymarket.com/events?series_id=10210&active=true&closed=false&limit=200 "HTTP/1.1 200 OK"
2026-07-10 22:53:10,278 [INFO] httpx: HTTP Request: GET https://gamma-api.polymarket.com/events?series_id=39&active=true&closed=false&limit=200 "HTTP/1.1 200 OK"
2026-07-10 22:53:10,286 [INFO] httpx: HTTP Request: GET https://api.elections.kalshi.com/trade-api/v2/markets?series_ticker=KXNCAAFGAME&status=open&limit=200 "HTTP/1.1 200 OK"
2026-07-10 22:53:10,386 [INFO] httpx: HTTP Request: GET https://api.elections.kalshi.com/trade-api/v2/markets?series_ticker=KXNCAABGAME&status=open&limit=200 "HTTP/1.1 200 OK"
2026-07-10 22:53:10,405 [INFO] app.services.diagnostics: Run diagnostic written: data\diagnostics\OverlineEdge_RunDiagnostic_20260710_225310.zip
2026-07-10 22:53:20,856 [INFO] httpx: HTTP Request: GET https://api.elections.kalshi.com/trade-api/v2/markets?series_ticker=KXMLBGAME&status=open&limit=200 "HTTP/1.1 200 OK"
2026-07-10 22:53:20,874 [INFO] httpx: HTTP Request: GET https://gamma-api.polymarket.com/events?series_id=3&active=true&closed=false&limit=200 "HTTP/1.1 200 OK"
2026-07-10 22:53:22,652 [INFO] httpx: HTTP Request: GET https://gamma-api.polymarket.com/events?series_id=10187&active=true&closed=false&limit=200 "HTTP/1.1 200 OK"
2026-07-10 22:53:22,688 [INFO] httpx: HTTP Request: GET https://api.elections.kalshi.com/trade-api/v2/markets?series_ticker=KXNFLGAME&status=open&limit=200 "HTTP/1.1 200 OK"
2026-07-10 22:53:31,550 [INFO] httpx: HTTP Request: GET https://gamma-api.polymarket.com/events?series_id=10346&active=true&closed=false&limit=200 "HTTP/1.1 200 OK"
2026-07-10 22:53:31,638 [INFO] httpx: HTTP Request: GET https://api.elections.kalshi.com/trade-api/v2/markets?series_ticker=KXNHLGAME&status=open&limit=200 "HTTP/1.1 200 OK"
2026-07-10 22:53:31,829 [INFO] httpx: HTTP Request: GET https://gamma-api.polymarket.com/events?series_id=10345&active=true&closed=false&limit=200 "HTTP/1.1 200 OK"
2026-07-10 22:53:31,868 [INFO] httpx: HTTP Request: GET https://api.elections.kalshi.com/trade-api/v2/markets?series_ticker=KXNBAGAME&status=open&limit=200 "HTTP/1.1 200 OK"
2026-07-10 22:53:42,204 [INFO] httpx: HTTP Request: GET https://gamma-api.polymarket.com/events?series_id=39&active=true&closed=false&limit=200 "HTTP/1.1 200 OK"
2026-07-10 22:53:42,302 [INFO] httpx: HTTP Request: GET https://api.elections.kalshi.com/trade-api/v2/markets?series_ticker=KXNCAABGAME&status=open&limit=200 "HTTP/1.1 200 OK"
2026-07-10 22:53:42,835 [INFO] httpx: HTTP Request: GET https://gamma-api.polymarket.com/events?series_id=10210&active=true&closed=false&limit=200 "HTTP/1.1 200 OK"
2026-07-10 22:53:42,873 [INFO] httpx: HTTP Request: GET https://api.elections.kalshi.com/trade-api/v2/markets?series_ticker=KXNCAAFGAME&status=open&limit=200 "HTTP/1.1 200 OK"
2026-07-10 22:53:42,900 [INFO] app.services.diagnostics: Run diagnostic written: data\diagnostics\OverlineEdge_RunDiagnostic_20260710_225342.zip
2026-07-10 22:53:52,776 [INFO] httpx: HTTP Request: GET https://gamma-api.polymarket.com/events?series_id=3&active=true&closed=false&limit=200 "HTTP/1.1 200 OK"
2026-07-10 22:53:52,828 [INFO] httpx: HTTP Request: GET https://api.elections.kalshi.com/trade-api/v2/markets?series_ticker=KXMLBGAME&status=open&limit=200 "HTTP/1.1 200 OK"
2026-07-10 22:53:55,642 [INFO] httpx: HTTP Request: GET https://gamma-api.polymarket.com/events?series_id=10187&active=true&closed=false&limit=200 "HTTP/1.1 200 OK"
2026-07-10 22:53:55,695 [INFO] httpx: HTTP Request: GET https://api.elections.kalshi.com/trade-api/v2/markets?series_ticker=KXNFLGAME&status=open&limit=200 "HTTP/1.1 200 OK"
2026-07-10 22:54:03,856 [INFO] httpx: HTTP Request: GET https://gamma-api.polymarket.com/events?series_id=10345&active=true&closed=false&limit=200 "HTTP/1.1 200 OK"
2026-07-10 22:54:03,950 [INFO] httpx: HTTP Request: GET https://api.elections.kalshi.com/trade-api/v2/markets?series_ticker=KXNBAGAME&status=open&limit=200 "HTTP/1.1 200 OK"
2026-07-10 22:54:04,763 [INFO] httpx: HTTP Request: GET https://gamma-api.polymarket.com/events?series_id=10346&active=true&closed=false&limit=200 "HTTP/1.1 200 OK"
2026-07-10 22:54:04,785 [INFO] httpx: HTTP Request: GET https://api.elections.kalshi.com/trade-api/v2/markets?series_ticker=KXNHLGAME&status=open&limit=200 "HTTP/1.1 200 OK"
2026-07-10 22:54:15,197 [INFO] httpx: HTTP Request: GET https://gamma-api.polymarket.com/events?series_id=39&active=true&closed=false&limit=200 "HTTP/1.1 200 OK"
2026-07-10 22:54:15,290 [INFO] httpx: HTTP Request: GET https://api.elections.kalshi.com/trade-api/v2/markets?series_ticker=KXNCAABGAME&status=open&limit=200 "HTTP/1.1 200 OK"
2026-07-10 22:54:15,323 [INFO] httpx: HTTP Request: GET https://gamma-api.polymarket.com/events?series_id=10210&active=true&closed=false&limit=200 "HTTP/1.1 200 OK"
2026-07-10 22:54:15,491 [INFO] httpx: HTTP Request: GET https://api.elections.kalshi.com/trade-api/v2/markets?series_ticker=KXNCAAFGAME&status=open&limit=200 "HTTP/1.1 200 OK"
2026-07-10 22:54:15,513 [INFO] app.services.diagnostics: Run diagnostic written: data\diagnostics\OverlineEdge_RunDiagnostic_20260710_225415.zip
2026-07-10 22:54:26,424 [INFO] httpx: HTTP Request: GET https://gamma-api.polymarket.com/events?series_id=3&active=true&closed=false&limit=200 "HTTP/1.1 200 OK"
2026-07-10 22:54:26,426 [INFO] httpx: HTTP Request: GET https://api.elections.kalshi.com/trade-api/v2/markets?series_ticker=KXMLBGAME&status=open&limit=200 "HTTP/1.1 200 OK"
2026-07-10 22:54:28,415 [INFO] httpx: HTTP Request: GET https://gamma-api.polymarket.com/events?series_id=10187&active=true&closed=false&limit=200 "HTTP/1.1 200 OK"
2026-07-10 22:54:28,454 [INFO] httpx: HTTP Request: GET https://api.elections.kalshi.com/trade-api/v2/markets?series_ticker=KXNFLGAME&status=open&limit=200 "HTTP/1.1 200 OK"
2026-07-10 22:54:37,287 [INFO] httpx: HTTP Request: GET https://gamma-api.polymarket.com/events?series_id=10345&active=true&closed=false&limit=200 "HTTP/1.1 200 OK"
2026-07-10 22:54:37,327 [INFO] httpx: HTTP Request: GET https://api.elections.kalshi.com/trade-api/v2/markets?series_ticker=KXNBAGAME&status=open&limit=200 "HTTP/1.1 200 OK"
2026-07-10 22:54:37,391 [INFO] httpx: HTTP Request: GET https://gamma-api.polymarket.com/events?series_id=10346&active=true&closed=false&limit=200 "HTTP/1.1 200 OK"
2026-07-10 22:54:37,413 [INFO] httpx: HTTP Request: GET https://api.elections.kalshi.com/trade-api/v2/markets?series_ticker=KXNHLGAME&status=open&limit=200 "HTTP/1.1 200 OK"
2026-07-10 22:54:47,679 [INFO] httpx: HTTP Request: GET https://gamma-api.polymarket.com/events?series_id=39&active=true&closed=false&limit=200 "HTTP/1.1 200 OK"
2026-07-10 22:54:47,800 [INFO] httpx: HTTP Request: GET https://api.elections.kalshi.com/trade-api/v2/markets?series_ticker=KXNCAABGAME&status=open&limit=200 "HTTP/1.1 200 OK"
2026-07-10 22:54:48,445 [INFO] httpx: HTTP Request: GET https://api.elections.kalshi.com/trade-api/v2/markets?series_ticker=KXNCAAFGAME&status=open&limit=200 "HTTP/1.1 200 OK"
2026-07-10 22:54:48,498 [INFO] httpx: HTTP Request: GET https://gamma-api.polymarket.com/events?series_id=10210&active=true&closed=false&limit=200 "HTTP/1.1 200 OK"
2026-07-10 22:54:48,519 [INFO] app.services.diagnostics: Run diagnostic written: data\diagnostics\OverlineEdge_RunDiagnostic_20260710_225448.zip
2026-07-10 22:55:07,133 [INFO] httpx: HTTP Request: GET https://gamma-api.polymarket.com/events?series_id=3&active=true&closed=false&limit=200 "HTTP/1.1 200 OK"
2026-07-10 22:55:07,214 [INFO] httpx: HTTP Request: GET https://api.elections.kalshi.com/trade-api/v2/markets?series_ticker=KXMLBGAME&status=open&limit=200 "HTTP/1.1 200 OK"
2026-07-10 22:55:14,071 [INFO] httpx: HTTP Request: GET https://gamma-api.polymarket.com/events?series_id=10187&active=true&closed=false&limit=200 "HTTP/1.1 200 OK"
2026-07-10 22:55:14,166 [INFO] httpx: HTTP Request: GET https://api.elections.kalshi.com/trade-api/v2/markets?series_ticker=KXNFLGAME&status=open&limit=200 "HTTP/1.1 200 OK"
2026-07-10 22:55:29,494 [INFO] httpx: HTTP Request: GET https://api.elections.kalshi.com/trade-api/v2/markets?series_ticker=KXNBAGAME&status=open&limit=200 "HTTP/1.1 200 OK"
2026-07-10 22:55:29,545 [INFO] httpx: HTTP Request: GET https://gamma-api.polymarket.com/events?series_id=10345&active=true&closed=false&limit=200 "HTTP/1.1 200 OK"
2026-07-10 22:55:31,711 [INFO] httpx: HTTP Request: GET https://gamma-api.polymarket.com/events?series_id=10346&active=true&closed=false&limit=200 "HTTP/1.1 200 OK"
2026-07-10 22:55:31,719 [INFO] httpx: HTTP Request: GET https://api.elections.kalshi.com/trade-api/v2/markets?series_ticker=KXNHLGAME&status=open&limit=200 "HTTP/1.1 200 OK"
2026-07-10 22:55:46,213 [INFO] httpx: HTTP Request: GET https://gamma-api.polymarket.com/events?series_id=10210&active=true&closed=false&limit=200 "HTTP/1.1 200 OK"
2026-07-10 22:55:46,277 [INFO] httpx: HTTP Request: GET https://api.elections.kalshi.com/trade-api/v2/markets?series_ticker=KXNCAAFGAME&status=open&limit=200 "HTTP/1.1 200 OK"
2026-07-10 22:55:47,332 [INFO] httpx: HTTP Request: GET https://gamma-api.polymarket.com/events?series_id=39&active=true&closed=false&limit=200 "HTTP/1.1 200 OK"
2026-07-10 22:55:47,378 [INFO] httpx: HTTP Request: GET https://api.elections.kalshi.com/trade-api/v2/markets?series_ticker=KXNCAABGAME&status=open&limit=200 "HTTP/1.1 200 OK"
2026-07-10 22:55:47,424 [INFO] app.services.diagnostics: Run diagnostic written: data\diagnostics\OverlineEdge_RunDiagnostic_20260710_225547.zip
2026-07-10 22:58:13,832 [INFO] httpx: HTTP Request: GET https://api.elections.kalshi.com/trade-api/v2/markets?series_ticker=KXNFLGAME&status=open&limit=200 "HTTP/1.1 200 OK"
2026-07-10 22:58:13,841 [INFO] httpx: HTTP Request: GET https://api.elections.kalshi.com/trade-api/v2/markets?series_ticker=KXMLBGAME&status=open&limit=200 "HTTP/1.1 200 OK"
2026-07-10 22:58:13,896 [INFO] httpx: HTTP Request: GET https://gamma-api.polymarket.com/events?series_id=3&active=true&closed=false&limit=200 "HTTP/1.1 200 OK"
2026-07-10 22:58:13,919 [INFO] httpx: HTTP Request: GET https://gamma-api.polymarket.com/events?series_id=10187&active=true&closed=false&limit=200 "HTTP/1.1 200 OK"
2026-07-10 22:58:28,779 [INFO] httpx: HTTP Request: GET https://gamma-api.polymarket.com/events?series_id=10346&active=true&closed=false&limit=200 "HTTP/1.1 200 OK"
2026-07-10 22:58:28,797 [INFO] httpx: HTTP Request: GET https://api.elections.kalshi.com/trade-api/v2/markets?series_ticker=KXNHLGAME&status=open&limit=200 "HTTP/1.1 200 OK"
2026-07-10 22:58:29,400 [INFO] httpx: HTTP Request: GET https://api.elections.kalshi.com/trade-api/v2/markets?series_ticker=KXNBAGAME&status=open&limit=200 "HTTP/1.1 200 OK"
2026-07-10 22:58:29,407 [INFO] httpx: HTTP Request: GET https://gamma-api.polymarket.com/events?series_id=10345&active=true&closed=false&limit=200 "HTTP/1.1 200 OK"
2026-07-10 22:58:45,020 [INFO] httpx: HTTP Request: GET https://gamma-api.polymarket.com/events?series_id=39&active=true&closed=false&limit=200 "HTTP/1.1 200 OK"
2026-07-10 22:58:45,032 [INFO] httpx: HTTP Request: GET https://api.elections.kalshi.com/trade-api/v2/markets?series_ticker=KXNCAABGAME&status=open&limit=200 "HTTP/1.1 200 OK"
2026-07-10 22:58:46,558 [INFO] httpx: HTTP Request: GET https://gamma-api.polymarket.com/events?series_id=10210&active=true&closed=false&limit=200 "HTTP/1.1 200 OK"
2026-07-10 22:58:46,576 [INFO] httpx: HTTP Request: GET https://api.elections.kalshi.com/trade-api/v2/markets?series_ticker=KXNCAAFGAME&status=open&limit=200 "HTTP/1.1 200 OK"
2026-07-10 22:58:46,665 [INFO] app.services.diagnostics: Run diagnostic written: data\diagnostics\OverlineEdge_RunDiagnostic_20260710_225846.zip
2026-07-10 22:59:06,486 [INFO] httpx: HTTP Request: GET https://api.elections.kalshi.com/trade-api/v2/markets?series_ticker=KXMLBGAME&status=open&limit=200 "HTTP/1.1 200 OK"
2026-07-10 22:59:06,497 [INFO] httpx: HTTP Request: GET https://gamma-api.polymarket.com/events?series_id=3&active=true&closed=false&limit=200 "HTTP/1.1 200 OK"
2026-07-10 22:59:13,514 [INFO] httpx: HTTP Request: GET https://gamma-api.polymarket.com/events?series_id=10187&active=true&closed=false&limit=200 "HTTP/1.1 200 OK"
2026-07-10 22:59:13,616 [INFO] httpx: HTTP Request: GET https://api.elections.kalshi.com/trade-api/v2/markets?series_ticker=KXNFLGAME&status=open&limit=200 "HTTP/1.1 200 OK"
2026-07-10 22:59:23,235 [INFO] httpx: HTTP Request: GET https://gamma-api.polymarket.com/events?series_id=10345&active=true&closed=false&limit=200 "HTTP/1.1 200 OK"
2026-07-10 22:59:23,310 [INFO] httpx: HTTP Request: GET https://api.elections.kalshi.com/trade-api/v2/markets?series_ticker=KXNBAGAME&status=open&limit=200 "HTTP/1.1 200 OK"
2026-07-10 22:59:27,473 [INFO] httpx: HTTP Request: GET https://gamma-api.polymarket.com/events?series_id=10346&active=true&closed=false&limit=200 "HTTP/1.1 200 OK"
2026-07-10 22:59:27,519 [INFO] httpx: HTTP Request: GET https://api.elections.kalshi.com/trade-api/v2/markets?series_ticker=KXNHLGAME&status=open&limit=200 "HTTP/1.1 200 OK"
2026-07-10 22:59:39,884 [INFO] httpx: HTTP Request: GET https://gamma-api.polymarket.com/events?series_id=10210&active=true&closed=false&limit=200 "HTTP/1.1 200 OK"
2026-07-10 22:59:40,048 [INFO] httpx: HTTP Request: GET https://api.elections.kalshi.com/trade-api/v2/markets?series_ticker=KXNCAAFGAME&status=open&limit=200 "HTTP/1.1 200 OK"
2026-07-10 22:59:42,384 [INFO] httpx: HTTP Request: GET https://gamma-api.polymarket.com/events?series_id=39&active=true&closed=false&limit=200 "HTTP/1.1 200 OK"
2026-07-10 22:59:42,415 [INFO] httpx: HTTP Request: GET https://api.elections.kalshi.com/trade-api/v2/markets?series_ticker=KXNCAABGAME&status=open&limit=200 "HTTP/1.1 200 OK"
2026-07-10 22:59:42,469 [INFO] app.services.diagnostics: Run diagnostic written: data\diagnostics\OverlineEdge_RunDiagnostic_20260710_225942.zip
2026-07-10 22:59:56,787 [INFO] httpx: HTTP Request: GET https://gamma-api.polymarket.com/events?series_id=3&active=true&closed=false&limit=200 "HTTP/1.1 200 OK"
2026-07-10 22:59:56,823 [INFO] httpx: HTTP Request: GET https://api.elections.kalshi.com/trade-api/v2/markets?series_ticker=KXMLBGAME&status=open&limit=200 "HTTP/1.1 200 OK"
2026-07-10 23:00:07,340 [INFO] httpx: HTTP Request: GET https://gamma-api.polymarket.com/events?series_id=10187&active=true&closed=false&limit=200 "HTTP/1.1 200 OK"
2026-07-10 23:00:07,450 [INFO] httpx: HTTP Request: GET https://api.elections.kalshi.com/trade-api/v2/markets?series_ticker=KXNFLGAME&status=open&limit=200 "HTTP/1.1 200 OK"
2026-07-10 23:00:15,846 [INFO] httpx: HTTP Request: GET https://gamma-api.polymarket.com/events?series_id=10345&active=true&closed=false&limit=200 "HTTP/1.1 200 OK"
2026-07-10 23:00:15,976 [INFO] httpx: HTTP Request: GET https://api.elections.kalshi.com/trade-api/v2/markets?series_ticker=KXNBAGAME&status=open&limit=200 "HTTP/1.1 200 OK"
2026-07-10 23:00:21,013 [INFO] httpx: HTTP Request: GET https://api.elections.kalshi.com/trade-api/v2/markets?series_ticker=KXNHLGAME&status=open&limit=200 "HTTP/1.1 200 OK"
2026-07-10 23:00:21,071 [INFO] httpx: HTTP Request: GET https://gamma-api.polymarket.com/events?series_id=10346&active=true&closed=false&limit=200 "HTTP/1.1 200 OK"
2026-07-10 23:00:32,382 [INFO] httpx: HTTP Request: GET https://api.elections.kalshi.com/trade-api/v2/markets?series_ticker=KXNCAAFGAME&status=open&limit=200 "HTTP/1.1 200 OK"
2026-07-10 23:00:32,392 [INFO] httpx: HTTP Request: GET https://gamma-api.polymarket.com/events?series_id=10210&active=true&closed=false&limit=200 "HTTP/1.1 200 OK"
2026-07-10 23:00:36,456 [INFO] httpx: HTTP Request: GET https://gamma-api.polymarket.com/events?series_id=39&active=true&closed=false&limit=200 "HTTP/1.1 200 OK"
2026-07-10 23:00:36,500 [INFO] httpx: HTTP Request: GET https://api.elections.kalshi.com/trade-api/v2/markets?series_ticker=KXNCAABGAME&status=open&limit=200 "HTTP/1.1 200 OK"
2026-07-10 23:00:36,613 [INFO] app.services.diagnostics: Run diagnostic written: data\diagnostics\OverlineEdge_RunDiagnostic_20260710_230036.zip
2026-07-10 23:00:49,160 [INFO] httpx: HTTP Request: GET https://api.elections.kalshi.com/trade-api/v2/markets?series_ticker=KXMLBGAME&status=open&limit=200 "HTTP/1.1 200 OK"
2026-07-10 23:00:49,169 [INFO] httpx: HTTP Request: GET https://gamma-api.polymarket.com/events?series_id=3&active=true&closed=false&limit=200 "HTTP/1.1 200 OK"
2026-07-10 23:01:10,115 [INFO] httpx: HTTP Request: GET https://gamma-api.polymarket.com/events?series_id=10187&active=true&closed=false&limit=200 "HTTP/1.1 200 OK"
2026-07-10 23:01:10,176 [INFO] httpx: HTTP Request: GET https://api.elections.kalshi.com/trade-api/v2/markets?series_ticker=KXNBAGAME&status=open&limit=200 "HTTP/1.1 200 OK"
2026-07-10 23:01:10,230 [INFO] httpx: HTTP Request: GET https://gamma-api.polymarket.com/events?series_id=10345&active=true&closed=false&limit=200 "HTTP/1.1 200 OK"
2026-07-10 23:01:10,242 [INFO] httpx: HTTP Request: GET https://api.elections.kalshi.com/trade-api/v2/markets?series_ticker=KXNFLGAME&status=open&limit=200 "HTTP/1.1 200 OK"
2026-07-10 23:01:25,449 [INFO] httpx: HTTP Request: GET https://gamma-api.polymarket.com/events?series_id=10346&active=true&closed=false&limit=200 "HTTP/1.1 200 OK"
2026-07-10 23:01:25,617 [INFO] httpx: HTTP Request: GET https://api.elections.kalshi.com/trade-api/v2/markets?series_ticker=KXNHLGAME&status=open&limit=200 "HTTP/1.1 200 OK"
2026-07-10 23:01:27,578 [INFO] httpx: HTTP Request: GET https://gamma-api.polymarket.com/events?series_id=10210&active=true&closed=false&limit=200 "HTTP/1.1 200 OK"
2026-07-10 23:01:27,665 [INFO] httpx: HTTP Request: GET https://api.elections.kalshi.com/trade-api/v2/markets?series_ticker=KXNCAAFGAME&status=open&limit=200 "HTTP/1.1 200 OK"
2026-07-10 23:01:40,852 [INFO] httpx: HTTP Request: GET https://gamma-api.polymarket.com/events?series_id=39&active=true&closed=false&limit=200 "HTTP/1.1 200 OK"
2026-07-10 23:01:40,932 [INFO] httpx: HTTP Request: GET https://api.elections.kalshi.com/trade-api/v2/markets?series_ticker=KXNCAABGAME&status=open&limit=200 "HTTP/1.1 200 OK"
2026-07-10 23:01:40,994 [INFO] app.services.diagnostics: Run diagnostic written: data\diagnostics\OverlineEdge_RunDiagnostic_20260710_230140.zip
2026-07-10 23:01:44,433 [INFO] httpx: HTTP Request: GET https://gamma-api.polymarket.com/events?series_id=3&active=true&closed=false&limit=200 "HTTP/1.1 200 OK"
2026-07-10 23:01:44,479 [INFO] httpx: HTTP Request: GET https://api.elections.kalshi.com/trade-api/v2/markets?series_ticker=KXMLBGAME&status=open&limit=200 "HTTP/1.1 200 OK"
2026-07-10 23:02:02,059 [INFO] httpx: HTTP Request: GET https://gamma-api.polymarket.com/events?series_id=10187&active=true&closed=false&limit=200 "HTTP/1.1 200 OK"
2026-07-10 23:02:02,136 [INFO] httpx: HTTP Request: GET https://api.elections.kalshi.com/trade-api/v2/markets?series_ticker=KXNFLGAME&status=open&limit=200 "HTTP/1.1 200 OK"
2026-07-10 23:02:02,385 [INFO] httpx: HTTP Request: GET https://gamma-api.polymarket.com/events?series_id=10345&active=true&closed=false&limit=200 "HTTP/1.1 200 OK"
2026-07-10 23:02:02,406 [INFO] httpx: HTTP Request: GET https://api.elections.kalshi.com/trade-api/v2/markets?series_ticker=KXNBAGAME&status=open&limit=200 "HTTP/1.1 200 OK"
2026-07-10 23:02:16,982 [INFO] httpx: HTTP Request: GET https://gamma-api.polymarket.com/events?series_id=10346&active=true&closed=false&limit=200 "HTTP/1.1 200 OK"
2026-07-10 23:02:17,465 [INFO] httpx: HTTP Request: GET https://api.elections.kalshi.com/trade-api/v2/markets?series_ticker=KXNHLGAME&status=open&limit=200 "HTTP/1.1 200 OK"
2026-07-10 23:02:20,276 [INFO] httpx: HTTP Request: GET https://gamma-api.polymarket.com/events?series_id=10210&active=true&closed=false&limit=200 "HTTP/1.1 200 OK"
2026-07-10 23:02:20,312 [INFO] httpx: HTTP Request: GET https://api.elections.kalshi.com/trade-api/v2/markets?series_ticker=KXNCAAFGAME&status=open&limit=200 "HTTP/1.1 200 OK"
2026-07-10 23:02:31,600 [INFO] httpx: HTTP Request: GET https://gamma-api.polymarket.com/events?series_id=39&active=true&closed=false&limit=200 "HTTP/1.1 200 OK"
2026-07-10 23:02:31,667 [INFO] httpx: HTTP Request: GET https://api.elections.kalshi.com/trade-api/v2/markets?series_ticker=KXNCAABGAME&status=open&limit=200 "HTTP/1.1 200 OK"
2026-07-10 23:02:31,767 [INFO] app.services.diagnostics: Run diagnostic written: data\diagnostics\OverlineEdge_RunDiagnostic_20260710_230231.zip
2026-07-10 23:02:40,847 [INFO] httpx: HTTP Request: GET https://gamma-api.polymarket.com/events?series_id=3&active=true&closed=false&limit=200 "HTTP/1.1 200 OK"
2026-07-10 23:02:40,955 [INFO] httpx: HTTP Request: GET https://api.elections.kalshi.com/trade-api/v2/markets?series_ticker=KXMLBGAME&status=open&limit=200 "HTTP/1.1 200 OK"
2026-07-10 23:02:53,307 [INFO] httpx: HTTP Request: GET https://gamma-api.polymarket.com/events?series_id=10187&active=true&closed=false&limit=200 "HTTP/1.1 200 OK"
2026-07-10 23:02:53,327 [INFO] httpx: HTTP Request: GET https://api.elections.kalshi.com/trade-api/v2/markets?series_ticker=KXNFLGAME&status=open&limit=200 "HTTP/1.1 200 OK"
2026-07-10 23:02:58,175 [INFO] httpx: HTTP Request: GET https://gamma-api.polymarket.com/events?series_id=10345&active=true&closed=false&limit=200 "HTTP/1.1 200 OK"
2026-07-10 23:02:58,199 [INFO] httpx: HTTP Request: GET https://api.elections.kalshi.com/trade-api/v2/markets?series_ticker=KXNBAGAME&status=open&limit=200 "HTTP/1.1 200 OK"
2026-07-10 23:03:06,516 [INFO] httpx: HTTP Request: GET https://api.elections.kalshi.com/trade-api/v2/markets?series_ticker=KXNHLGAME&status=open&limit=200 "HTTP/1.1 200 OK"
2026-07-10 23:03:06,536 [INFO] httpx: HTTP Request: GET https://gamma-api.polymarket.com/events?series_id=10346&active=true&closed=false&limit=200 "HTTP/1.1 200 OK"
2026-07-10 23:03:17,328 [INFO] httpx: HTTP Request: GET https://gamma-api.polymarket.com/events?series_id=10210&active=true&closed=false&limit=200 "HTTP/1.1 200 OK"
2026-07-10 23:03:17,454 [INFO] httpx: HTTP Request: GET https://api.elections.kalshi.com/trade-api/v2/markets?series_ticker=KXNCAAFGAME&status=open&limit=200 "HTTP/1.1 200 OK"
2026-07-10 23:03:22,070 [INFO] httpx: HTTP Request: GET https://gamma-api.polymarket.com/events?series_id=39&active=true&closed=false&limit=200 "HTTP/1.1 200 OK"
2026-07-10 23:03:22,091 [INFO] httpx: HTTP Request: GET https://api.elections.kalshi.com/trade-api/v2/markets?series_ticker=KXNCAABGAME&status=open&limit=200 "HTTP/1.1 200 OK"
2026-07-10 23:03:22,124 [INFO] app.services.diagnostics: Run diagnostic written: data\diagnostics\OverlineEdge_RunDiagnostic_20260710_230322.zip
2026-07-10 23:05:33,520 [INFO] httpx: HTTP Request: GET https://gamma-api.polymarket.com/events?series_id=3&active=true&closed=false&limit=200 "HTTP/1.1 200 OK"
2026-07-10 23:05:33,658 [INFO] httpx: HTTP Request: GET https://api.elections.kalshi.com/trade-api/v2/markets?series_ticker=KXMLBGAME&status=open&limit=200 "HTTP/1.1 200 OK"
2026-07-10 23:05:35,133 [INFO] httpx: HTTP Request: GET https://api.elections.kalshi.com/trade-api/v2/markets?series_ticker=KXNFLGAME&status=open&limit=200 "HTTP/1.1 200 OK"
2026-07-10 23:05:35,182 [INFO] httpx: HTTP Request: GET https://gamma-api.polymarket.com/events?series_id=10187&active=true&closed=false&limit=200 "HTTP/1.1 200 OK"
2026-07-10 23:05:43,984 [INFO] httpx: HTTP Request: GET https://gamma-api.polymarket.com/events?series_id=10346&active=true&closed=false&limit=200 "HTTP/1.1 200 OK"
2026-07-10 23:05:44,073 [INFO] httpx: HTTP Request: GET https://api.elections.kalshi.com/trade-api/v2/markets?series_ticker=KXNHLGAME&status=open&limit=200 "HTTP/1.1 200 OK"
2026-07-10 23:05:44,644 [INFO] httpx: HTTP Request: GET https://api.elections.kalshi.com/trade-api/v2/markets?series_ticker=KXNBAGAME&status=open&limit=200 "HTTP/1.1 200 OK"
2026-07-10 23:05:44,718 [INFO] httpx: HTTP Request: GET https://gamma-api.polymarket.com/events?series_id=10345&active=true&closed=false&limit=200 "HTTP/1.1 200 OK"
2026-07-10 23:05:54,997 [INFO] httpx: HTTP Request: GET https://api.elections.kalshi.com/trade-api/v2/markets?series_ticker=KXNCAAFGAME&status=open&limit=200 "HTTP/1.1 200 OK"
2026-07-10 23:05:55,012 [INFO] httpx: HTTP Request: GET https://gamma-api.polymarket.com/events?series_id=10210&active=true&closed=false&limit=200 "HTTP/1.1 200 OK"
2026-07-10 23:05:55,092 [INFO] httpx: HTTP Request: GET https://gamma-api.polymarket.com/events?series_id=39&active=true&closed=false&limit=200 "HTTP/1.1 200 OK"
2026-07-10 23:05:55,114 [INFO] httpx: HTTP Request: GET https://api.elections.kalshi.com/trade-api/v2/markets?series_ticker=KXNCAABGAME&status=open&limit=200 "HTTP/1.1 200 OK"
2026-07-10 23:05:55,133 [INFO] app.services.diagnostics: Run diagnostic written: data\diagnostics\OverlineEdge_RunDiagnostic_20260710_230555.zip
2026-07-10 23:06:05,976 [INFO] httpx: HTTP Request: GET https://gamma-api.polymarket.com/events?series_id=3&active=true&closed=false&limit=200 "HTTP/1.1 200 OK"
2026-07-10 23:06:06,068 [INFO] httpx: HTTP Request: GET https://api.elections.kalshi.com/trade-api/v2/markets?series_ticker=KXMLBGAME&status=open&limit=200 "HTTP/1.1 200 OK"
2026-07-10 23:06:07,618 [INFO] httpx: HTTP Request: GET https://gamma-api.polymarket.com/events?series_id=10187&active=true&closed=false&limit=200 "HTTP/1.1 200 OK"
2026-07-10 23:06:07,702 [INFO] httpx: HTTP Request: GET https://api.elections.kalshi.com/trade-api/v2/markets?series_ticker=KXNFLGAME&status=open&limit=200 "HTTP/1.1 200 OK"
2026-07-10 23:06:16,349 [INFO] httpx: HTTP Request: GET https://gamma-api.polymarket.com/events?series_id=10346&active=true&closed=false&limit=200 "HTTP/1.1 200 OK"
2026-07-10 23:06:16,386 [INFO] httpx: HTTP Request: GET https://api.elections.kalshi.com/trade-api/v2/markets?series_ticker=KXNHLGAME&status=open&limit=200 "HTTP/1.1 200 OK"
2026-07-10 23:06:16,672 [INFO] httpx: HTTP Request: GET https://gamma-api.polymarket.com/events?series_id=10345&active=true&closed=false&limit=200 "HTTP/1.1 200 OK"
2026-07-10 23:06:16,678 [INFO] httpx: HTTP Request: GET https://api.elections.kalshi.com/trade-api/v2/markets?series_ticker=KXNBAGAME&status=open&limit=200 "HTTP/1.1 200 OK"
2026-07-10 23:06:26,793 [INFO] httpx: HTTP Request: GET https://gamma-api.polymarket.com/events?series_id=39&active=true&closed=false&limit=200 "HTTP/1.1 200 OK"
2026-07-10 23:06:26,850 [INFO] httpx: HTTP Request: GET https://api.elections.kalshi.com/trade-api/v2/markets?series_ticker=KXNCAABGAME&status=open&limit=200 "HTTP/1.1 200 OK"
2026-07-10 23:06:27,335 [INFO] httpx: HTTP Request: GET https://gamma-api.polymarket.com/events?series_id=10210&active=true&closed=false&limit=200 "HTTP/1.1 200 OK"
2026-07-10 23:06:27,360 [INFO] httpx: HTTP Request: GET https://api.elections.kalshi.com/trade-api/v2/markets?series_ticker=KXNCAAFGAME&status=open&limit=200 "HTTP/1.1 200 OK"
2026-07-10 23:06:27,381 [INFO] app.services.diagnostics: Run diagnostic written: data\diagnostics\OverlineEdge_RunDiagnostic_20260710_230627.zip
2026-07-10 23:06:37,111 [INFO] httpx: HTTP Request: GET https://gamma-api.polymarket.com/events?series_id=3&active=true&closed=false&limit=200 "HTTP/1.1 200 OK"
2026-07-10 23:06:37,181 [INFO] httpx: HTTP Request: GET https://api.elections.kalshi.com/trade-api/v2/markets?series_ticker=KXMLBGAME&status=open&limit=200 "HTTP/1.1 200 OK"
2026-07-10 23:06:39,253 [INFO] httpx: HTTP Request: GET https://gamma-api.polymarket.com/events?series_id=10187&active=true&closed=false&limit=200 "HTTP/1.1 200 OK"
2026-07-10 23:06:39,325 [INFO] httpx: HTTP Request: GET https://api.elections.kalshi.com/trade-api/v2/markets?series_ticker=KXNFLGAME&status=open&limit=200 "HTTP/1.1 200 OK"
2026-07-10 23:06:47,705 [INFO] httpx: HTTP Request: GET https://gamma-api.polymarket.com/events?series_id=10345&active=true&closed=false&limit=200 "HTTP/1.1 200 OK"
2026-07-10 23:06:47,801 [INFO] httpx: HTTP Request: GET https://api.elections.kalshi.com/trade-api/v2/markets?series_ticker=KXNBAGAME&status=open&limit=200 "HTTP/1.1 200 OK"
2026-07-10 23:06:48,247 [INFO] httpx: HTTP Request: GET https://gamma-api.polymarket.com/events?series_id=10346&active=true&closed=false&limit=200 "HTTP/1.1 200 OK"
2026-07-10 23:06:48,266 [INFO] httpx: HTTP Request: GET https://api.elections.kalshi.com/trade-api/v2/markets?series_ticker=KXNHLGAME&status=open&limit=200 "HTTP/1.1 200 OK"
2026-07-10 23:06:58,604 [INFO] httpx: HTTP Request: GET https://gamma-api.polymarket.com/events?series_id=10210&active=true&closed=false&limit=200 "HTTP/1.1 200 OK"
2026-07-10 23:06:58,670 [INFO] httpx: HTTP Request: GET https://api.elections.kalshi.com/trade-api/v2/markets?series_ticker=KXNCAAFGAME&status=open&limit=200 "HTTP/1.1 200 OK"
2026-07-10 23:06:58,695 [INFO] httpx: HTTP Request: GET https://gamma-api.polymarket.com/events?series_id=39&active=true&closed=false&limit=200 "HTTP/1.1 200 OK"
2026-07-10 23:06:58,806 [INFO] httpx: HTTP Request: GET https://api.elections.kalshi.com/trade-api/v2/markets?series_ticker=KXNCAABGAME&status=open&limit=200 "HTTP/1.1 200 OK"
2026-07-10 23:06:58,826 [INFO] app.services.diagnostics: Run diagnostic written: data\diagnostics\OverlineEdge_RunDiagnostic_20260710_230658.zip
2026-07-10 23:07:08,853 [INFO] httpx: HTTP Request: GET https://gamma-api.polymarket.com/events?series_id=3&active=true&closed=false&limit=200 "HTTP/1.1 200 OK"
2026-07-10 23:07:08,955 [INFO] httpx: HTTP Request: GET https://api.elections.kalshi.com/trade-api/v2/markets?series_ticker=KXMLBGAME&status=open&limit=200 "HTTP/1.1 200 OK"
2026-07-10 23:07:10,989 [INFO] httpx: HTTP Request: GET https://gamma-api.polymarket.com/events?series_id=10187&active=true&closed=false&limit=200 "HTTP/1.1 200 OK"
2026-07-10 23:07:11,108 [INFO] httpx: HTTP Request: GET https://api.elections.kalshi.com/trade-api/v2/markets?series_ticker=KXNFLGAME&status=open&limit=200 "HTTP/1.1 200 OK"
2026-07-10 23:07:19,854 [INFO] httpx: HTTP Request: GET https://gamma-api.polymarket.com/events?series_id=10346&active=true&closed=false&limit=200 "HTTP/1.1 200 OK"
2026-07-10 23:07:19,945 [INFO] httpx: HTTP Request: GET https://api.elections.kalshi.com/trade-api/v2/markets?series_ticker=KXNHLGAME&status=open&limit=200 "HTTP/1.1 200 OK"
2026-07-10 23:07:20,050 [INFO] httpx: HTTP Request: GET https://gamma-api.polymarket.com/events?series_id=10345&active=true&closed=false&limit=200 "HTTP/1.1 200 OK"
2026-07-10 23:07:20,113 [INFO] httpx: HTTP Request: GET https://api.elections.kalshi.com/trade-api/v2/markets?series_ticker=KXNBAGAME&status=open&limit=200 "HTTP/1.1 200 OK"
2026-07-10 23:07:30,641 [INFO] httpx: HTTP Request: GET https://gamma-api.polymarket.com/events?series_id=39&active=true&closed=false&limit=200 "HTTP/1.1 200 OK"
2026-07-10 23:07:30,655 [INFO] httpx: HTTP Request: GET https://api.elections.kalshi.com/trade-api/v2/markets?series_ticker=KXNCAABGAME&status=open&limit=200 "HTTP/1.1 200 OK"
2026-07-10 23:07:31,316 [INFO] httpx: HTTP Request: GET https://gamma-api.polymarket.com/events?series_id=10210&active=true&closed=false&limit=200 "HTTP/1.1 200 OK"
2026-07-10 23:07:31,354 [INFO] httpx: HTTP Request: GET https://api.elections.kalshi.com/trade-api/v2/markets?series_ticker=KXNCAAFGAME&status=open&limit=200 "HTTP/1.1 200 OK"
2026-07-10 23:07:31,377 [INFO] app.services.diagnostics: Run diagnostic written: data\diagnostics\OverlineEdge_RunDiagnostic_20260710_230731.zip
2026-07-10 23:07:41,148 [INFO] httpx: HTTP Request: GET https://gamma-api.polymarket.com/events?series_id=3&active=true&closed=false&limit=200 "HTTP/1.1 200 OK"
2026-07-10 23:07:41,335 [INFO] httpx: HTTP Request: GET https://api.elections.kalshi.com/trade-api/v2/markets?series_ticker=KXMLBGAME&status=open&limit=200 "HTTP/1.1 200 OK"
2026-07-10 23:07:43,346 [INFO] httpx: HTTP Request: GET https://gamma-api.polymarket.com/events?series_id=10187&active=true&closed=false&limit=200 "HTTP/1.1 200 OK"
2026-07-10 23:07:43,409 [INFO] httpx: HTTP Request: GET https://api.elections.kalshi.com/trade-api/v2/markets?series_ticker=KXNFLGAME&status=open&limit=200 "HTTP/1.1 200 OK"
2026-07-10 23:07:52,026 [INFO] httpx: HTTP Request: GET https://gamma-api.polymarket.com/events?series_id=10345&active=true&closed=false&limit=200 "HTTP/1.1 200 OK"
2026-07-10 23:07:52,104 [INFO] httpx: HTTP Request: GET https://api.elections.kalshi.com/trade-api/v2/markets?series_ticker=KXNBAGAME&status=open&limit=200 "HTTP/1.1 200 OK"
2026-07-10 23:07:53,100 [INFO] httpx: HTTP Request: GET https://api.elections.kalshi.com/trade-api/v2/markets?series_ticker=KXNHLGAME&status=open&limit=200 "HTTP/1.1 200 OK"
2026-07-10 23:07:53,187 [INFO] httpx: HTTP Request: GET https://gamma-api.polymarket.com/events?series_id=10346&active=true&closed=false&limit=200 "HTTP/1.1 200 OK"
2026-07-10 23:08:10,120 [INFO] httpx: HTTP Request: GET https://api.elections.kalshi.com/trade-api/v2/markets?series_ticker=KXNCAABGAME&status=open&limit=200 "HTTP/1.1 200 OK"
2026-07-10 23:08:10,210 [INFO] httpx: HTTP Request: GET https://gamma-api.polymarket.com/events?series_id=39&active=true&closed=false&limit=200 "HTTP/1.1 200 OK"
2026-07-10 23:08:13,077 [INFO] httpx: HTTP Request: GET https://gamma-api.polymarket.com/events?series_id=10210&active=true&closed=false&limit=200 "HTTP/1.1 200 OK"
2026-07-10 23:08:13,104 [INFO] httpx: HTTP Request: GET https://api.elections.kalshi.com/trade-api/v2/markets?series_ticker=KXNCAAFGAME&status=open&limit=200 "HTTP/1.1 200 OK"
2026-07-10 23:08:13,246 [INFO] app.services.diagnostics: Run diagnostic written: data\diagnostics\OverlineEdge_RunDiagnostic_20260710_230813.zip
2026-07-10 23:08:34,301 [INFO] httpx: HTTP Request: GET https://gamma-api.polymarket.com/events?series_id=3&active=true&closed=false&limit=200 "HTTP/1.1 200 OK"
2026-07-10 23:08:34,330 [INFO] httpx: HTTP Request: GET https://api.elections.kalshi.com/trade-api/v2/markets?series_ticker=KXMLBGAME&status=open&limit=200 "HTTP/1.1 200 OK"
2026-07-10 23:08:38,989 [INFO] httpx: HTTP Request: GET https://api.elections.kalshi.com/trade-api/v2/markets?series_ticker=KXNFLGAME&status=open&limit=200 "HTTP/1.1 200 OK"
2026-07-10 23:08:39,030 [INFO] httpx: HTTP Request: GET https://gamma-api.polymarket.com/events?series_id=10187&active=true&closed=false&limit=200 "HTTP/1.1 200 OK"
2026-07-10 23:08:51,485 [INFO] httpx: HTTP Request: GET https://gamma-api.polymarket.com/events?series_id=10345&active=true&closed=false&limit=200 "HTTP/1.1 200 OK"
2026-07-10 23:08:51,661 [INFO] httpx: HTTP Request: GET https://api.elections.kalshi.com/trade-api/v2/markets?series_ticker=KXNBAGAME&status=open&limit=200 "HTTP/1.1 200 OK"
2026-07-10 23:08:54,198 [INFO] httpx: HTTP Request: GET https://gamma-api.polymarket.com/events?series_id=10346&active=true&closed=false&limit=200 "HTTP/1.1 200 OK"
2026-07-10 23:08:54,215 [INFO] httpx: HTTP Request: GET https://api.elections.kalshi.com/trade-api/v2/markets?series_ticker=KXNHLGAME&status=open&limit=200 "HTTP/1.1 200 OK"
2026-07-10 23:09:09,728 [INFO] httpx: HTTP Request: GET https://gamma-api.polymarket.com/events?series_id=10210&active=true&closed=false&limit=200 "HTTP/1.1 200 OK"
2026-07-10 23:09:09,808 [INFO] httpx: HTTP Request: GET https://api.elections.kalshi.com/trade-api/v2/markets?series_ticker=KXNCAAFGAME&status=open&limit=200 "HTTP/1.1 200 OK"
2026-07-10 23:09:11,906 [INFO] httpx: HTTP Request: GET https://gamma-api.polymarket.com/events?series_id=39&active=true&closed=false&limit=200 "HTTP/1.1 200 OK"
2026-07-10 23:09:11,948 [INFO] httpx: HTTP Request: GET https://api.elections.kalshi.com/trade-api/v2/markets?series_ticker=KXNCAABGAME&status=open&limit=200 "HTTP/1.1 200 OK"
2026-07-10 23:09:11,992 [INFO] app.services.diagnostics: Run diagnostic written: data\diagnostics\OverlineEdge_RunDiagnostic_20260710_230911.zip
2026-07-10 23:11:32,728 [INFO] httpx: HTTP Request: GET https://gamma-api.polymarket.com/events?series_id=3&active=true&closed=false&limit=200 "HTTP/1.1 200 OK"
2026-07-10 23:11:32,950 [INFO] httpx: HTTP Request: GET https://api.elections.kalshi.com/trade-api/v2/markets?series_ticker=KXMLBGAME&status=open&limit=200 "HTTP/1.1 200 OK"
2026-07-10 23:11:40,676 [INFO] httpx: HTTP Request: GET https://gamma-api.polymarket.com/events?series_id=10187&active=true&closed=false&limit=200 "HTTP/1.1 200 OK"
2026-07-10 23:11:40,721 [INFO] httpx: HTTP Request: GET https://api.elections.kalshi.com/trade-api/v2/markets?series_ticker=KXNFLGAME&status=open&limit=200 "HTTP/1.1 200 OK"
2026-07-10 23:11:49,314 [INFO] httpx: HTTP Request: GET https://gamma-api.polymarket.com/events?series_id=10345&active=true&closed=false&limit=200 "HTTP/1.1 200 OK"
2026-07-10 23:11:49,354 [INFO] httpx: HTTP Request: GET https://api.elections.kalshi.com/trade-api/v2/markets?series_ticker=KXNBAGAME&status=open&limit=200 "HTTP/1.1 200 OK"
2026-07-10 23:11:52,397 [INFO] httpx: HTTP Request: GET https://gamma-api.polymarket.com/events?series_id=10346&active=true&closed=false&limit=200 "HTTP/1.1 200 OK"
2026-07-10 23:11:52,423 [INFO] httpx: HTTP Request: GET https://api.elections.kalshi.com/trade-api/v2/markets?series_ticker=KXNHLGAME&status=open&limit=200 "HTTP/1.1 200 OK"
2026-07-10 23:12:07,181 [INFO] httpx: HTTP Request: GET https://api.elections.kalshi.com/trade-api/v2/markets?series_ticker=KXNCAAFGAME&status=open&limit=200 "HTTP/1.1 200 OK"
2026-07-10 23:12:07,207 [INFO] httpx: HTTP Request: GET https://gamma-api.polymarket.com/events?series_id=10210&active=true&closed=false&limit=200 "HTTP/1.1 200 OK"
2026-07-10 23:12:09,212 [INFO] httpx: HTTP Request: GET https://api.elections.kalshi.com/trade-api/v2/markets?series_ticker=KXNCAABGAME&status=open&limit=200 "HTTP/1.1 200 OK"
2026-07-10 23:12:09,216 [INFO] httpx: HTTP Request: GET https://gamma-api.polymarket.com/events?series_id=39&active=true&closed=false&limit=200 "HTTP/1.1 200 OK"
2026-07-10 23:12:09,272 [INFO] app.services.diagnostics: Run diagnostic written: data\diagnostics\OverlineEdge_RunDiagnostic_20260710_231209.zip
2026-07-10 23:12:27,893 [INFO] httpx: HTTP Request: GET https://gamma-api.polymarket.com/events?series_id=3&active=true&closed=false&limit=200 "HTTP/1.1 200 OK"
2026-07-10 23:12:28,017 [INFO] httpx: HTTP Request: GET https://api.elections.kalshi.com/trade-api/v2/markets?series_ticker=KXMLBGAME&status=open&limit=200 "HTTP/1.1 200 OK"
2026-07-10 23:12:36,538 [INFO] httpx: HTTP Request: GET https://gamma-api.polymarket.com/events?series_id=10187&active=true&closed=false&limit=200 "HTTP/1.1 200 OK"
2026-07-10 23:12:36,709 [INFO] httpx: HTTP Request: GET https://api.elections.kalshi.com/trade-api/v2/markets?series_ticker=KXNFLGAME&status=open&limit=200 "HTTP/1.1 200 OK"
2026-07-10 23:12:45,178 [INFO] httpx: HTTP Request: GET https://gamma-api.polymarket.com/events?series_id=10345&active=true&closed=false&limit=200 "HTTP/1.1 200 OK"
2026-07-10 23:12:45,270 [INFO] httpx: HTTP Request: GET https://api.elections.kalshi.com/trade-api/v2/markets?series_ticker=KXNBAGAME&status=open&limit=200 "HTTP/1.1 200 OK"
2026-07-10 23:12:49,575 [INFO] httpx: HTTP Request: GET https://gamma-api.polymarket.com/events?series_id=10346&active=true&closed=false&limit=200 "HTTP/1.1 200 OK"
2026-07-10 23:12:49,603 [INFO] httpx: HTTP Request: GET https://api.elections.kalshi.com/trade-api/v2/markets?series_ticker=KXNHLGAME&status=open&limit=200 "HTTP/1.1 200 OK"
2026-07-10 23:13:01,111 [INFO] httpx: HTTP Request: GET https://gamma-api.polymarket.com/events?series_id=10210&active=true&closed=false&limit=200 "HTTP/1.1 200 OK"
2026-07-10 23:13:01,160 [INFO] httpx: HTTP Request: GET https://api.elections.kalshi.com/trade-api/v2/markets?series_ticker=KXNCAAFGAME&status=open&limit=200 "HTTP/1.1 200 OK"
2026-07-10 23:13:05,130 [INFO] httpx: HTTP Request: GET https://gamma-api.polymarket.com/events?series_id=39&active=true&closed=false&limit=200 "HTTP/1.1 200 OK"
2026-07-10 23:13:05,153 [INFO] httpx: HTTP Request: GET https://api.elections.kalshi.com/trade-api/v2/markets?series_ticker=KXNCAABGAME&status=open&limit=200 "HTTP/1.1 200 OK"
2026-07-10 23:13:05,242 [INFO] app.services.diagnostics: Run diagnostic written: data\diagnostics\OverlineEdge_RunDiagnostic_20260710_231305.zip
2026-07-10 23:13:20,342 [INFO] httpx: HTTP Request: GET https://gamma-api.polymarket.com/events?series_id=3&active=true&closed=false&limit=200 "HTTP/1.1 200 OK"
2026-07-10 23:13:20,445 [INFO] httpx: HTTP Request: GET https://api.elections.kalshi.com/trade-api/v2/markets?series_ticker=KXMLBGAME&status=open&limit=200 "HTTP/1.1 200 OK"
2026-07-10 23:13:28,140 [INFO] httpx: HTTP Request: GET https://gamma-api.polymarket.com/events?series_id=10187&active=true&closed=false&limit=200 "HTTP/1.1 200 OK"
2026-07-10 23:13:28,181 [INFO] httpx: HTTP Request: GET https://api.elections.kalshi.com/trade-api/v2/markets?series_ticker=KXNFLGAME&status=open&limit=200 "HTTP/1.1 200 OK"
2026-07-10 23:13:37,157 [INFO] httpx: HTTP Request: GET https://gamma-api.polymarket.com/events?series_id=10345&active=true&closed=false&limit=200 "HTTP/1.1 200 OK"
2026-07-10 23:13:37,298 [INFO] httpx: HTTP Request: GET https://api.elections.kalshi.com/trade-api/v2/markets?series_ticker=KXNBAGAME&status=open&limit=200 "HTTP/1.1 200 OK"
2026-07-10 23:13:41,535 [INFO] httpx: HTTP Request: GET https://api.elections.kalshi.com/trade-api/v2/markets?series_ticker=KXNHLGAME&status=open&limit=200 "HTTP/1.1 200 OK"
2026-07-10 23:13:41,617 [INFO] httpx: HTTP Request: GET https://gamma-api.polymarket.com/events?series_id=10346&active=true&closed=false&limit=200 "HTTP/1.1 200 OK"
2026-07-10 23:13:53,624 [INFO] httpx: HTTP Request: GET https://gamma-api.polymarket.com/events?series_id=10210&active=true&closed=false&limit=200 "HTTP/1.1 200 OK"
2026-07-10 23:13:53,732 [INFO] httpx: HTTP Request: GET https://api.elections.kalshi.com/trade-api/v2/markets?series_ticker=KXNCAAFGAME&status=open&limit=200 "HTTP/1.1 200 OK"
2026-07-10 23:13:57,160 [INFO] httpx: HTTP Request: GET https://api.elections.kalshi.com/trade-api/v2/markets?series_ticker=KXNCAABGAME&status=open&limit=200 "HTTP/1.1 200 OK"
2026-07-10 23:13:57,254 [INFO] httpx: HTTP Request: GET https://gamma-api.polymarket.com/events?series_id=39&active=true&closed=false&limit=200 "HTTP/1.1 200 OK"
2026-07-10 23:13:57,347 [INFO] app.services.diagnostics: Run diagnostic written: data\diagnostics\OverlineEdge_RunDiagnostic_20260710_231357.zip
2026-07-10 23:14:14,913 [INFO] httpx: HTTP Request: GET https://gamma-api.polymarket.com/events?series_id=3&active=true&closed=false&limit=200 "HTTP/1.1 200 OK"
2026-07-10 23:14:14,927 [INFO] httpx: HTTP Request: GET https://api.elections.kalshi.com/trade-api/v2/markets?series_ticker=KXMLBGAME&status=open&limit=200 "HTTP/1.1 200 OK"
2026-07-10 23:14:25,898 [INFO] httpx: HTTP Request: GET https://gamma-api.polymarket.com/events?series_id=10187&active=true&closed=false&limit=200 "HTTP/1.1 200 OK"
2026-07-10 23:14:25,947 [INFO] httpx: HTTP Request: GET https://api.elections.kalshi.com/trade-api/v2/markets?series_ticker=KXNFLGAME&status=open&limit=200 "HTTP/1.1 200 OK"
2026-07-10 23:14:33,856 [INFO] httpx: HTTP Request: GET https://gamma-api.polymarket.com/events?series_id=10345&active=true&closed=false&limit=200 "HTTP/1.1 200 OK"
2026-07-10 23:14:33,999 [INFO] httpx: HTTP Request: GET https://api.elections.kalshi.com/trade-api/v2/markets?series_ticker=KXNBAGAME&status=open&limit=200 "HTTP/1.1 200 OK"
2026-07-10 23:14:40,559 [INFO] httpx: HTTP Request: GET https://gamma-api.polymarket.com/events?series_id=10346&active=true&closed=false&limit=200 "HTTP/1.1 200 OK"
2026-07-10 23:14:40,752 [INFO] httpx: HTTP Request: GET https://api.elections.kalshi.com/trade-api/v2/markets?series_ticker=KXNHLGAME&status=open&limit=200 "HTTP/1.1 200 OK"
2026-07-10 23:14:50,799 [INFO] httpx: HTTP Request: GET https://gamma-api.polymarket.com/events?series_id=10210&active=true&closed=false&limit=200 "HTTP/1.1 200 OK"
2026-07-10 23:14:50,921 [INFO] httpx: HTTP Request: GET https://api.elections.kalshi.com/trade-api/v2/markets?series_ticker=KXNCAAFGAME&status=open&limit=200 "HTTP/1.1 200 OK"
2026-07-10 23:14:55,474 [INFO] httpx: HTTP Request: GET https://gamma-api.polymarket.com/events?series_id=39&active=true&closed=false&limit=200 "HTTP/1.1 200 OK"
2026-07-10 23:14:55,508 [INFO] httpx: HTTP Request: GET https://api.elections.kalshi.com/trade-api/v2/markets?series_ticker=KXNCAABGAME&status=open&limit=200 "HTTP/1.1 200 OK"
2026-07-10 23:14:55,583 [INFO] app.services.diagnostics: Run diagnostic written: data\diagnostics\OverlineEdge_RunDiagnostic_20260710_231455.zip
2026-07-10 23:15:08,420 [INFO] httpx: HTTP Request: GET https://api.elections.kalshi.com/trade-api/v2/markets?series_ticker=KXMLBGAME&status=open&limit=200 "HTTP/1.1 200 OK"
2026-07-10 23:15:08,430 [INFO] httpx: HTTP Request: GET https://gamma-api.polymarket.com/events?series_id=3&active=true&closed=false&limit=200 "HTTP/1.1 200 OK"
2026-07-10 23:15:20,590 [INFO] httpx: HTTP Request: GET https://gamma-api.polymarket.com/events?series_id=10187&active=true&closed=false&limit=200 "HTTP/1.1 200 OK"
2026-07-10 23:15:20,725 [INFO] httpx: HTTP Request: GET https://api.elections.kalshi.com/trade-api/v2/markets?series_ticker=KXNFLGAME&status=open&limit=200 "HTTP/1.1 200 OK"
2026-07-10 23:15:25,442 [INFO] httpx: HTTP Request: GET https://gamma-api.polymarket.com/events?series_id=10345&active=true&closed=false&limit=200 "HTTP/1.1 200 OK"
2026-07-10 23:15:25,482 [INFO] httpx: HTTP Request: GET https://api.elections.kalshi.com/trade-api/v2/markets?series_ticker=KXNBAGAME&status=open&limit=200 "HTTP/1.1 200 OK"
2026-07-10 23:15:33,596 [INFO] httpx: HTTP Request: GET https://gamma-api.polymarket.com/events?series_id=10346&active=true&closed=false&limit=200 "HTTP/1.1 200 OK"
2026-07-10 23:15:33,666 [INFO] httpx: HTTP Request: GET https://api.elections.kalshi.com/trade-api/v2/markets?series_ticker=KXNHLGAME&status=open&limit=200 "HTTP/1.1 200 OK"
2026-07-10 23:15:43,945 [INFO] httpx: HTTP Request: GET https://api.elections.kalshi.com/trade-api/v2/markets?series_ticker=KXNCAAFGAME&status=open&limit=200 "HTTP/1.1 200 OK"
2026-07-10 23:15:43,955 [INFO] httpx: HTTP Request: GET https://gamma-api.polymarket.com/events?series_id=10210&active=true&closed=false&limit=200 "HTTP/1.1 200 OK"
2026-07-10 23:15:49,651 [INFO] httpx: HTTP Request: GET https://gamma-api.polymarket.com/events?series_id=39&active=true&closed=false&limit=200 "HTTP/1.1 200 OK"
2026-07-10 23:15:49,793 [INFO] httpx: HTTP Request: GET https://api.elections.kalshi.com/trade-api/v2/markets?series_ticker=KXNCAABGAME&status=open&limit=200 "HTTP/1.1 200 OK"
2026-07-10 23:15:49,863 [INFO] app.services.diagnostics: Run diagnostic written: data\diagnostics\OverlineEdge_RunDiagnostic_20260710_231549.zip
2026-07-10 23:16:00,654 [INFO] httpx: HTTP Request: GET https://gamma-api.polymarket.com/events?series_id=3&active=true&closed=false&limit=200 "HTTP/1.1 200 OK"
2026-07-10 23:16:00,760 [INFO] httpx: HTTP Request: GET https://api.elections.kalshi.com/trade-api/v2/markets?series_ticker=KXMLBGAME&status=open&limit=200 "HTTP/1.1 200 OK"
2026-07-10 23:16:10,672 [INFO] httpx: HTTP Request: GET https://gamma-api.polymarket.com/events?series_id=10187&active=true&closed=false&limit=200 "HTTP/1.1 200 OK"
2026-07-10 23:16:10,799 [INFO] httpx: HTTP Request: GET https://api.elections.kalshi.com/trade-api/v2/markets?series_ticker=KXNFLGAME&status=open&limit=200 "HTTP/1.1 200 OK"
2026-07-10 23:16:19,490 [INFO] httpx: HTTP Request: GET https://api.elections.kalshi.com/trade-api/v2/markets?series_ticker=KXNBAGAME&status=open&limit=200 "HTTP/1.1 200 OK"
2026-07-10 23:16:19,527 [INFO] httpx: HTTP Request: GET https://gamma-api.polymarket.com/events?series_id=10345&active=true&closed=false&limit=200 "HTTP/1.1 200 OK"
2026-07-10 23:16:24,319 [INFO] httpx: HTTP Request: GET https://gamma-api.polymarket.com/events?series_id=10346&active=true&closed=false&limit=200 "HTTP/1.1 200 OK"
2026-07-10 23:16:24,335 [INFO] httpx: HTTP Request: GET https://api.elections.kalshi.com/trade-api/v2/markets?series_ticker=KXNHLGAME&status=open&limit=200 "HTTP/1.1 200 OK"
2026-07-10 23:16:36,007 [INFO] httpx: HTTP Request: GET https://gamma-api.polymarket.com/events?series_id=10210&active=true&closed=false&limit=200 "HTTP/1.1 200 OK"
2026-07-10 23:16:36,121 [INFO] httpx: HTTP Request: GET https://api.elections.kalshi.com/trade-api/v2/markets?series_ticker=KXNCAAFGAME&status=open&limit=200 "HTTP/1.1 200 OK"
2026-07-10 23:16:39,607 [INFO] httpx: HTTP Request: GET https://gamma-api.polymarket.com/events?series_id=39&active=true&closed=false&limit=200 "HTTP/1.1 200 OK"
2026-07-10 23:16:39,642 [INFO] httpx: HTTP Request: GET https://api.elections.kalshi.com/trade-api/v2/markets?series_ticker=KXNCAABGAME&status=open&limit=200 "HTTP/1.1 200 OK"
2026-07-10 23:16:39,676 [INFO] app.services.diagnostics: Run diagnostic written: data\diagnostics\OverlineEdge_RunDiagnostic_20260710_231639.zip
2026-07-10 23:18:51,002 [INFO] httpx: HTTP Request: GET https://gamma-api.polymarket.com/events?series_id=3&active=true&closed=false&limit=200 "HTTP/1.1 200 OK"
2026-07-10 23:18:51,038 [INFO] httpx: HTTP Request: GET https://api.elections.kalshi.com/trade-api/v2/markets?series_ticker=KXMLBGAME&status=open&limit=200 "HTTP/1.1 200 OK"
2026-07-10 23:18:52,566 [INFO] httpx: HTTP Request: GET https://api.elections.kalshi.com/trade-api/v2/markets?series_ticker=KXNFLGAME&status=open&limit=200 "HTTP/1.1 200 OK"
2026-07-10 23:18:52,656 [INFO] httpx: HTTP Request: GET https://gamma-api.polymarket.com/events?series_id=10187&active=true&closed=false&limit=200 "HTTP/1.1 200 OK"
2026-07-10 23:19:01,504 [INFO] httpx: HTTP Request: GET https://gamma-api.polymarket.com/events?series_id=10346&active=true&closed=false&limit=200 "HTTP/1.1 200 OK"
2026-07-10 23:19:01,530 [INFO] httpx: HTTP Request: GET https://api.elections.kalshi.com/trade-api/v2/markets?series_ticker=KXNHLGAME&status=open&limit=200 "HTTP/1.1 200 OK"
2026-07-10 23:19:02,201 [INFO] httpx: HTTP Request: GET https://gamma-api.polymarket.com/events?series_id=10345&active=true&closed=false&limit=200 "HTTP/1.1 200 OK"
2026-07-10 23:19:02,218 [INFO] httpx: HTTP Request: GET https://api.elections.kalshi.com/trade-api/v2/markets?series_ticker=KXNBAGAME&status=open&limit=200 "HTTP/1.1 200 OK"
2026-07-10 23:19:12,516 [INFO] httpx: HTTP Request: GET https://api.elections.kalshi.com/trade-api/v2/markets?series_ticker=KXNCAABGAME&status=open&limit=200 "HTTP/1.1 200 OK"
2026-07-10 23:19:12,574 [INFO] httpx: HTTP Request: GET https://gamma-api.polymarket.com/events?series_id=39&active=true&closed=false&limit=200 "HTTP/1.1 200 OK"
2026-07-10 23:19:12,675 [INFO] httpx: HTTP Request: GET https://gamma-api.polymarket.com/events?series_id=10210&active=true&closed=false&limit=200 "HTTP/1.1 200 OK"
2026-07-10 23:19:12,692 [INFO] httpx: HTTP Request: GET https://api.elections.kalshi.com/trade-api/v2/markets?series_ticker=KXNCAAFGAME&status=open&limit=200 "HTTP/1.1 200 OK"
2026-07-10 23:19:12,719 [INFO] app.services.diagnostics: Run diagnostic written: data\diagnostics\OverlineEdge_RunDiagnostic_20260710_231912.zip
2026-07-10 23:19:23,213 [INFO] httpx: HTTP Request: GET https://gamma-api.polymarket.com/events?series_id=3&active=true&closed=false&limit=200 "HTTP/1.1 200 OK"
2026-07-10 23:19:23,233 [INFO] httpx: HTTP Request: GET https://api.elections.kalshi.com/trade-api/v2/markets?series_ticker=KXMLBGAME&status=open&limit=200 "HTTP/1.1 200 OK"
2026-07-10 23:19:25,443 [INFO] httpx: HTTP Request: GET https://gamma-api.polymarket.com/events?series_id=10187&active=true&closed=false&limit=200 "HTTP/1.1 200 OK"
2026-07-10 23:19:25,503 [INFO] httpx: HTTP Request: GET https://api.elections.kalshi.com/trade-api/v2/markets?series_ticker=KXNFLGAME&status=open&limit=200 "HTTP/1.1 200 OK"
2026-07-10 23:19:34,221 [INFO] httpx: HTTP Request: GET https://gamma-api.polymarket.com/events?series_id=10345&active=true&closed=false&limit=200 "HTTP/1.1 200 OK"
2026-07-10 23:19:34,326 [INFO] httpx: HTTP Request: GET https://api.elections.kalshi.com/trade-api/v2/markets?series_ticker=KXNBAGAME&status=open&limit=200 "HTTP/1.1 200 OK"
2026-07-10 23:19:34,350 [INFO] httpx: HTTP Request: GET https://gamma-api.polymarket.com/events?series_id=10346&active=true&closed=false&limit=200 "HTTP/1.1 200 OK"
2026-07-10 23:19:34,501 [INFO] httpx: HTTP Request: GET https://api.elections.kalshi.com/trade-api/v2/markets?series_ticker=KXNHLGAME&status=open&limit=200 "HTTP/1.1 200 OK"
2026-07-10 23:19:44,701 [INFO] httpx: HTTP Request: GET https://gamma-api.polymarket.com/events?series_id=39&active=true&closed=false&limit=200 "HTTP/1.1 200 OK"
2026-07-10 23:19:44,741 [INFO] httpx: HTTP Request: GET https://api.elections.kalshi.com/trade-api/v2/markets?series_ticker=KXNCAABGAME&status=open&limit=200 "HTTP/1.1 200 OK"
2026-07-10 23:19:45,268 [INFO] httpx: HTTP Request: GET https://gamma-api.polymarket.com/events?series_id=10210&active=true&closed=false&limit=200 "HTTP/1.1 200 OK"
2026-07-10 23:19:45,285 [INFO] httpx: HTTP Request: GET https://api.elections.kalshi.com/trade-api/v2/markets?series_ticker=KXNCAAFGAME&status=open&limit=200 "HTTP/1.1 200 OK"
2026-07-10 23:19:45,310 [INFO] app.services.diagnostics: Run diagnostic written: data\diagnostics\OverlineEdge_RunDiagnostic_20260710_231945.zip
2026-07-10 23:19:55,028 [INFO] httpx: HTTP Request: GET https://gamma-api.polymarket.com/events?series_id=3&active=true&closed=false&limit=200 "HTTP/1.1 200 OK"
2026-07-10 23:19:55,071 [INFO] httpx: HTTP Request: GET https://api.elections.kalshi.com/trade-api/v2/markets?series_ticker=KXMLBGAME&status=open&limit=200 "HTTP/1.1 200 OK"
2026-07-10 23:19:57,841 [INFO] httpx: HTTP Request: GET https://gamma-api.polymarket.com/events?series_id=10187&active=true&closed=false&limit=200 "HTTP/1.1 200 OK"
2026-07-10 23:19:57,944 [INFO] httpx: HTTP Request: GET https://api.elections.kalshi.com/trade-api/v2/markets?series_ticker=KXNFLGAME&status=open&limit=200 "HTTP/1.1 200 OK"
2026-07-10 23:20:05,691 [INFO] httpx: HTTP Request: GET https://gamma-api.polymarket.com/events?series_id=10345&active=true&closed=false&limit=200 "HTTP/1.1 200 OK"
2026-07-10 23:20:05,749 [INFO] httpx: HTTP Request: GET https://api.elections.kalshi.com/trade-api/v2/markets?series_ticker=KXNBAGAME&status=open&limit=200 "HTTP/1.1 200 OK"
2026-07-10 23:20:06,754 [INFO] httpx: HTTP Request: GET https://gamma-api.polymarket.com/events?series_id=10346&active=true&closed=false&limit=200 "HTTP/1.1 200 OK"
2026-07-10 23:20:06,766 [INFO] httpx: HTTP Request: GET https://api.elections.kalshi.com/trade-api/v2/markets?series_ticker=KXNHLGAME&status=open&limit=200 "HTTP/1.1 200 OK"
2026-07-10 23:20:16,793 [INFO] httpx: HTTP Request: GET https://gamma-api.polymarket.com/events?series_id=39&active=true&closed=false&limit=200 "HTTP/1.1 200 OK"
2026-07-10 23:20:16,859 [INFO] httpx: HTTP Request: GET https://api.elections.kalshi.com/trade-api/v2/markets?series_ticker=KXNCAABGAME&status=open&limit=200 "HTTP/1.1 200 OK"
2026-07-10 23:20:17,175 [INFO] httpx: HTTP Request: GET https://api.elections.kalshi.com/trade-api/v2/markets?series_ticker=KXNCAAFGAME&status=open&limit=200 "HTTP/1.1 200 OK"
2026-07-10 23:20:17,249 [INFO] httpx: HTTP Request: GET https://gamma-api.polymarket.com/events?series_id=10210&active=true&closed=false&limit=200 "HTTP/1.1 200 OK"
2026-07-10 23:20:17,274 [INFO] app.services.diagnostics: Run diagnostic written: data\diagnostics\OverlineEdge_RunDiagnostic_20260710_232017.zip
2026-07-10 23:20:27,357 [INFO] httpx: HTTP Request: GET https://api.elections.kalshi.com/trade-api/v2/markets?series_ticker=KXMLBGAME&status=open&limit=200 "HTTP/1.1 200 OK"
2026-07-10 23:20:27,396 [INFO] httpx: HTTP Request: GET https://gamma-api.polymarket.com/events?series_id=3&active=true&closed=false&limit=200 "HTTP/1.1 200 OK"
2026-07-10 23:20:29,553 [INFO] httpx: HTTP Request: GET https://gamma-api.polymarket.com/events?series_id=10187&active=true&closed=false&limit=200 "HTTP/1.1 200 OK"
2026-07-10 23:20:29,597 [INFO] httpx: HTTP Request: GET https://api.elections.kalshi.com/trade-api/v2/markets?series_ticker=KXNFLGAME&status=open&limit=200 "HTTP/1.1 200 OK"
2026-07-10 23:20:37,969 [INFO] httpx: HTTP Request: GET https://gamma-api.polymarket.com/events?series_id=10345&active=true&closed=false&limit=200 "HTTP/1.1 200 OK"
2026-07-10 23:20:38,017 [INFO] httpx: HTTP Request: GET https://api.elections.kalshi.com/trade-api/v2/markets?series_ticker=KXNBAGAME&status=open&limit=200 "HTTP/1.1 200 OK"
2026-07-10 23:20:38,487 [INFO] httpx: HTTP Request: GET https://gamma-api.polymarket.com/events?series_id=10346&active=true&closed=false&limit=200 "HTTP/1.1 200 OK"
2026-07-10 23:20:38,511 [INFO] httpx: HTTP Request: GET https://api.elections.kalshi.com/trade-api/v2/markets?series_ticker=KXNHLGAME&status=open&limit=200 "HTTP/1.1 200 OK"
2026-07-10 23:20:48,670 [INFO] httpx: HTTP Request: GET https://gamma-api.polymarket.com/events?series_id=39&active=true&closed=false&limit=200 "HTTP/1.1 200 OK"
2026-07-10 23:20:48,777 [INFO] httpx: HTTP Request: GET https://api.elections.kalshi.com/trade-api/v2/markets?series_ticker=KXNCAABGAME&status=open&limit=200 "HTTP/1.1 200 OK"
2026-07-10 23:20:49,002 [INFO] httpx: HTTP Request: GET https://gamma-api.polymarket.com/events?series_id=10210&active=true&closed=false&limit=200 "HTTP/1.1 200 OK"
2026-07-10 23:20:49,044 [INFO] httpx: HTTP Request: GET https://api.elections.kalshi.com/trade-api/v2/markets?series_ticker=KXNCAAFGAME&status=open&limit=200 "HTTP/1.1 200 OK"
2026-07-10 23:20:49,064 [INFO] app.services.diagnostics: Run diagnostic written: data\diagnostics\OverlineEdge_RunDiagnostic_20260710_232049.zip
2026-07-10 23:20:59,318 [INFO] httpx: HTTP Request: GET https://gamma-api.polymarket.com/events?series_id=3&active=true&closed=false&limit=200 "HTTP/1.1 200 OK"
2026-07-10 23:20:59,447 [INFO] httpx: HTTP Request: GET https://api.elections.kalshi.com/trade-api/v2/markets?series_ticker=KXMLBGAME&status=open&limit=200 "HTTP/1.1 200 OK"
2026-07-10 23:21:01,347 [INFO] httpx: HTTP Request: GET https://gamma-api.polymarket.com/events?series_id=10187&active=true&closed=false&limit=200 "HTTP/1.1 200 OK"
2026-07-10 23:21:01,376 [INFO] httpx: HTTP Request: GET https://api.elections.kalshi.com/trade-api/v2/markets?series_ticker=KXNFLGAME&status=open&limit=200 "HTTP/1.1 200 OK"
2026-07-10 23:21:18,343 [INFO] httpx: HTTP Request: GET https://gamma-api.polymarket.com/events?series_id=10345&active=true&closed=false&limit=200 "HTTP/1.1 200 OK"
2026-07-10 23:21:18,360 [INFO] httpx: HTTP Request: GET https://api.elections.kalshi.com/trade-api/v2/markets?series_ticker=KXNBAGAME&status=open&limit=200 "HTTP/1.1 200 OK"
2026-07-10 23:21:21,247 [INFO] httpx: HTTP Request: GET https://gamma-api.polymarket.com/events?series_id=10346&active=true&closed=false&limit=200 "HTTP/1.1 200 OK"
2026-07-10 23:21:21,271 [INFO] httpx: HTTP Request: GET https://api.elections.kalshi.com/trade-api/v2/markets?series_ticker=KXNHLGAME&status=open&limit=200 "HTTP/1.1 200 OK"
2026-07-10 23:21:38,579 [INFO] httpx: HTTP Request: GET https://gamma-api.polymarket.com/events?series_id=10210&active=true&closed=false&limit=200 "HTTP/1.1 200 OK"
2026-07-10 23:21:38,673 [INFO] httpx: HTTP Request: GET https://api.elections.kalshi.com/trade-api/v2/markets?series_ticker=KXNCAAFGAME&status=open&limit=200 "HTTP/1.1 200 OK"
2026-07-10 23:21:39,069 [INFO] httpx: HTTP Request: GET https://gamma-api.polymarket.com/events?series_id=39&active=true&closed=false&limit=200 "HTTP/1.1 200 OK"
2026-07-10 23:21:39,097 [INFO] httpx: HTTP Request: GET https://api.elections.kalshi.com/trade-api/v2/markets?series_ticker=KXNCAABGAME&status=open&limit=200 "HTTP/1.1 200 OK"
2026-07-10 23:21:39,164 [INFO] app.services.diagnostics: Run diagnostic written: data\diagnostics\OverlineEdge_RunDiagnostic_20260710_232139.zip
2026-07-10 23:21:58,329 [INFO] httpx: HTTP Request: GET https://gamma-api.polymarket.com/events?series_id=3&active=true&closed=false&limit=200 "HTTP/1.1 200 OK"
2026-07-10 23:21:58,600 [INFO] httpx: HTTP Request: GET https://api.elections.kalshi.com/trade-api/v2/markets?series_ticker=KXMLBGAME&status=open&limit=200 "HTTP/1.1 200 OK"
2026-07-10 23:22:01,088 [INFO] httpx: HTTP Request: GET https://gamma-api.polymarket.com/events?series_id=10187&active=true&closed=false&limit=200 "HTTP/1.1 200 OK"
2026-07-10 23:22:01,148 [INFO] httpx: HTTP Request: GET https://api.elections.kalshi.com/trade-api/v2/markets?series_ticker=KXNFLGAME&status=open&limit=200 "HTTP/1.1 200 OK"
2026-07-10 23:22:18,572 [INFO] httpx: HTTP Request: GET https://api.elections.kalshi.com/trade-api/v2/markets?series_ticker=KXNBAGAME&status=open&limit=200 "HTTP/1.1 200 OK"
2026-07-10 23:22:18,667 [INFO] httpx: HTTP Request: GET https://gamma-api.polymarket.com/events?series_id=10345&active=true&closed=false&limit=200 "HTTP/1.1 200 OK"
2026-07-10 23:22:19,159 [INFO] httpx: HTTP Request: GET https://gamma-api.polymarket.com/events?series_id=10346&active=true&closed=false&limit=200 "HTTP/1.1 200 OK"
2026-07-10 23:22:19,184 [INFO] httpx: HTTP Request: GET https://api.elections.kalshi.com/trade-api/v2/markets?series_ticker=KXNHLGAME&status=open&limit=200 "HTTP/1.1 200 OK"
2026-07-10 23:22:34,451 [INFO] httpx: HTTP Request: GET https://api.elections.kalshi.com/trade-api/v2/markets?series_ticker=KXNCAABGAME&status=open&limit=200 "HTTP/1.1 200 OK"
2026-07-10 23:22:34,516 [INFO] httpx: HTTP Request: GET https://gamma-api.polymarket.com/events?series_id=39&active=true&closed=false&limit=200 "HTTP/1.1 200 OK"
2026-07-10 23:22:36,257 [INFO] httpx: HTTP Request: GET https://gamma-api.polymarket.com/events?series_id=10210&active=true&closed=false&limit=200 "HTTP/1.1 200 OK"
2026-07-10 23:22:36,280 [INFO] httpx: HTTP Request: GET https://api.elections.kalshi.com/trade-api/v2/markets?series_ticker=KXNCAAFGAME&status=open&limit=200 "HTTP/1.1 200 OK"
2026-07-10 23:22:36,317 [INFO] app.services.diagnostics: Run diagnostic written: data\diagnostics\OverlineEdge_RunDiagnostic_20260710_232236.zip
2026-07-10 23:24:58,230 [INFO] httpx: HTTP Request: GET https://gamma-api.polymarket.com/events?series_id=3&active=true&closed=false&limit=200 "HTTP/1.1 200 OK"
2026-07-10 23:24:59,693 [INFO] httpx: HTTP Request: GET https://api.elections.kalshi.com/trade-api/v2/markets?series_ticker=KXMLBGAME&status=open&limit=200 "HTTP/1.1 200 OK"
2026-07-10 23:25:06,677 [INFO] httpx: HTTP Request: GET https://api.elections.kalshi.com/trade-api/v2/markets?series_ticker=KXNFLGAME&status=open&limit=200 "HTTP/1.1 200 OK"
2026-07-10 23:25:06,739 [INFO] httpx: HTTP Request: GET https://gamma-api.polymarket.com/events?series_id=10187&active=true&closed=false&limit=200 "HTTP/1.1 200 OK"
2026-07-10 23:25:15,361 [INFO] httpx: HTTP Request: GET https://gamma-api.polymarket.com/events?series_id=10345&active=true&closed=false&limit=200 "HTTP/1.1 200 OK"
2026-07-10 23:25:15,477 [INFO] httpx: HTTP Request: GET https://api.elections.kalshi.com/trade-api/v2/markets?series_ticker=KXNBAGAME&status=open&limit=200 "HTTP/1.1 200 OK"
2026-07-10 23:25:19,891 [INFO] httpx: HTTP Request: GET https://api.elections.kalshi.com/trade-api/v2/markets?series_ticker=KXNHLGAME&status=open&limit=200 "HTTP/1.1 200 OK"
2026-07-10 23:25:19,896 [INFO] httpx: HTTP Request: GET https://gamma-api.polymarket.com/events?series_id=10346&active=true&closed=false&limit=200 "HTTP/1.1 200 OK"
2026-07-10 23:25:32,180 [INFO] httpx: HTTP Request: GET https://api.elections.kalshi.com/trade-api/v2/markets?series_ticker=KXNCAAFGAME&status=open&limit=200 "HTTP/1.1 200 OK"
2026-07-10 23:25:32,194 [INFO] httpx: HTTP Request: GET https://gamma-api.polymarket.com/events?series_id=10210&active=true&closed=false&limit=200 "HTTP/1.1 200 OK"
2026-07-10 23:25:35,173 [INFO] httpx: HTTP Request: GET https://api.elections.kalshi.com/trade-api/v2/markets?series_ticker=KXNCAABGAME&status=open&limit=200 "HTTP/1.1 200 OK"
2026-07-10 23:25:35,233 [INFO] httpx: HTTP Request: GET https://gamma-api.polymarket.com/events?series_id=39&active=true&closed=false&limit=200 "HTTP/1.1 200 OK"
2026-07-10 23:25:35,273 [INFO] app.services.diagnostics: Run diagnostic written: data\diagnostics\OverlineEdge_RunDiagnostic_20260710_232535.zip
2026-07-10 23:25:52,427 [INFO] httpx: HTTP Request: GET https://api.elections.kalshi.com/trade-api/v2/markets?series_ticker=KXMLBGAME&status=open&limit=200 "HTTP/1.1 200 OK"
2026-07-10 23:25:52,453 [INFO] httpx: HTTP Request: GET https://gamma-api.polymarket.com/events?series_id=3&active=true&closed=false&limit=200 "HTTP/1.1 200 OK"
2026-07-10 23:26:02,815 [INFO] httpx: HTTP Request: GET https://gamma-api.polymarket.com/events?series_id=10187&active=true&closed=false&limit=200 "HTTP/1.1 200 OK"
2026-07-10 23:26:02,959 [INFO] httpx: HTTP Request: GET https://api.elections.kalshi.com/trade-api/v2/markets?series_ticker=KXNFLGAME&status=open&limit=200 "HTTP/1.1 200 OK"
2026-07-10 23:26:11,449 [INFO] httpx: HTTP Request: GET https://gamma-api.polymarket.com/events?series_id=10345&active=true&closed=false&limit=200 "HTTP/1.1 200 OK"
2026-07-10 23:26:11,474 [INFO] httpx: HTTP Request: GET https://api.elections.kalshi.com/trade-api/v2/markets?series_ticker=KXNBAGAME&status=open&limit=200 "HTTP/1.1 200 OK"
2026-07-10 23:26:19,354 [INFO] httpx: HTTP Request: GET https://gamma-api.polymarket.com/events?series_id=10346&active=true&closed=false&limit=200 "HTTP/1.1 200 OK"
2026-07-10 23:26:19,420 [INFO] httpx: HTTP Request: GET https://api.elections.kalshi.com/trade-api/v2/markets?series_ticker=KXNHLGAME&status=open&limit=200 "HTTP/1.1 200 OK"
2026-07-10 23:26:29,515 [INFO] httpx: HTTP Request: GET https://gamma-api.polymarket.com/events?series_id=10210&active=true&closed=false&limit=200 "HTTP/1.1 200 OK"
2026-07-10 23:26:29,568 [INFO] httpx: HTTP Request: GET https://api.elections.kalshi.com/trade-api/v2/markets?series_ticker=KXNCAAFGAME&status=open&limit=200 "HTTP/1.1 200 OK"
2026-07-10 23:26:34,742 [INFO] httpx: HTTP Request: GET https://gamma-api.polymarket.com/events?series_id=39&active=true&closed=false&limit=200 "HTTP/1.1 200 OK"
2026-07-10 23:26:34,787 [INFO] httpx: HTTP Request: GET https://api.elections.kalshi.com/trade-api/v2/markets?series_ticker=KXNCAABGAME&status=open&limit=200 "HTTP/1.1 200 OK"
2026-07-10 23:26:34,858 [INFO] app.services.diagnostics: Run diagnostic written: data\diagnostics\OverlineEdge_RunDiagnostic_20260710_232634.zip
2026-07-10 23:26:46,734 [INFO] httpx: HTTP Request: GET https://gamma-api.polymarket.com/events?series_id=3&active=true&closed=false&limit=200 "HTTP/1.1 200 OK"
2026-07-10 23:26:46,884 [INFO] httpx: HTTP Request: GET https://api.elections.kalshi.com/trade-api/v2/markets?series_ticker=KXMLBGAME&status=open&limit=200 "HTTP/1.1 200 OK"
2026-07-10 23:26:59,411 [INFO] httpx: HTTP Request: GET https://gamma-api.polymarket.com/events?series_id=10187&active=true&closed=false&limit=200 "HTTP/1.1 200 OK"
2026-07-10 23:26:59,543 [INFO] httpx: HTTP Request: GET https://api.elections.kalshi.com/trade-api/v2/markets?series_ticker=KXNFLGAME&status=open&limit=200 "HTTP/1.1 200 OK"
2026-07-10 23:27:05,426 [INFO] httpx: HTTP Request: GET https://gamma-api.polymarket.com/events?series_id=10345&active=true&closed=false&limit=200 "HTTP/1.1 200 OK"
2026-07-10 23:27:05,605 [INFO] httpx: HTTP Request: GET https://api.elections.kalshi.com/trade-api/v2/markets?series_ticker=KXNBAGAME&status=open&limit=200 "HTTP/1.1 200 OK"
2026-07-10 23:27:14,295 [INFO] httpx: HTTP Request: GET https://gamma-api.polymarket.com/events?series_id=10346&active=true&closed=false&limit=200 "HTTP/1.1 200 OK"
2026-07-10 23:27:14,362 [INFO] httpx: HTTP Request: GET https://api.elections.kalshi.com/trade-api/v2/markets?series_ticker=KXNHLGAME&status=open&limit=200 "HTTP/1.1 200 OK"
2026-07-10 23:27:24,530 [INFO] httpx: HTTP Request: GET https://gamma-api.polymarket.com/events?series_id=10210&active=true&closed=false&limit=200 "HTTP/1.1 200 OK"
2026-07-10 23:27:24,580 [INFO] httpx: HTTP Request: GET https://api.elections.kalshi.com/trade-api/v2/markets?series_ticker=KXNCAAFGAME&status=open&limit=200 "HTTP/1.1 200 OK"
2026-07-10 23:27:29,770 [INFO] httpx: HTTP Request: GET https://gamma-api.polymarket.com/events?series_id=39&active=true&closed=false&limit=200 "HTTP/1.1 200 OK"
2026-07-10 23:27:29,789 [INFO] httpx: HTTP Request: GET https://api.elections.kalshi.com/trade-api/v2/markets?series_ticker=KXNCAABGAME&status=open&limit=200 "HTTP/1.1 200 OK"
2026-07-10 23:27:29,915 [INFO] app.services.diagnostics: Run diagnostic written: data\diagnostics\OverlineEdge_RunDiagnostic_20260710_232729.zip
2026-07-10 23:27:41,667 [INFO] httpx: HTTP Request: GET https://api.elections.kalshi.com/trade-api/v2/markets?series_ticker=KXMLBGAME&status=open&limit=200 "HTTP/1.1 200 OK"
2026-07-10 23:27:41,678 [INFO] httpx: HTTP Request: GET https://gamma-api.polymarket.com/events?series_id=3&active=true&closed=false&limit=200 "HTTP/1.1 200 OK"
2026-07-10 23:27:51,653 [INFO] httpx: HTTP Request: GET https://gamma-api.polymarket.com/events?series_id=10187&active=true&closed=false&limit=200 "HTTP/1.1 200 OK"
2026-07-10 23:27:51,753 [INFO] httpx: HTTP Request: GET https://api.elections.kalshi.com/trade-api/v2/markets?series_ticker=KXNFLGAME&status=open&limit=200 "HTTP/1.1 200 OK"
2026-07-10 23:27:58,601 [INFO] httpx: HTTP Request: GET https://gamma-api.polymarket.com/events?series_id=10345&active=true&closed=false&limit=200 "HTTP/1.1 200 OK"
2026-07-10 23:27:58,658 [INFO] httpx: HTTP Request: GET https://api.elections.kalshi.com/trade-api/v2/markets?series_ticker=KXNBAGAME&status=open&limit=200 "HTTP/1.1 200 OK"
2026-07-10 23:28:05,644 [INFO] httpx: HTTP Request: GET https://gamma-api.polymarket.com/events?series_id=10346&active=true&closed=false&limit=200 "HTTP/1.1 200 OK"
2026-07-10 23:28:05,718 [INFO] httpx: HTTP Request: GET https://api.elections.kalshi.com/trade-api/v2/markets?series_ticker=KXNHLGAME&status=open&limit=200 "HTTP/1.1 200 OK"
2026-07-10 23:28:18,450 [INFO] httpx: HTTP Request: GET https://gamma-api.polymarket.com/events?series_id=10210&active=true&closed=false&limit=200 "HTTP/1.1 200 OK"
2026-07-10 23:28:18,486 [INFO] httpx: HTTP Request: GET https://api.elections.kalshi.com/trade-api/v2/markets?series_ticker=KXNCAAFGAME&status=open&limit=200 "HTTP/1.1 200 OK"
2026-07-10 23:28:20,807 [INFO] httpx: HTTP Request: GET https://gamma-api.polymarket.com/events?series_id=39&active=true&closed=false&limit=200 "HTTP/1.1 200 OK"
2026-07-10 23:28:20,842 [INFO] httpx: HTTP Request: GET https://api.elections.kalshi.com/trade-api/v2/markets?series_ticker=KXNCAABGAME&status=open&limit=200 "HTTP/1.1 200 OK"
2026-07-10 23:28:20,901 [INFO] app.services.diagnostics: Run diagnostic written: data\diagnostics\OverlineEdge_RunDiagnostic_20260710_232820.zip
2026-07-10 23:28:36,728 [INFO] httpx: HTTP Request: GET https://gamma-api.polymarket.com/events?series_id=3&active=true&closed=false&limit=200 "HTTP/1.1 200 OK"
2026-07-10 23:28:36,928 [INFO] httpx: HTTP Request: GET https://api.elections.kalshi.com/trade-api/v2/markets?series_ticker=KXMLBGAME&status=open&limit=200 "HTTP/1.1 200 OK"
2026-07-10 23:28:43,829 [INFO] httpx: HTTP Request: GET https://gamma-api.polymarket.com/events?series_id=10187&active=true&closed=false&limit=200 "HTTP/1.1 200 OK"
2026-07-10 23:28:43,855 [INFO] httpx: HTTP Request: GET https://api.elections.kalshi.com/trade-api/v2/markets?series_ticker=KXNFLGAME&status=open&limit=200 "HTTP/1.1 200 OK"
2026-07-10 23:28:53,415 [INFO] httpx: HTTP Request: GET https://gamma-api.polymarket.com/events?series_id=10345&active=true&closed=false&limit=200 "HTTP/1.1 200 OK"
2026-07-10 23:28:53,445 [INFO] httpx: HTTP Request: GET https://api.elections.kalshi.com/trade-api/v2/markets?series_ticker=KXNBAGAME&status=open&limit=200 "HTTP/1.1 200 OK"
2026-07-10 23:28:57,694 [INFO] httpx: HTTP Request: GET https://gamma-api.polymarket.com/events?series_id=10346&active=true&closed=false&limit=200 "HTTP/1.1 200 OK"
2026-07-10 23:28:57,709 [INFO] httpx: HTTP Request: GET https://api.elections.kalshi.com/trade-api/v2/markets?series_ticker=KXNHLGAME&status=open&limit=200 "HTTP/1.1 200 OK"
2026-07-10 23:29:11,265 [INFO] httpx: HTTP Request: GET https://gamma-api.polymarket.com/events?series_id=10210&active=true&closed=false&limit=200 "HTTP/1.1 200 OK"
2026-07-10 23:29:11,401 [INFO] httpx: HTTP Request: GET https://api.elections.kalshi.com/trade-api/v2/markets?series_ticker=KXNCAAFGAME&status=open&limit=200 "HTTP/1.1 200 OK"
2026-07-10 23:29:14,608 [INFO] httpx: HTTP Request: GET https://gamma-api.polymarket.com/events?series_id=39&active=true&closed=false&limit=200 "HTTP/1.1 200 OK"
2026-07-10 23:29:14,667 [INFO] httpx: HTTP Request: GET https://api.elections.kalshi.com/trade-api/v2/markets?series_ticker=KXNCAABGAME&status=open&limit=200 "HTTP/1.1 200 OK"
2026-07-10 23:29:14,768 [INFO] app.services.diagnostics: Run diagnostic written: data\diagnostics\OverlineEdge_RunDiagnostic_20260710_232914.zip
2026-07-10 23:29:28,119 [INFO] httpx: HTTP Request: GET https://gamma-api.polymarket.com/events?series_id=3&active=true&closed=false&limit=200 "HTTP/1.1 200 OK"
2026-07-10 23:29:28,203 [INFO] httpx: HTTP Request: GET https://api.elections.kalshi.com/trade-api/v2/markets?series_ticker=KXMLBGAME&status=open&limit=200 "HTTP/1.1 200 OK"
2026-07-10 23:29:37,722 [INFO] httpx: HTTP Request: GET https://api.elections.kalshi.com/trade-api/v2/markets?series_ticker=KXNFLGAME&status=open&limit=200 "HTTP/1.1 200 OK"
2026-07-10 23:29:37,735 [INFO] httpx: HTTP Request: GET https://gamma-api.polymarket.com/events?series_id=10187&active=true&closed=false&limit=200 "HTTP/1.1 200 OK"
2026-07-10 23:29:44,833 [INFO] httpx: HTTP Request: GET https://gamma-api.polymarket.com/events?series_id=10345&active=true&closed=false&limit=200 "HTTP/1.1 200 OK"
2026-07-10 23:29:44,961 [INFO] httpx: HTTP Request: GET https://api.elections.kalshi.com/trade-api/v2/markets?series_ticker=KXNBAGAME&status=open&limit=200 "HTTP/1.1 200 OK"
2026-07-10 23:29:51,254 [INFO] httpx: HTTP Request: GET https://gamma-api.polymarket.com/events?series_id=10346&active=true&closed=false&limit=200 "HTTP/1.1 200 OK"
2026-07-10 23:29:51,348 [INFO] httpx: HTTP Request: GET https://api.elections.kalshi.com/trade-api/v2/markets?series_ticker=KXNHLGAME&status=open&limit=200 "HTTP/1.1 200 OK"
2026-07-10 23:30:03,526 [INFO] httpx: HTTP Request: GET https://gamma-api.polymarket.com/events?series_id=10210&active=true&closed=false&limit=200 "HTTP/1.1 200 OK"
2026-07-10 23:30:03,555 [INFO] httpx: HTTP Request: GET https://api.elections.kalshi.com/trade-api/v2/markets?series_ticker=KXNCAAFGAME&status=open&limit=200 "HTTP/1.1 200 OK"
2026-07-10 23:30:07,057 [INFO] httpx: HTTP Request: GET https://gamma-api.polymarket.com/events?series_id=39&active=true&closed=false&limit=200 "HTTP/1.1 200 OK"
2026-07-10 23:30:07,087 [INFO] httpx: HTTP Request: GET https://api.elections.kalshi.com/trade-api/v2/markets?series_ticker=KXNCAABGAME&status=open&limit=200 "HTTP/1.1 200 OK"
2026-07-10 23:30:07,141 [INFO] app.services.diagnostics: Run diagnostic written: data\diagnostics\OverlineEdge_RunDiagnostic_20260710_233007.zip
2026-07-10 23:32:18,691 [INFO] httpx: HTTP Request: GET https://gamma-api.polymarket.com/events?series_id=3&active=true&closed=false&limit=200 "HTTP/1.1 200 OK"
2026-07-10 23:32:18,713 [INFO] httpx: HTTP Request: GET https://api.elections.kalshi.com/trade-api/v2/markets?series_ticker=KXMLBGAME&status=open&limit=200 "HTTP/1.1 200 OK"
2026-07-10 23:32:20,511 [INFO] httpx: HTTP Request: GET https://gamma-api.polymarket.com/events?series_id=10187&active=true&closed=false&limit=200 "HTTP/1.1 200 OK"
2026-07-10 23:32:20,576 [INFO] httpx: HTTP Request: GET https://api.elections.kalshi.com/trade-api/v2/markets?series_ticker=KXNFLGAME&status=open&limit=200 "HTTP/1.1 200 OK"
2026-07-10 23:32:29,244 [INFO] httpx: HTTP Request: GET https://gamma-api.polymarket.com/events?series_id=10346&active=true&closed=false&limit=200 "HTTP/1.1 200 OK"
2026-07-10 23:32:29,295 [INFO] httpx: HTTP Request: GET https://api.elections.kalshi.com/trade-api/v2/markets?series_ticker=KXNHLGAME&status=open&limit=200 "HTTP/1.1 200 OK"
2026-07-10 23:32:29,843 [INFO] httpx: HTTP Request: GET https://api.elections.kalshi.com/trade-api/v2/markets?series_ticker=KXNBAGAME&status=open&limit=200 "HTTP/1.1 200 OK"
2026-07-10 23:32:29,850 [INFO] httpx: HTTP Request: GET https://gamma-api.polymarket.com/events?series_id=10345&active=true&closed=false&limit=200 "HTTP/1.1 200 OK"
2026-07-10 23:32:40,162 [INFO] httpx: HTTP Request: GET https://api.elections.kalshi.com/trade-api/v2/markets?series_ticker=KXNCAABGAME&status=open&limit=200 "HTTP/1.1 200 OK"
2026-07-10 23:32:40,191 [INFO] httpx: HTTP Request: GET https://gamma-api.polymarket.com/events?series_id=10210&active=true&closed=false&limit=200 "HTTP/1.1 200 OK"
2026-07-10 23:32:40,197 [INFO] httpx: HTTP Request: GET https://gamma-api.polymarket.com/events?series_id=39&active=true&closed=false&limit=200 "HTTP/1.1 200 OK"
2026-07-10 23:32:40,247 [INFO] httpx: HTTP Request: GET https://api.elections.kalshi.com/trade-api/v2/markets?series_ticker=KXNCAAFGAME&status=open&limit=200 "HTTP/1.1 200 OK"
2026-07-10 23:32:40,268 [INFO] app.services.diagnostics: Run diagnostic written: data\diagnostics\OverlineEdge_RunDiagnostic_20260710_233240.zip
2026-07-10 23:32:50,408 [INFO] httpx: HTTP Request: GET https://gamma-api.polymarket.com/events?series_id=3&active=true&closed=false&limit=200 "HTTP/1.1 200 OK"
2026-07-10 23:32:50,479 [INFO] httpx: HTTP Request: GET https://api.elections.kalshi.com/trade-api/v2/markets?series_ticker=KXMLBGAME&status=open&limit=200 "HTTP/1.1 200 OK"
2026-07-10 23:32:52,399 [INFO] httpx: HTTP Request: GET https://gamma-api.polymarket.com/events?series_id=10187&active=true&closed=false&limit=200 "HTTP/1.1 200 OK"
2026-07-10 23:32:52,455 [INFO] httpx: HTTP Request: GET https://api.elections.kalshi.com/trade-api/v2/markets?series_ticker=KXNFLGAME&status=open&limit=200 "HTTP/1.1 200 OK"
2026-07-10 23:33:01,315 [INFO] httpx: HTTP Request: GET https://gamma-api.polymarket.com/events?series_id=10345&active=true&closed=false&limit=200 "HTTP/1.1 200 OK"
2026-07-10 23:33:01,347 [INFO] httpx: HTTP Request: GET https://api.elections.kalshi.com/trade-api/v2/markets?series_ticker=KXNBAGAME&status=open&limit=200 "HTTP/1.1 200 OK"
2026-07-10 23:33:01,395 [INFO] httpx: HTTP Request: GET https://api.elections.kalshi.com/trade-api/v2/markets?series_ticker=KXNHLGAME&status=open&limit=200 "HTTP/1.1 200 OK"
2026-07-10 23:33:01,431 [INFO] httpx: HTTP Request: GET https://gamma-api.polymarket.com/events?series_id=10346&active=true&closed=false&limit=200 "HTTP/1.1 200 OK"
2026-07-10 23:33:11,888 [INFO] httpx: HTTP Request: GET https://gamma-api.polymarket.com/events?series_id=39&active=true&closed=false&limit=200 "HTTP/1.1 200 OK"
2026-07-10 23:33:11,972 [INFO] httpx: HTTP Request: GET https://api.elections.kalshi.com/trade-api/v2/markets?series_ticker=KXNCAABGAME&status=open&limit=200 "HTTP/1.1 200 OK"
2026-07-10 23:33:12,677 [INFO] httpx: HTTP Request: GET https://gamma-api.polymarket.com/events?series_id=10210&active=true&closed=false&limit=200 "HTTP/1.1 200 OK"
2026-07-10 23:33:12,705 [INFO] httpx: HTTP Request: GET https://api.elections.kalshi.com/trade-api/v2/markets?series_ticker=KXNCAAFGAME&status=open&limit=200 "HTTP/1.1 200 OK"
2026-07-10 23:33:12,733 [INFO] app.services.diagnostics: Run diagnostic written: data\diagnostics\OverlineEdge_RunDiagnostic_20260710_233312.zip
2026-07-10 23:33:22,612 [INFO] httpx: HTTP Request: GET https://gamma-api.polymarket.com/events?series_id=3&active=true&closed=false&limit=200 "HTTP/1.1 200 OK"
2026-07-10 23:33:22,632 [INFO] httpx: HTTP Request: GET https://api.elections.kalshi.com/trade-api/v2/markets?series_ticker=KXMLBGAME&status=open&limit=200 "HTTP/1.1 200 OK"
2026-07-10 23:33:24,724 [INFO] httpx: HTTP Request: GET https://gamma-api.polymarket.com/events?series_id=10187&active=true&closed=false&limit=200 "HTTP/1.1 200 OK"
2026-07-10 23:33:24,779 [INFO] httpx: HTTP Request: GET https://api.elections.kalshi.com/trade-api/v2/markets?series_ticker=KXNFLGAME&status=open&limit=200 "HTTP/1.1 200 OK"
2026-07-10 23:33:33,638 [INFO] httpx: HTTP Request: GET https://gamma-api.polymarket.com/events?series_id=10345&active=true&closed=false&limit=200 "HTTP/1.1 200 OK"
2026-07-10 23:33:33,702 [INFO] httpx: HTTP Request: GET https://gamma-api.polymarket.com/events?series_id=10346&active=true&closed=false&limit=200 "HTTP/1.1 200 OK"
2026-07-10 23:33:33,739 [INFO] httpx: HTTP Request: GET https://api.elections.kalshi.com/trade-api/v2/markets?series_ticker=KXNBAGAME&status=open&limit=200 "HTTP/1.1 200 OK"
2026-07-10 23:33:33,833 [INFO] httpx: HTTP Request: GET https://api.elections.kalshi.com/trade-api/v2/markets?series_ticker=KXNHLGAME&status=open&limit=200 "HTTP/1.1 200 OK"
2026-07-10 23:33:44,278 [INFO] httpx: HTTP Request: GET https://gamma-api.polymarket.com/events?series_id=39&active=true&closed=false&limit=200 "HTTP/1.1 200 OK"
2026-07-10 23:33:44,400 [INFO] httpx: HTTP Request: GET https://api.elections.kalshi.com/trade-api/v2/markets?series_ticker=KXNCAABGAME&status=open&limit=200 "HTTP/1.1 200 OK"
2026-07-10 23:33:44,829 [INFO] httpx: HTTP Request: GET https://gamma-api.polymarket.com/events?series_id=10210&active=true&closed=false&limit=200 "HTTP/1.1 200 OK"
2026-07-10 23:33:44,872 [INFO] httpx: HTTP Request: GET https://api.elections.kalshi.com/trade-api/v2/markets?series_ticker=KXNCAAFGAME&status=open&limit=200 "HTTP/1.1 200 OK"
2026-07-10 23:33:44,896 [INFO] app.services.diagnostics: Run diagnostic written: data\diagnostics\OverlineEdge_RunDiagnostic_20260710_233344.zip
2026-07-10 23:33:55,030 [INFO] httpx: HTTP Request: GET https://gamma-api.polymarket.com/events?series_id=3&active=true&closed=false&limit=200 "HTTP/1.1 200 OK"
2026-07-10 23:33:55,077 [INFO] httpx: HTTP Request: GET https://api.elections.kalshi.com/trade-api/v2/markets?series_ticker=KXMLBGAME&status=open&limit=200 "HTTP/1.1 200 OK"
2026-07-10 23:33:56,994 [INFO] httpx: HTTP Request: GET https://gamma-api.polymarket.com/events?series_id=10187&active=true&closed=false&limit=200 "HTTP/1.1 200 OK"
2026-07-10 23:33:57,079 [INFO] httpx: HTTP Request: GET https://api.elections.kalshi.com/trade-api/v2/markets?series_ticker=KXNFLGAME&status=open&limit=200 "HTTP/1.1 200 OK"
2026-07-10 23:34:05,946 [INFO] httpx: HTTP Request: GET https://gamma-api.polymarket.com/events?series_id=10345&active=true&closed=false&limit=200 "HTTP/1.1 200 OK"
2026-07-10 23:34:06,016 [INFO] httpx: HTTP Request: GET https://api.elections.kalshi.com/trade-api/v2/markets?series_ticker=KXNBAGAME&status=open&limit=200 "HTTP/1.1 200 OK"
2026-07-10 23:34:06,064 [INFO] httpx: HTTP Request: GET https://gamma-api.polymarket.com/events?series_id=10346&active=true&closed=false&limit=200 "HTTP/1.1 200 OK"
2026-07-10 23:34:06,103 [INFO] httpx: HTTP Request: GET https://api.elections.kalshi.com/trade-api/v2/markets?series_ticker=KXNHLGAME&status=open&limit=200 "HTTP/1.1 200 OK"
2026-07-10 23:34:16,924 [INFO] httpx: HTTP Request: GET https://gamma-api.polymarket.com/events?series_id=39&active=true&closed=false&limit=200 "HTTP/1.1 200 OK"
2026-07-10 23:34:17,006 [INFO] httpx: HTTP Request: GET https://api.elections.kalshi.com/trade-api/v2/markets?series_ticker=KXNCAABGAME&status=open&limit=200 "HTTP/1.1 200 OK"
2026-07-10 23:34:17,206 [INFO] httpx: HTTP Request: GET https://gamma-api.polymarket.com/events?series_id=10210&active=true&closed=false&limit=200 "HTTP/1.1 200 OK"
2026-07-10 23:34:17,234 [INFO] httpx: HTTP Request: GET https://api.elections.kalshi.com/trade-api/v2/markets?series_ticker=KXNCAAFGAME&status=open&limit=200 "HTTP/1.1 200 OK"
2026-07-10 23:34:17,256 [INFO] app.services.diagnostics: Run diagnostic written: data\diagnostics\OverlineEdge_RunDiagnostic_20260710_233417.zip
2026-07-10 23:34:37,041 [INFO] httpx: HTTP Request: GET https://api.elections.kalshi.com/trade-api/v2/markets?series_ticker=KXMLBGAME&status=open&limit=200 "HTTP/1.1 200 OK"
2026-07-10 23:34:37,054 [INFO] httpx: HTTP Request: GET https://gamma-api.polymarket.com/events?series_id=3&active=true&closed=false&limit=200 "HTTP/1.1 200 OK"
2026-07-10 23:34:41,407 [INFO] httpx: HTTP Request: GET https://api.elections.kalshi.com/trade-api/v2/markets?series_ticker=KXNFLGAME&status=open&limit=200 "HTTP/1.1 200 OK"
2026-07-10 23:34:41,468 [INFO] httpx: HTTP Request: GET https://gamma-api.polymarket.com/events?series_id=10187&active=true&closed=false&limit=200 "HTTP/1.1 200 OK"
2026-07-10 23:34:55,967 [INFO] httpx: HTTP Request: GET https://gamma-api.polymarket.com/events?series_id=10345&active=true&closed=false&limit=200 "HTTP/1.1 200 OK"
2026-07-10 23:34:56,059 [INFO] httpx: HTTP Request: GET https://api.elections.kalshi.com/trade-api/v2/markets?series_ticker=KXNBAGAME&status=open&limit=200 "HTTP/1.1 200 OK"
2026-07-10 23:34:57,072 [INFO] httpx: HTTP Request: GET https://gamma-api.polymarket.com/events?series_id=10346&active=true&closed=false&limit=200 "HTTP/1.1 200 OK"
2026-07-10 23:34:57,121 [INFO] httpx: HTTP Request: GET https://api.elections.kalshi.com/trade-api/v2/markets?series_ticker=KXNHLGAME&status=open&limit=200 "HTTP/1.1 200 OK"
2026-07-10 23:35:13,870 [INFO] httpx: HTTP Request: GET https://gamma-api.polymarket.com/events?series_id=39&active=true&closed=false&limit=200 "HTTP/1.1 200 OK"
2026-07-10 23:35:13,956 [INFO] httpx: HTTP Request: GET https://api.elections.kalshi.com/trade-api/v2/markets?series_ticker=KXNCAABGAME&status=open&limit=200 "HTTP/1.1 200 OK"
2026-07-10 23:35:16,466 [INFO] httpx: HTTP Request: GET https://api.elections.kalshi.com/trade-api/v2/markets?series_ticker=KXNCAAFGAME&status=open&limit=200 "HTTP/1.1 200 OK"
2026-07-10 23:35:16,494 [INFO] httpx: HTTP Request: GET https://gamma-api.polymarket.com/events?series_id=10210&active=true&closed=false&limit=200 "HTTP/1.1 200 OK"
2026-07-10 23:35:16,551 [INFO] app.services.diagnostics: Run diagnostic written: data\diagnostics\OverlineEdge_RunDiagnostic_20260710_233516.zip
2026-07-10 23:35:38,052 [INFO] httpx: HTTP Request: GET https://gamma-api.polymarket.com/events?series_id=3&active=true&closed=false&limit=200 "HTTP/1.1 200 OK"
2026-07-10 23:35:38,536 [INFO] httpx: HTTP Request: GET https://api.elections.kalshi.com/trade-api/v2/markets?series_ticker=KXMLBGAME&status=open&limit=200 "HTTP/1.1 200 OK"
2026-07-10 23:35:47,891 [INFO] httpx: HTTP Request: GET https://gamma-api.polymarket.com/events?series_id=10187&active=true&closed=false&limit=200 "HTTP/1.1 200 OK"
2026-07-10 23:35:48,031 [INFO] httpx: HTTP Request: GET https://api.elections.kalshi.com/trade-api/v2/markets?series_ticker=KXNFLGAME&status=open&limit=200 "HTTP/1.1 200 OK"
2026-07-10 23:35:56,457 [INFO] httpx: HTTP Request: GET https://gamma-api.polymarket.com/events?series_id=10345&active=true&closed=false&limit=200 "HTTP/1.1 200 OK"
2026-07-10 23:35:56,460 [INFO] httpx: HTTP Request: GET https://api.elections.kalshi.com/trade-api/v2/markets?series_ticker=KXNBAGAME&status=open&limit=200 "HTTP/1.1 200 OK"
2026-07-10 23:36:04,533 [INFO] httpx: HTTP Request: GET https://gamma-api.polymarket.com/events?series_id=10346&active=true&closed=false&limit=200 "HTTP/1.1 200 OK"
2026-07-10 23:36:04,629 [INFO] httpx: HTTP Request: GET https://api.elections.kalshi.com/trade-api/v2/markets?series_ticker=KXNHLGAME&status=open&limit=200 "HTTP/1.1 200 OK"
2026-07-10 23:36:15,927 [INFO] httpx: HTTP Request: GET https://gamma-api.polymarket.com/events?series_id=10210&active=true&closed=false&limit=200 "HTTP/1.1 200 OK"
2026-07-10 23:36:16,034 [INFO] httpx: HTTP Request: GET https://api.elections.kalshi.com/trade-api/v2/markets?series_ticker=KXNCAAFGAME&status=open&limit=200 "HTTP/1.1 200 OK"
2026-07-10 23:36:20,740 [INFO] httpx: HTTP Request: GET https://api.elections.kalshi.com/trade-api/v2/markets?series_ticker=KXNCAABGAME&status=open&limit=200 "HTTP/1.1 200 OK"
2026-07-10 23:36:20,834 [INFO] httpx: HTTP Request: GET https://gamma-api.polymarket.com/events?series_id=39&active=true&closed=false&limit=200 "HTTP/1.1 200 OK"
2026-07-10 23:36:20,877 [INFO] app.services.diagnostics: Run diagnostic written: data\diagnostics\OverlineEdge_RunDiagnostic_20260710_233620.zip
2026-07-10 23:38:48,219 [INFO] httpx: HTTP Request: GET https://api.elections.kalshi.com/trade-api/v2/markets?series_ticker=KXMLBGAME&status=open&limit=200 "HTTP/1.1 200 OK"
2026-07-10 23:38:48,224 [INFO] httpx: HTTP Request: GET https://gamma-api.polymarket.com/events?series_id=3&active=true&closed=false&limit=200 "HTTP/1.1 200 OK"
2026-07-10 23:38:52,275 [INFO] httpx: HTTP Request: GET https://gamma-api.polymarket.com/events?series_id=10187&active=true&closed=false&limit=200 "HTTP/1.1 200 OK"
2026-07-10 23:38:52,300 [INFO] httpx: HTTP Request: GET https://api.elections.kalshi.com/trade-api/v2/markets?series_ticker=KXNFLGAME&status=open&limit=200 "HTTP/1.1 200 OK"
2026-07-10 23:39:02,023 [INFO] httpx: HTTP Request: GET https://gamma-api.polymarket.com/events?series_id=10345&active=true&closed=false&limit=200 "HTTP/1.1 200 OK"
2026-07-10 23:39:02,131 [INFO] httpx: HTTP Request: GET https://api.elections.kalshi.com/trade-api/v2/markets?series_ticker=KXNBAGAME&status=open&limit=200 "HTTP/1.1 200 OK"
2026-07-10 23:39:02,348 [INFO] httpx: HTTP Request: GET https://api.elections.kalshi.com/trade-api/v2/markets?series_ticker=KXNHLGAME&status=open&limit=200 "HTTP/1.1 200 OK"
2026-07-10 23:39:02,352 [INFO] httpx: HTTP Request: GET https://gamma-api.polymarket.com/events?series_id=10346&active=true&closed=false&limit=200 "HTTP/1.1 200 OK"
2026-07-10 23:39:19,196 [INFO] httpx: HTTP Request: GET https://gamma-api.polymarket.com/events?series_id=39&active=true&closed=false&limit=200 "HTTP/1.1 200 OK"
2026-07-10 23:39:19,289 [INFO] httpx: HTTP Request: GET https://api.elections.kalshi.com/trade-api/v2/markets?series_ticker=KXNCAABGAME&status=open&limit=200 "HTTP/1.1 200 OK"
2026-07-10 23:39:20,488 [INFO] httpx: HTTP Request: GET https://gamma-api.polymarket.com/events?series_id=10210&active=true&closed=false&limit=200 "HTTP/1.1 200 OK"
2026-07-10 23:39:20,511 [INFO] httpx: HTTP Request: GET https://api.elections.kalshi.com/trade-api/v2/markets?series_ticker=KXNCAAFGAME&status=open&limit=200 "HTTP/1.1 200 OK"
2026-07-10 23:39:20,583 [INFO] app.services.diagnostics: Run diagnostic written: data\diagnostics\OverlineEdge_RunDiagnostic_20260710_233920.zip
2026-07-10 23:39:41,101 [INFO] httpx: HTTP Request: GET https://gamma-api.polymarket.com/events?series_id=3&active=true&closed=false&limit=200 "HTTP/1.1 200 OK"
2026-07-10 23:39:41,128 [INFO] httpx: HTTP Request: GET https://api.elections.kalshi.com/trade-api/v2/markets?series_ticker=KXMLBGAME&status=open&limit=200 "HTTP/1.1 200 OK"
2026-07-10 23:39:45,233 [INFO] httpx: HTTP Request: GET https://api.elections.kalshi.com/trade-api/v2/markets?series_ticker=KXNFLGAME&status=open&limit=200 "HTTP/1.1 200 OK"
2026-07-10 23:39:45,323 [INFO] httpx: HTTP Request: GET https://gamma-api.polymarket.com/events?series_id=10187&active=true&closed=false&limit=200 "HTTP/1.1 200 OK"
2026-07-10 23:39:56,669 [INFO] httpx: HTTP Request: GET https://gamma-api.polymarket.com/events?series_id=10345&active=true&closed=false&limit=200 "HTTP/1.1 200 OK"
2026-07-10 23:39:56,823 [INFO] httpx: HTTP Request: GET https://api.elections.kalshi.com/trade-api/v2/markets?series_ticker=KXNBAGAME&status=open&limit=200 "HTTP/1.1 200 OK"
2026-07-10 23:39:59,911 [INFO] httpx: HTTP Request: GET https://gamma-api.polymarket.com/events?series_id=10346&active=true&closed=false&limit=200 "HTTP/1.1 200 OK"
2026-07-10 23:39:59,926 [INFO] httpx: HTTP Request: GET https://api.elections.kalshi.com/trade-api/v2/markets?series_ticker=KXNHLGAME&status=open&limit=200 "HTTP/1.1 200 OK"
2026-07-10 23:40:16,294 [INFO] httpx: HTTP Request: GET https://api.elections.kalshi.com/trade-api/v2/markets?series_ticker=KXNCAAFGAME&status=open&limit=200 "HTTP/1.1 200 OK"
2026-07-10 23:40:16,333 [INFO] httpx: HTTP Request: GET https://gamma-api.polymarket.com/events?series_id=10210&active=true&closed=false&limit=200 "HTTP/1.1 200 OK"
2026-07-10 23:40:19,092 [INFO] httpx: HTTP Request: GET https://gamma-api.polymarket.com/events?series_id=39&active=true&closed=false&limit=200 "HTTP/1.1 200 OK"
2026-07-10 23:40:19,129 [INFO] httpx: HTTP Request: GET https://api.elections.kalshi.com/trade-api/v2/markets?series_ticker=KXNCAABGAME&status=open&limit=200 "HTTP/1.1 200 OK"
2026-07-10 23:40:19,301 [INFO] app.services.diagnostics: Run diagnostic written: data\diagnostics\OverlineEdge_RunDiagnostic_20260710_234019.zip
2026-07-10 23:40:35,450 [INFO] httpx: HTTP Request: GET https://gamma-api.polymarket.com/events?series_id=3&active=true&closed=false&limit=200 "HTTP/1.1 200 OK"
2026-07-10 23:40:35,657 [INFO] httpx: HTTP Request: GET https://api.elections.kalshi.com/trade-api/v2/markets?series_ticker=KXMLBGAME&status=open&limit=200 "HTTP/1.1 200 OK"
2026-07-10 23:40:42,999 [INFO] httpx: HTTP Request: GET https://gamma-api.polymarket.com/events?series_id=10187&active=true&closed=false&limit=200 "HTTP/1.1 200 OK"
2026-07-10 23:40:43,070 [INFO] httpx: HTTP Request: GET https://api.elections.kalshi.com/trade-api/v2/markets?series_ticker=KXNFLGAME&status=open&limit=200 "HTTP/1.1 200 OK"
2026-07-10 23:40:52,616 [INFO] httpx: HTTP Request: GET https://gamma-api.polymarket.com/events?series_id=10345&active=true&closed=false&limit=200 "HTTP/1.1 200 OK"
2026-07-10 23:40:52,699 [INFO] httpx: HTTP Request: GET https://api.elections.kalshi.com/trade-api/v2/markets?series_ticker=KXNBAGAME&status=open&limit=200 "HTTP/1.1 200 OK"
2026-07-10 23:40:56,972 [INFO] httpx: HTTP Request: GET https://gamma-api.polymarket.com/events?series_id=10346&active=true&closed=false&limit=200 "HTTP/1.1 200 OK"
2026-07-10 23:40:56,995 [INFO] httpx: HTTP Request: GET https://api.elections.kalshi.com/trade-api/v2/markets?series_ticker=KXNHLGAME&status=open&limit=200 "HTTP/1.1 200 OK"
2026-07-10 23:41:10,024 [INFO] httpx: HTTP Request: GET https://gamma-api.polymarket.com/events?series_id=10210&active=true&closed=false&limit=200 "HTTP/1.1 200 OK"
2026-07-10 23:41:10,119 [INFO] httpx: HTTP Request: GET https://api.elections.kalshi.com/trade-api/v2/markets?series_ticker=KXNCAAFGAME&status=open&limit=200 "HTTP/1.1 200 OK"
2026-07-10 23:41:12,656 [INFO] httpx: HTTP Request: GET https://gamma-api.polymarket.com/events?series_id=39&active=true&closed=false&limit=200 "HTTP/1.1 200 OK"
2026-07-10 23:41:12,677 [INFO] httpx: HTTP Request: GET https://api.elections.kalshi.com/trade-api/v2/markets?series_ticker=KXNCAABGAME&status=open&limit=200 "HTTP/1.1 200 OK"
2026-07-10 23:41:12,747 [INFO] app.services.diagnostics: Run diagnostic written: data\diagnostics\OverlineEdge_RunDiagnostic_20260710_234112.zip
2026-07-10 23:41:27,651 [INFO] httpx: HTTP Request: GET https://gamma-api.polymarket.com/events?series_id=3&active=true&closed=false&limit=200 "HTTP/1.1 200 OK"
2026-07-10 23:41:27,738 [INFO] httpx: HTTP Request: GET https://api.elections.kalshi.com/trade-api/v2/markets?series_ticker=KXMLBGAME&status=open&limit=200 "HTTP/1.1 200 OK"
2026-07-10 23:41:34,979 [INFO] httpx: HTTP Request: GET https://gamma-api.polymarket.com/events?series_id=10187&active=true&closed=false&limit=200 "HTTP/1.1 200 OK"
2026-07-10 23:41:35,104 [INFO] httpx: HTTP Request: GET https://api.elections.kalshi.com/trade-api/v2/markets?series_ticker=KXNFLGAME&status=open&limit=200 "HTTP/1.1 200 OK"
2026-07-10 23:41:46,245 [INFO] httpx: HTTP Request: GET https://gamma-api.polymarket.com/events?series_id=10345&active=true&closed=false&limit=200 "HTTP/1.1 200 OK"
2026-07-10 23:41:46,291 [INFO] httpx: HTTP Request: GET https://api.elections.kalshi.com/trade-api/v2/markets?series_ticker=KXNBAGAME&status=open&limit=200 "HTTP/1.1 200 OK"
2026-07-10 23:41:53,760 [INFO] httpx: HTTP Request: GET https://gamma-api.polymarket.com/events?series_id=10346&active=true&closed=false&limit=200 "HTTP/1.1 200 OK"
2026-07-10 23:41:53,802 [INFO] httpx: HTTP Request: GET https://api.elections.kalshi.com/trade-api/v2/markets?series_ticker=KXNHLGAME&status=open&limit=200 "HTTP/1.1 200 OK"
2026-07-10 23:42:06,002 [INFO] httpx: HTTP Request: GET https://gamma-api.polymarket.com/events?series_id=10210&active=true&closed=false&limit=200 "HTTP/1.1 200 OK"
2026-07-10 23:42:06,125 [INFO] httpx: HTTP Request: GET https://api.elections.kalshi.com/trade-api/v2/markets?series_ticker=KXNCAAFGAME&status=open&limit=200 "HTTP/1.1 200 OK"
2026-07-10 23:42:10,493 [INFO] httpx: HTTP Request: GET https://api.elections.kalshi.com/trade-api/v2/markets?series_ticker=KXNCAABGAME&status=open&limit=200 "HTTP/1.1 200 OK"
2026-07-10 23:42:10,587 [INFO] httpx: HTTP Request: GET https://gamma-api.polymarket.com/events?series_id=39&active=true&closed=false&limit=200 "HTTP/1.1 200 OK"
2026-07-10 23:42:10,657 [INFO] app.services.diagnostics: Run diagnostic written: data\diagnostics\OverlineEdge_RunDiagnostic_20260710_234210.zip
2026-07-10 23:42:25,042 [INFO] httpx: HTTP Request: GET https://gamma-api.polymarket.com/events?series_id=3&active=true&closed=false&limit=200 "HTTP/1.1 200 OK"
2026-07-10 23:42:25,135 [INFO] httpx: HTTP Request: GET https://api.elections.kalshi.com/trade-api/v2/markets?series_ticker=KXMLBGAME&status=open&limit=200 "HTTP/1.1 200 OK"
2026-07-10 23:42:49,975 [INFO] httpx: HTTP Request: GET https://gamma-api.polymarket.com/events?series_id=10187&active=true&closed=false&limit=200 "HTTP/1.1 200 OK"
2026-07-10 23:42:50,022 [INFO] httpx: HTTP Request: GET https://api.elections.kalshi.com/trade-api/v2/markets?series_ticker=KXNFLGAME&status=open&limit=200 "HTTP/1.1 200 OK"
2026-07-10 23:42:53,529 [INFO] httpx: HTTP Request: GET https://gamma-api.polymarket.com/events?series_id=10345&active=true&closed=false&limit=200 "HTTP/1.1 200 OK"
2026-07-10 23:42:53,535 [INFO] httpx: HTTP Request: GET https://api.elections.kalshi.com/trade-api/v2/markets?series_ticker=KXNBAGAME&status=open&limit=200 "HTTP/1.1 200 OK"
2026-07-10 23:43:15,869 [INFO] httpx: HTTP Request: GET https://api.elections.kalshi.com/trade-api/v2/markets?series_ticker=KXNHLGAME&status=open&limit=200 "HTTP/1.1 200 OK"
2026-07-10 23:43:15,932 [INFO] httpx: HTTP Request: GET https://gamma-api.polymarket.com/events?series_id=10346&active=true&closed=false&limit=200 "HTTP/1.1 200 OK"
2026-07-10 23:43:22,660 [INFO] httpx: HTTP Request: GET https://gamma-api.polymarket.com/events?series_id=10210&active=true&closed=false&limit=200 "HTTP/1.1 200 OK"
2026-07-10 23:43:22,764 [INFO] httpx: HTTP Request: GET https://api.elections.kalshi.com/trade-api/v2/markets?series_ticker=KXNCAAFGAME&status=open&limit=200 "HTTP/1.1 200 OK"
2026-07-10 23:43:40,180 [INFO] httpx: HTTP Request: GET https://gamma-api.polymarket.com/events?series_id=39&active=true&closed=false&limit=200 "HTTP/1.1 200 OK"
2026-07-10 23:43:40,256 [INFO] httpx: HTTP Request: GET https://api.elections.kalshi.com/trade-api/v2/markets?series_ticker=KXNCAABGAME&status=open&limit=200 "HTTP/1.1 200 OK"
2026-07-10 23:43:40,415 [INFO] app.services.diagnostics: Run diagnostic written: data\diagnostics\OverlineEdge_RunDiagnostic_20260710_234340.zip
2026-07-10 23:43:52,717 [INFO] httpx: HTTP Request: GET https://api.elections.kalshi.com/trade-api/v2/markets?series_ticker=KXMLBGAME&status=open&limit=200 "HTTP/1.1 200 OK"
2026-07-10 23:43:52,769 [INFO] httpx: HTTP Request: GET https://gamma-api.polymarket.com/events?series_id=3&active=true&closed=false&limit=200 "HTTP/1.1 200 OK"
2026-07-10 23:44:18,151 [INFO] httpx: HTTP Request: GET https://gamma-api.polymarket.com/events?series_id=10187&active=true&closed=false&limit=200 "HTTP/1.1 200 OK"
2026-07-10 23:44:18,292 [INFO] httpx: HTTP Request: GET https://api.elections.kalshi.com/trade-api/v2/markets?series_ticker=KXNFLGAME&status=open&limit=200 "HTTP/1.1 200 OK"
2026-07-10 23:44:26,197 [INFO] httpx: HTTP Request: GET https://gamma-api.polymarket.com/events?series_id=10345&active=true&closed=false&limit=200 "HTTP/1.1 200 OK"
2026-07-10 23:44:26,242 [INFO] httpx: HTTP Request: GET https://api.elections.kalshi.com/trade-api/v2/markets?series_ticker=KXNBAGAME&status=open&limit=200 "HTTP/1.1 200 OK"
2026-07-10 23:44:50,766 [INFO] httpx: HTTP Request: GET https://gamma-api.polymarket.com/events?series_id=10346&active=true&closed=false&limit=200 "HTTP/1.1 200 OK"
2026-07-10 23:44:50,955 [INFO] httpx: HTTP Request: GET https://api.elections.kalshi.com/trade-api/v2/markets?series_ticker=KXNHLGAME&status=open&limit=200 "HTTP/1.1 200 OK"
2026-07-10 23:45:27,815 [INFO] httpx: HTTP Request: GET https://api.elections.kalshi.com/trade-api/v2/markets?series_ticker=KXNCAAFGAME&status=open&limit=200 "HTTP/1.1 200 OK"
2026-07-10 23:45:27,886 [INFO] httpx: HTTP Request: GET https://gamma-api.polymarket.com/events?series_id=10210&active=true&closed=false&limit=200 "HTTP/1.1 200 OK"
2026-07-10 23:45:33,819 [INFO] httpx: HTTP Request: GET https://gamma-api.polymarket.com/events?series_id=39&active=true&closed=false&limit=200 "HTTP/1.1 200 OK"
2026-07-10 23:45:33,918 [INFO] httpx: HTTP Request: GET https://api.elections.kalshi.com/trade-api/v2/markets?series_ticker=KXNCAABGAME&status=open&limit=200 "HTTP/1.1 200 OK"
2026-07-10 23:45:33,969 [INFO] app.services.diagnostics: Run diagnostic written: data\diagnostics\OverlineEdge_RunDiagnostic_20260710_234533.zip
2026-07-11 01:39:16,805 [INFO] httpx: HTTP Request: GET https://api.elections.kalshi.com/trade-api/v2/markets?series_ticker=KXMLBGAME&status=open&limit=200 "HTTP/1.1 200 OK"
2026-07-11 01:39:16,858 [INFO] httpx: HTTP Request: GET https://gamma-api.polymarket.com/events?series_id=3&active=true&closed=false&limit=200 "HTTP/1.1 200 OK"
2026-07-11 01:39:18,724 [INFO] httpx: HTTP Request: GET https://api.elections.kalshi.com/trade-api/v2/markets?series_ticker=KXNFLGAME&status=open&limit=200 "HTTP/1.1 200 OK"
2026-07-11 01:39:18,778 [INFO] httpx: HTTP Request: GET https://gamma-api.polymarket.com/events?series_id=10187&active=true&closed=false&limit=200 "HTTP/1.1 200 OK"
2026-07-11 01:39:27,540 [INFO] httpx: HTTP Request: GET https://gamma-api.polymarket.com/events?series_id=10346&active=true&closed=false&limit=200 "HTTP/1.1 200 OK"
2026-07-11 01:39:27,618 [INFO] httpx: HTTP Request: GET https://gamma-api.polymarket.com/events?series_id=10345&active=true&closed=false&limit=200 "HTTP/1.1 200 OK"
2026-07-11 01:39:27,647 [INFO] httpx: HTTP Request: GET https://api.elections.kalshi.com/trade-api/v2/markets?series_ticker=KXNHLGAME&status=open&limit=200 "HTTP/1.1 200 OK"
2026-07-11 01:39:27,746 [INFO] httpx: HTTP Request: GET https://api.elections.kalshi.com/trade-api/v2/markets?series_ticker=KXNBAGAME&status=open&limit=200 "HTTP/1.1 200 OK"
2026-07-11 01:39:38,008 [INFO] httpx: HTTP Request: GET https://gamma-api.polymarket.com/events?series_id=39&active=true&closed=false&limit=200 "HTTP/1.1 200 OK"
2026-07-11 01:39:38,016 [INFO] httpx: HTTP Request: GET https://api.elections.kalshi.com/trade-api/v2/markets?series_ticker=KXNCAABGAME&status=open&limit=200 "HTTP/1.1 200 OK"
2026-07-11 01:39:38,631 [INFO] httpx: HTTP Request: GET https://api.elections.kalshi.com/trade-api/v2/markets?series_ticker=KXNCAAFGAME&status=open&limit=200 "HTTP/1.1 200 OK"
2026-07-11 01:39:38,723 [INFO] httpx: HTTP Request: GET https://gamma-api.polymarket.com/events?series_id=10210&active=true&closed=false&limit=200 "HTTP/1.1 200 OK"
2026-07-11 01:39:38,751 [INFO] app.services.diagnostics: Run diagnostic written: data\diagnostics\OverlineEdge_RunDiagnostic_20260711_013938.zip
2026-07-11 03:33:17,487 [INFO] httpx: HTTP Request: GET https://gamma-api.polymarket.com/events?series_id=3&active=true&closed=false&limit=200 "HTTP/1.1 200 OK"
2026-07-11 03:33:17,537 [INFO] httpx: HTTP Request: GET https://api.elections.kalshi.com/trade-api/v2/markets?series_ticker=KXMLBGAME&status=open&limit=200 "HTTP/1.1 200 OK"
2026-07-11 03:33:18,568 [INFO] httpx: HTTP Request: GET https://api.elections.kalshi.com/trade-api/v2/markets?series_ticker=KXNFLGAME&status=open&limit=200 "HTTP/1.1 200 OK"
2026-07-11 03:33:18,650 [INFO] httpx: HTTP Request: GET https://gamma-api.polymarket.com/events?series_id=10187&active=true&closed=false&limit=200 "HTTP/1.1 200 OK"
2026-07-11 03:33:27,323 [INFO] httpx: HTTP Request: GET https://gamma-api.polymarket.com/events?series_id=10346&active=true&closed=false&limit=200 "HTTP/1.1 200 OK"
2026-07-11 03:33:27,376 [INFO] httpx: HTTP Request: GET https://api.elections.kalshi.com/trade-api/v2/markets?series_ticker=KXNHLGAME&status=open&limit=200 "HTTP/1.1 200 OK"
2026-07-11 03:33:28,450 [INFO] httpx: HTTP Request: GET https://api.elections.kalshi.com/trade-api/v2/markets?series_ticker=KXNBAGAME&status=open&limit=200 "HTTP/1.1 200 OK"
2026-07-11 03:33:28,451 [INFO] httpx: HTTP Request: GET https://gamma-api.polymarket.com/events?series_id=10345&active=true&closed=false&limit=200 "HTTP/1.1 200 OK"
2026-07-11 03:33:38,233 [INFO] httpx: HTTP Request: GET https://gamma-api.polymarket.com/events?series_id=10210&active=true&closed=false&limit=200 "HTTP/1.1 200 OK"
2026-07-11 03:33:38,237 [INFO] httpx: HTTP Request: GET https://api.elections.kalshi.com/trade-api/v2/markets?series_ticker=KXNCAAFGAME&status=open&limit=200 "HTTP/1.1 200 OK"
2026-07-11 03:33:38,745 [INFO] httpx: HTTP Request: GET https://api.elections.kalshi.com/trade-api/v2/markets?series_ticker=KXNCAABGAME&status=open&limit=200 "HTTP/1.1 200 OK"
2026-07-11 03:33:38,807 [INFO] httpx: HTTP Request: GET https://gamma-api.polymarket.com/events?series_id=39&active=true&closed=false&limit=200 "HTTP/1.1 200 OK"
2026-07-11 03:33:38,847 [INFO] app.services.diagnostics: Run diagnostic written: data\diagnostics\OverlineEdge_RunDiagnostic_20260711_033338.zip
2026-07-11 05:27:32,987 [INFO] httpx: HTTP Request: GET https://gamma-api.polymarket.com/events?series_id=3&active=true&closed=false&limit=200 "HTTP/1.1 200 OK"
2026-07-11 05:27:33,108 [INFO] httpx: HTTP Request: GET https://api.elections.kalshi.com/trade-api/v2/markets?series_ticker=KXMLBGAME&status=open&limit=200 "HTTP/1.1 200 OK"
2026-07-11 05:27:36,220 [INFO] httpx: HTTP Request: GET https://api.elections.kalshi.com/trade-api/v2/markets?series_ticker=KXNFLGAME&status=open&limit=200 "HTTP/1.1 200 OK"
2026-07-11 05:27:36,234 [INFO] httpx: HTTP Request: GET https://gamma-api.polymarket.com/events?series_id=10187&active=true&closed=false&limit=200 "HTTP/1.1 200 OK"
2026-07-11 05:27:52,142 [INFO] httpx: HTTP Request: GET https://gamma-api.polymarket.com/events?series_id=10346&active=true&closed=false&limit=200 "HTTP/1.1 200 OK"
2026-07-11 05:27:52,195 [INFO] httpx: HTTP Request: GET https://api.elections.kalshi.com/trade-api/v2/markets?series_ticker=KXNHLGAME&status=open&limit=200 "HTTP/1.1 200 OK"
2026-07-11 05:27:52,915 [INFO] httpx: HTTP Request: GET https://api.elections.kalshi.com/trade-api/v2/markets?series_ticker=KXNBAGAME&status=open&limit=200 "HTTP/1.1 200 OK"
2026-07-11 05:27:52,956 [INFO] httpx: HTTP Request: GET https://gamma-api.polymarket.com/events?series_id=10345&active=true&closed=false&limit=200 "HTTP/1.1 200 OK"
2026-07-11 05:28:09,956 [INFO] httpx: HTTP Request: GET https://api.elections.kalshi.com/trade-api/v2/markets?series_ticker=KXNCAABGAME&status=open&limit=200 "HTTP/1.1 200 OK"
2026-07-11 05:28:10,010 [INFO] httpx: HTTP Request: GET https://gamma-api.polymarket.com/events?series_id=39&active=true&closed=false&limit=200 "HTTP/1.1 200 OK"
2026-07-11 05:28:12,500 [INFO] httpx: HTTP Request: GET https://api.elections.kalshi.com/trade-api/v2/markets?series_ticker=KXNCAAFGAME&status=open&limit=200 "HTTP/1.1 200 OK"
2026-07-11 05:28:12,556 [INFO] httpx: HTTP Request: GET https://gamma-api.polymarket.com/events?series_id=10210&active=true&closed=false&limit=200 "HTTP/1.1 200 OK"
2026-07-11 05:28:12,597 [INFO] app.services.diagnostics: Run diagnostic written: data\diagnostics\OverlineEdge_RunDiagnostic_20260711_052812.zip
2026-07-11 07:22:30,861 [INFO] httpx: HTTP Request: GET https://gamma-api.polymarket.com/events?series_id=3&active=true&closed=false&limit=200 "HTTP/1.1 200 OK"
2026-07-11 07:22:30,887 [INFO] httpx: HTTP Request: GET https://api.elections.kalshi.com/trade-api/v2/markets?series_ticker=KXMLBGAME&status=open&limit=200 "HTTP/1.1 200 OK"
2026-07-11 07:22:32,543 [INFO] httpx: HTTP Request: GET https://api.elections.kalshi.com/trade-api/v2/markets?series_ticker=KXNFLGAME&status=open&limit=200 "HTTP/1.1 200 OK"
2026-07-11 07:22:32,599 [INFO] httpx: HTTP Request: GET https://gamma-api.polymarket.com/events?series_id=10187&active=true&closed=false&limit=200 "HTTP/1.1 200 OK"
2026-07-11 07:22:41,479 [INFO] httpx: HTTP Request: GET https://gamma-api.polymarket.com/events?series_id=10346&active=true&closed=false&limit=200 "HTTP/1.1 200 OK"
2026-07-11 07:22:41,493 [INFO] httpx: HTTP Request: GET https://api.elections.kalshi.com/trade-api/v2/markets?series_ticker=KXNHLGAME&status=open&limit=200 "HTTP/1.1 200 OK"
2026-07-11 07:22:43,200 [INFO] httpx: HTTP Request: GET https://gamma-api.polymarket.com/events?series_id=10345&active=true&closed=false&limit=200 "HTTP/1.1 200 OK"
2026-07-11 07:22:43,210 [INFO] httpx: HTTP Request: GET https://api.elections.kalshi.com/trade-api/v2/markets?series_ticker=KXNBAGAME&status=open&limit=200 "HTTP/1.1 200 OK"
2026-07-11 07:22:52,416 [INFO] httpx: HTTP Request: GET https://api.elections.kalshi.com/trade-api/v2/markets?series_ticker=KXNCAAFGAME&status=open&limit=200 "HTTP/1.1 200 OK"
2026-07-11 07:22:52,457 [INFO] httpx: HTTP Request: GET https://gamma-api.polymarket.com/events?series_id=10210&active=true&closed=false&limit=200 "HTTP/1.1 200 OK"
2026-07-11 07:22:53,603 [INFO] httpx: HTTP Request: GET https://api.elections.kalshi.com/trade-api/v2/markets?series_ticker=KXNCAABGAME&status=open&limit=200 "HTTP/1.1 200 OK"
2026-07-11 07:22:53,662 [INFO] httpx: HTTP Request: GET https://gamma-api.polymarket.com/events?series_id=39&active=true&closed=false&limit=200 "HTTP/1.1 200 OK"
2026-07-11 07:22:53,681 [INFO] app.services.diagnostics: Run diagnostic written: data\diagnostics\OverlineEdge_RunDiagnostic_20260711_072253.zip
2026-07-11 09:16:35,626 [INFO] httpx: HTTP Request: GET https://gamma-api.polymarket.com/events?series_id=3&active=true&closed=false&limit=200 "HTTP/1.1 200 OK"
2026-07-11 09:16:35,697 [INFO] httpx: HTTP Request: GET https://api.elections.kalshi.com/trade-api/v2/markets?series_ticker=KXMLBGAME&status=open&limit=200 "HTTP/1.1 200 OK"
2026-07-11 09:16:38,876 [INFO] httpx: HTTP Request: GET https://api.elections.kalshi.com/trade-api/v2/markets?series_ticker=KXNFLGAME&status=open&limit=200 "HTTP/1.1 200 OK"
2026-07-11 09:16:38,936 [INFO] httpx: HTTP Request: GET https://gamma-api.polymarket.com/events?series_id=10187&active=true&closed=false&limit=200 "HTTP/1.1 200 OK"
2026-07-11 09:16:55,372 [INFO] httpx: HTTP Request: GET https://gamma-api.polymarket.com/events?series_id=10345&active=true&closed=false&limit=200 "HTTP/1.1 200 OK"
2026-07-11 09:16:55,390 [INFO] httpx: HTTP Request: GET https://gamma-api.polymarket.com/events?series_id=10346&active=true&closed=false&limit=200 "HTTP/1.1 200 OK"
2026-07-11 09:16:55,477 [INFO] httpx: HTTP Request: GET https://api.elections.kalshi.com/trade-api/v2/markets?series_ticker=KXNHLGAME&status=open&limit=200 "HTTP/1.1 200 OK"
2026-07-11 09:16:55,492 [INFO] httpx: HTTP Request: GET https://api.elections.kalshi.com/trade-api/v2/markets?series_ticker=KXNBAGAME&status=open&limit=200 "HTTP/1.1 200 OK"
2026-07-11 09:17:12,842 [INFO] httpx: HTTP Request: GET https://api.elections.kalshi.com/trade-api/v2/markets?series_ticker=KXNCAABGAME&status=open&limit=200 "HTTP/1.1 200 OK"
2026-07-11 09:17:12,863 [INFO] httpx: HTTP Request: GET https://gamma-api.polymarket.com/events?series_id=39&active=true&closed=false&limit=200 "HTTP/1.1 200 OK"
2026-07-11 09:17:15,608 [INFO] httpx: HTTP Request: GET https://api.elections.kalshi.com/trade-api/v2/markets?series_ticker=KXNCAAFGAME&status=open&limit=200 "HTTP/1.1 200 OK"
2026-07-11 09:17:15,618 [INFO] httpx: HTTP Request: GET https://gamma-api.polymarket.com/events?series_id=10210&active=true&closed=false&limit=200 "HTTP/1.1 200 OK"
2026-07-11 09:17:15,657 [INFO] app.services.diagnostics: Run diagnostic written: data\diagnostics\OverlineEdge_RunDiagnostic_20260711_091715.zip
2026-07-11 11:11:32,304 [INFO] httpx: HTTP Request: GET https://api.elections.kalshi.com/trade-api/v2/markets?series_ticker=KXMLBGAME&status=open&limit=200 "HTTP/1.1 200 OK"
2026-07-11 11:11:32,342 [INFO] httpx: HTTP Request: GET https://gamma-api.polymarket.com/events?series_id=3&active=true&closed=false&limit=200 "HTTP/1.1 200 OK"
2026-07-11 11:11:35,455 [INFO] httpx: HTTP Request: GET https://api.elections.kalshi.com/trade-api/v2/markets?series_ticker=KXNFLGAME&status=open&limit=200 "HTTP/1.1 200 OK"
2026-07-11 11:11:35,555 [INFO] httpx: HTTP Request: GET https://gamma-api.polymarket.com/events?series_id=10187&active=true&closed=false&limit=200 "HTTP/1.1 200 OK"
2026-07-11 11:11:51,042 [INFO] httpx: HTTP Request: GET https://gamma-api.polymarket.com/events?series_id=10346&active=true&closed=false&limit=200 "HTTP/1.1 200 OK"
2026-07-11 11:11:51,143 [INFO] httpx: HTTP Request: GET https://api.elections.kalshi.com/trade-api/v2/markets?series_ticker=KXNHLGAME&status=open&limit=200 "HTTP/1.1 200 OK"
2026-07-11 11:11:52,013 [INFO] httpx: HTTP Request: GET https://api.elections.kalshi.com/trade-api/v2/markets?series_ticker=KXNBAGAME&status=open&limit=200 "HTTP/1.1 200 OK"
2026-07-11 11:11:52,016 [INFO] httpx: HTTP Request: GET https://gamma-api.polymarket.com/events?series_id=10345&active=true&closed=false&limit=200 "HTTP/1.1 200 OK"
2026-07-11 11:12:08,393 [INFO] httpx: HTTP Request: GET https://gamma-api.polymarket.com/events?series_id=39&active=true&closed=false&limit=200 "HTTP/1.1 200 OK"
2026-07-11 11:12:08,425 [INFO] httpx: HTTP Request: GET https://api.elections.kalshi.com/trade-api/v2/markets?series_ticker=KXNCAABGAME&status=open&limit=200 "HTTP/1.1 200 OK"
2026-07-11 11:12:10,807 [INFO] httpx: HTTP Request: GET https://api.elections.kalshi.com/trade-api/v2/markets?series_ticker=KXNCAAFGAME&status=open&limit=200 "HTTP/1.1 200 OK"
2026-07-11 11:12:10,849 [INFO] httpx: HTTP Request: GET https://gamma-api.polymarket.com/events?series_id=10210&active=true&closed=false&limit=200 "HTTP/1.1 200 OK"
2026-07-11 11:12:10,889 [INFO] app.services.diagnostics: Run diagnostic written: data\diagnostics\OverlineEdge_RunDiagnostic_20260711_111210.zip
2026-07-11 13:06:37,246 [INFO] httpx: HTTP Request: GET https://api.elections.kalshi.com/trade-api/v2/markets?series_ticker=KXMLBGAME&status=open&limit=200 "HTTP/1.1 200 OK"
2026-07-11 13:06:37,268 [INFO] httpx: HTTP Request: GET https://gamma-api.polymarket.com/events?series_id=3&active=true&closed=false&limit=200 "HTTP/1.1 200 OK"
2026-07-11 13:06:37,311 [INFO] httpx: HTTP Request: GET https://api.elections.kalshi.com/trade-api/v2/markets?series_ticker=KXNFLGAME&status=open&limit=200 "HTTP/1.1 200 OK"
2026-07-11 13:06:37,344 [INFO] httpx: HTTP Request: GET https://gamma-api.polymarket.com/events?series_id=10187&active=true&closed=false&limit=200 "HTTP/1.1 200 OK"
2026-07-11 13:06:55,728 [INFO] httpx: HTTP Request: GET https://gamma-api.polymarket.com/events?series_id=10346&active=true&closed=false&limit=200 "HTTP/1.1 200 OK"
2026-07-11 13:06:55,818 [INFO] httpx: HTTP Request: GET https://api.elections.kalshi.com/trade-api/v2/markets?series_ticker=KXNHLGAME&status=open&limit=200 "HTTP/1.1 200 OK"
2026-07-11 13:06:59,044 [INFO] httpx: HTTP Request: GET https://api.elections.kalshi.com/trade-api/v2/markets?series_ticker=KXNBAGAME&status=open&limit=200 "HTTP/1.1 200 OK"
2026-07-11 13:06:59,144 [INFO] httpx: HTTP Request: GET https://gamma-api.polymarket.com/events?series_id=10345&active=true&closed=false&limit=200 "HTTP/1.1 200 OK"
2026-07-11 13:07:15,140 [INFO] httpx: HTTP Request: GET https://gamma-api.polymarket.com/events?series_id=10210&active=true&closed=false&limit=200 "HTTP/1.1 200 OK"
2026-07-11 13:07:15,162 [INFO] httpx: HTTP Request: GET https://api.elections.kalshi.com/trade-api/v2/markets?series_ticker=KXNCAAFGAME&status=open&limit=200 "HTTP/1.1 200 OK"
2026-07-11 13:07:16,954 [INFO] httpx: HTTP Request: GET https://api.elections.kalshi.com/trade-api/v2/markets?series_ticker=KXNCAABGAME&status=open&limit=200 "HTTP/1.1 200 OK"
2026-07-11 13:07:17,038 [INFO] httpx: HTTP Request: GET https://gamma-api.polymarket.com/events?series_id=39&active=true&closed=false&limit=200 "HTTP/1.1 200 OK"
2026-07-11 13:07:17,113 [INFO] app.services.diagnostics: Run diagnostic written: data\diagnostics\OverlineEdge_RunDiagnostic_20260711_130717.zip
2026-07-11 15:01:34,995 [INFO] httpx: HTTP Request: GET https://api.elections.kalshi.com/trade-api/v2/markets?series_ticker=KXMLBGAME&status=open&limit=200 "HTTP/1.1 200 OK"
2026-07-11 15:01:35,029 [INFO] httpx: HTTP Request: GET https://gamma-api.polymarket.com/events?series_id=3&active=true&closed=false&limit=200 "HTTP/1.1 200 OK"
2026-07-11 15:01:38,757 [INFO] httpx: HTTP Request: GET https://gamma-api.polymarket.com/events?series_id=10187&active=true&closed=false&limit=200 "HTTP/1.1 200 OK"
2026-07-11 15:01:38,788 [INFO] httpx: HTTP Request: GET https://api.elections.kalshi.com/trade-api/v2/markets?series_ticker=KXNFLGAME&status=open&limit=200 "HTTP/1.1 200 OK"
2026-07-11 15:01:55,387 [INFO] httpx: HTTP Request: GET https://api.elections.kalshi.com/trade-api/v2/markets?series_ticker=KXNBAGAME&status=open&limit=200 "HTTP/1.1 200 OK"
2026-07-11 15:01:55,445 [INFO] httpx: HTTP Request: GET https://gamma-api.polymarket.com/events?series_id=10345&active=true&closed=false&limit=200 "HTTP/1.1 200 OK"
2026-07-11 15:01:55,548 [INFO] httpx: HTTP Request: GET https://api.elections.kalshi.com/trade-api/v2/markets?series_ticker=KXNHLGAME&status=open&limit=200 "HTTP/1.1 200 OK"
2026-07-11 15:01:55,635 [INFO] httpx: HTTP Request: GET https://gamma-api.polymarket.com/events?series_id=10346&active=true&closed=false&limit=200 "HTTP/1.1 200 OK"
2026-07-11 15:02:13,572 [INFO] httpx: HTTP Request: GET https://api.elections.kalshi.com/trade-api/v2/markets?series_ticker=KXNCAABGAME&status=open&limit=200 "HTTP/1.1 200 OK"
2026-07-11 15:02:13,600 [INFO] httpx: HTTP Request: GET https://gamma-api.polymarket.com/events?series_id=39&active=true&closed=false&limit=200 "HTTP/1.1 200 OK"
2026-07-11 15:02:15,249 [INFO] httpx: HTTP Request: GET https://api.elections.kalshi.com/trade-api/v2/markets?series_ticker=KXNCAAFGAME&status=open&limit=200 "HTTP/1.1 200 OK"
2026-07-11 15:02:15,337 [INFO] httpx: HTTP Request: GET https://gamma-api.polymarket.com/events?series_id=10210&active=true&closed=false&limit=200 "HTTP/1.1 200 OK"
2026-07-11 15:02:15,381 [INFO] app.services.diagnostics: Run diagnostic written: data\diagnostics\OverlineEdge_RunDiagnostic_20260711_150215.zip
2026-07-11 16:56:31,704 [INFO] httpx: HTTP Request: GET https://gamma-api.polymarket.com/events?series_id=3&active=true&closed=false&limit=200 "HTTP/1.1 200 OK"
2026-07-11 16:56:32,212 [INFO] httpx: HTTP Request: GET https://api.elections.kalshi.com/trade-api/v2/markets?series_ticker=KXMLBGAME&status=open&limit=200 "HTTP/1.1 200 OK"
2026-07-11 16:56:35,195 [INFO] httpx: HTTP Request: GET https://api.elections.kalshi.com/trade-api/v2/markets?series_ticker=KXNFLGAME&status=open&limit=200 "HTTP/1.1 200 OK"
2026-07-11 16:56:35,283 [INFO] httpx: HTTP Request: GET https://gamma-api.polymarket.com/events?series_id=10187&active=true&closed=false&limit=200 "HTTP/1.1 200 OK"
2026-07-11 16:56:52,178 [INFO] httpx: HTTP Request: GET https://gamma-api.polymarket.com/events?series_id=10345&active=true&closed=false&limit=200 "HTTP/1.1 200 OK"
2026-07-11 16:56:52,215 [INFO] httpx: HTTP Request: GET https://gamma-api.polymarket.com/events?series_id=10346&active=true&closed=false&limit=200 "HTTP/1.1 200 OK"
2026-07-11 16:56:52,228 [INFO] httpx: HTTP Request: GET https://api.elections.kalshi.com/trade-api/v2/markets?series_ticker=KXNHLGAME&status=open&limit=200 "HTTP/1.1 200 OK"
2026-07-11 16:56:52,507 [INFO] httpx: HTTP Request: GET https://api.elections.kalshi.com/trade-api/v2/markets?series_ticker=KXNBAGAME&status=open&limit=200 "HTTP/1.1 200 OK"
2026-07-11 16:57:11,689 [INFO] httpx: HTTP Request: GET https://api.elections.kalshi.com/trade-api/v2/markets?series_ticker=KXNCAABGAME&status=open&limit=200 "HTTP/1.1 200 OK"
2026-07-11 16:57:11,745 [INFO] httpx: HTTP Request: GET https://gamma-api.polymarket.com/events?series_id=39&active=true&closed=false&limit=200 "HTTP/1.1 200 OK"
2026-07-11 16:57:14,670 [INFO] httpx: HTTP Request: GET https://api.elections.kalshi.com/trade-api/v2/markets?series_ticker=KXNCAAFGAME&status=open&limit=200 "HTTP/1.1 200 OK"
2026-07-11 16:57:14,740 [INFO] httpx: HTTP Request: GET https://gamma-api.polymarket.com/events?series_id=10210&active=true&closed=false&limit=200 "HTTP/1.1 200 OK"
2026-07-11 16:57:14,789 [INFO] app.services.diagnostics: Run diagnostic written: data\diagnostics\OverlineEdge_RunDiagnostic_20260711_165714.zip
2026-07-11 18:51:33,393 [INFO] httpx: HTTP Request: GET https://gamma-api.polymarket.com/events?series_id=3&active=true&closed=false&limit=200 "HTTP/1.1 200 OK"
2026-07-11 18:51:33,796 [INFO] httpx: HTTP Request: GET https://api.elections.kalshi.com/trade-api/v2/markets?series_ticker=KXMLBGAME&status=open&limit=200 "HTTP/1.1 200 OK"
2026-07-11 18:51:38,631 [INFO] httpx: HTTP Request: GET https://api.elections.kalshi.com/trade-api/v2/markets?series_ticker=KXNFLGAME&status=open&limit=200 "HTTP/1.1 200 OK"
2026-07-11 18:51:38,742 [INFO] httpx: HTTP Request: GET https://gamma-api.polymarket.com/events?series_id=10187&active=true&closed=false&limit=200 "HTTP/1.1 200 OK"
2026-07-11 18:51:56,046 [INFO] httpx: HTTP Request: GET https://gamma-api.polymarket.com/events?series_id=10345&active=true&closed=false&limit=200 "HTTP/1.1 200 OK"
2026-07-11 18:51:56,090 [INFO] httpx: HTTP Request: GET https://api.elections.kalshi.com/trade-api/v2/markets?series_ticker=KXNBAGAME&status=open&limit=200 "HTTP/1.1 200 OK"
2026-07-11 18:51:56,573 [INFO] httpx: HTTP Request: GET https://api.elections.kalshi.com/trade-api/v2/markets?series_ticker=KXNHLGAME&status=open&limit=200 "HTTP/1.1 200 OK"
2026-07-11 18:51:56,578 [INFO] httpx: HTTP Request: GET https://gamma-api.polymarket.com/events?series_id=10346&active=true&closed=false&limit=200 "HTTP/1.1 200 OK"
2026-07-11 18:52:14,130 [INFO] httpx: HTTP Request: GET https://api.elections.kalshi.com/trade-api/v2/markets?series_ticker=KXNCAABGAME&status=open&limit=200 "HTTP/1.1 200 OK"
2026-07-11 18:52:14,189 [INFO] httpx: HTTP Request: GET https://gamma-api.polymarket.com/events?series_id=39&active=true&closed=false&limit=200 "HTTP/1.1 200 OK"
2026-07-11 18:52:16,675 [INFO] httpx: HTTP Request: GET https://api.elections.kalshi.com/trade-api/v2/markets?series_ticker=KXNCAAFGAME&status=open&limit=200 "HTTP/1.1 200 OK"
2026-07-11 18:52:16,757 [INFO] httpx: HTTP Request: GET https://gamma-api.polymarket.com/events?series_id=10210&active=true&closed=false&limit=200 "HTTP/1.1 200 OK"
2026-07-11 18:52:16,802 [INFO] app.services.diagnostics: Run diagnostic written: data\diagnostics\OverlineEdge_RunDiagnostic_20260711_185216.zip
2026-07-11 20:46:30,930 [INFO] httpx: HTTP Request: GET https://gamma-api.polymarket.com/events?series_id=3&active=true&closed=false&limit=200 "HTTP/1.1 200 OK"
2026-07-11 20:46:31,295 [INFO] httpx: HTTP Request: GET https://api.elections.kalshi.com/trade-api/v2/markets?series_ticker=KXMLBGAME&status=open&limit=200 "HTTP/1.1 200 OK"
2026-07-11 20:46:34,839 [INFO] httpx: HTTP Request: GET https://api.elections.kalshi.com/trade-api/v2/markets?series_ticker=KXNFLGAME&status=open&limit=200 "HTTP/1.1 200 OK"
2026-07-11 20:46:34,903 [INFO] httpx: HTTP Request: GET https://gamma-api.polymarket.com/events?series_id=10187&active=true&closed=false&limit=200 "HTTP/1.1 200 OK"
2026-07-11 20:46:50,859 [INFO] httpx: HTTP Request: GET https://gamma-api.polymarket.com/events?series_id=10345&active=true&closed=false&limit=200 "HTTP/1.1 200 OK"
2026-07-11 20:46:50,885 [INFO] httpx: HTTP Request: GET https://gamma-api.polymarket.com/events?series_id=10346&active=true&closed=false&limit=200 "HTTP/1.1 200 OK"
2026-07-11 20:46:50,915 [INFO] httpx: HTTP Request: GET https://api.elections.kalshi.com/trade-api/v2/markets?series_ticker=KXNBAGAME&status=open&limit=200 "HTTP/1.1 200 OK"
2026-07-11 20:46:50,952 [INFO] httpx: HTTP Request: GET https://api.elections.kalshi.com/trade-api/v2/markets?series_ticker=KXNHLGAME&status=open&limit=200 "HTTP/1.1 200 OK"
2026-07-11 20:47:09,165 [INFO] httpx: HTTP Request: GET https://api.elections.kalshi.com/trade-api/v2/markets?series_ticker=KXNCAABGAME&status=open&limit=200 "HTTP/1.1 200 OK"
2026-07-11 20:47:09,578 [INFO] httpx: HTTP Request: GET https://gamma-api.polymarket.com/events?series_id=39&active=true&closed=false&limit=200 "HTTP/1.1 200 OK"
2026-07-11 20:47:12,429 [INFO] httpx: HTTP Request: GET https://api.elections.kalshi.com/trade-api/v2/markets?series_ticker=KXNCAAFGAME&status=open&limit=200 "HTTP/1.1 200 OK"
2026-07-11 20:47:12,516 [INFO] httpx: HTTP Request: GET https://gamma-api.polymarket.com/events?series_id=10210&active=true&closed=false&limit=200 "HTTP/1.1 200 OK"
2026-07-11 20:47:12,556 [INFO] app.services.diagnostics: Run diagnostic written: data\diagnostics\OverlineEdge_RunDiagnostic_20260711_204712.zip
2026-07-11 22:41:17,394 [INFO] httpx: HTTP Request: GET https://api.elections.kalshi.com/trade-api/v2/markets?series_ticker=KXMLBGAME&status=open&limit=200 "HTTP/1.1 200 OK"
2026-07-11 22:41:17,402 [INFO] httpx: HTTP Request: GET https://gamma-api.polymarket.com/events?series_id=3&active=true&closed=false&limit=200 "HTTP/1.1 200 OK"
2026-07-11 22:41:20,055 [INFO] httpx: HTTP Request: GET https://api.elections.kalshi.com/trade-api/v2/markets?series_ticker=KXNFLGAME&status=open&limit=200 "HTTP/1.1 200 OK"
2026-07-11 22:41:20,384 [INFO] httpx: HTTP Request: GET https://gamma-api.polymarket.com/events?series_id=10187&active=true&closed=false&limit=200 "HTTP/1.1 200 OK"
2026-07-11 22:41:28,240 [INFO] httpx: HTTP Request: GET https://api.elections.kalshi.com/trade-api/v2/markets?series_ticker=KXNBAGAME&status=open&limit=200 "HTTP/1.1 200 OK"
2026-07-11 22:41:28,275 [INFO] httpx: HTTP Request: GET https://gamma-api.polymarket.com/events?series_id=10345&active=true&closed=false&limit=200 "HTTP/1.1 200 OK"
2026-07-11 22:41:29,098 [INFO] httpx: HTTP Request: GET https://gamma-api.polymarket.com/events?series_id=10346&active=true&closed=false&limit=200 "HTTP/1.1 200 OK"
2026-07-11 22:41:29,138 [INFO] httpx: HTTP Request: GET https://api.elections.kalshi.com/trade-api/v2/markets?series_ticker=KXNHLGAME&status=open&limit=200 "HTTP/1.1 200 OK"
2026-07-11 22:41:39,502 [INFO] httpx: HTTP Request: GET https://api.elections.kalshi.com/trade-api/v2/markets?series_ticker=KXNCAAFGAME&status=open&limit=200 "HTTP/1.1 200 OK"
2026-07-11 22:41:39,586 [INFO] httpx: HTTP Request: GET https://gamma-api.polymarket.com/events?series_id=10210&active=true&closed=false&limit=200 "HTTP/1.1 200 OK"
2026-07-11 22:41:39,625 [INFO] httpx: HTTP Request: GET https://api.elections.kalshi.com/trade-api/v2/markets?series_ticker=KXNCAABGAME&status=open&limit=200 "HTTP/1.1 200 OK"
2026-07-11 22:41:39,690 [INFO] httpx: HTTP Request: GET https://gamma-api.polymarket.com/events?series_id=39&active=true&closed=false&limit=200 "HTTP/1.1 200 OK"
2026-07-11 22:41:39,708 [INFO] app.services.diagnostics: Run diagnostic written: data\diagnostics\OverlineEdge_RunDiagnostic_20260711_224139.zip
2026-07-12 00:35:33,390 [INFO] httpx: HTTP Request: GET https://api.elections.kalshi.com/trade-api/v2/markets?series_ticker=KXMLBGAME&status=open&limit=200 "HTTP/1.1 200 OK"
2026-07-12 00:35:33,426 [INFO] httpx: HTTP Request: GET https://gamma-api.polymarket.com/events?series_id=3&active=true&closed=false&limit=200 "HTTP/1.1 200 OK"
2026-07-12 00:35:36,767 [INFO] httpx: HTTP Request: GET https://api.elections.kalshi.com/trade-api/v2/markets?series_ticker=KXNFLGAME&status=open&limit=200 "HTTP/1.1 200 OK"
2026-07-12 00:35:36,825 [INFO] httpx: HTTP Request: GET https://gamma-api.polymarket.com/events?series_id=10187&active=true&closed=false&limit=200 "HTTP/1.1 200 OK"
2026-07-12 00:35:53,135 [INFO] httpx: HTTP Request: GET https://api.elections.kalshi.com/trade-api/v2/markets?series_ticker=KXNBAGAME&status=open&limit=200 "HTTP/1.1 200 OK"
2026-07-12 00:35:53,194 [INFO] httpx: HTTP Request: GET https://gamma-api.polymarket.com/events?series_id=10345&active=true&closed=false&limit=200 "HTTP/1.1 200 OK"
2026-07-12 00:35:53,613 [INFO] httpx: HTTP Request: GET https://gamma-api.polymarket.com/events?series_id=10346&active=true&closed=false&limit=200 "HTTP/1.1 200 OK"
2026-07-12 00:35:53,626 [INFO] httpx: HTTP Request: GET https://api.elections.kalshi.com/trade-api/v2/markets?series_ticker=KXNHLGAME&status=open&limit=200 "HTTP/1.1 200 OK"
2026-07-12 00:36:11,156 [INFO] httpx: HTTP Request: GET https://api.elections.kalshi.com/trade-api/v2/markets?series_ticker=KXNCAABGAME&status=open&limit=200 "HTTP/1.1 200 OK"
2026-07-12 00:36:11,171 [INFO] httpx: HTTP Request: GET https://gamma-api.polymarket.com/events?series_id=39&active=true&closed=false&limit=200 "HTTP/1.1 200 OK"
2026-07-12 00:36:13,256 [INFO] httpx: HTTP Request: GET https://gamma-api.polymarket.com/events?series_id=10210&active=true&closed=false&limit=200 "HTTP/1.1 200 OK"
2026-07-12 00:36:13,266 [INFO] httpx: HTTP Request: GET https://api.elections.kalshi.com/trade-api/v2/markets?series_ticker=KXNCAAFGAME&status=open&limit=200 "HTTP/1.1 200 OK"
2026-07-12 00:36:13,288 [INFO] app.services.diagnostics: Run diagnostic written: data\diagnostics\OverlineEdge_RunDiagnostic_20260712_003613.zip
2026-07-12 02:30:19,248 [INFO] httpx: HTTP Request: GET https://gamma-api.polymarket.com/events?series_id=3&active=true&closed=false&limit=200 "HTTP/1.1 200 OK"
2026-07-12 02:30:19,380 [INFO] httpx: HTTP Request: GET https://api.elections.kalshi.com/trade-api/v2/markets?series_ticker=KXMLBGAME&status=open&limit=200 "HTTP/1.1 200 OK"
2026-07-12 02:30:21,348 [INFO] httpx: HTTP Request: GET https://api.elections.kalshi.com/trade-api/v2/markets?series_ticker=KXNFLGAME&status=open&limit=200 "HTTP/1.1 200 OK"
2026-07-12 02:30:21,389 [INFO] httpx: HTTP Request: GET https://gamma-api.polymarket.com/events?series_id=10187&active=true&closed=false&limit=200 "HTTP/1.1 200 OK"
2026-07-12 02:30:31,027 [INFO] httpx: HTTP Request: GET https://gamma-api.polymarket.com/events?series_id=10346&active=true&closed=false&limit=200 "HTTP/1.1 200 OK"
2026-07-12 02:30:31,301 [INFO] httpx: HTTP Request: GET https://gamma-api.polymarket.com/events?series_id=10345&active=true&closed=false&limit=200 "HTTP/1.1 200 OK"
2026-07-12 02:30:31,371 [INFO] httpx: HTTP Request: GET https://api.elections.kalshi.com/trade-api/v2/markets?series_ticker=KXNHLGAME&status=open&limit=200 "HTTP/1.1 200 OK"
2026-07-12 02:30:31,421 [INFO] httpx: HTTP Request: GET https://api.elections.kalshi.com/trade-api/v2/markets?series_ticker=KXNBAGAME&status=open&limit=200 "HTTP/1.1 200 OK"
2026-07-12 02:30:42,512 [INFO] httpx: HTTP Request: GET https://api.elections.kalshi.com/trade-api/v2/markets?series_ticker=KXNCAABGAME&status=open&limit=200 "HTTP/1.1 200 OK"
2026-07-12 02:30:42,580 [INFO] httpx: HTTP Request: GET https://gamma-api.polymarket.com/events?series_id=39&active=true&closed=false&limit=200 "HTTP/1.1 200 OK"
2026-07-12 02:30:42,908 [INFO] httpx: HTTP Request: GET https://api.elections.kalshi.com/trade-api/v2/markets?series_ticker=KXNCAAFGAME&status=open&limit=200 "HTTP/1.1 200 OK"
2026-07-12 02:30:42,962 [INFO] httpx: HTTP Request: GET https://gamma-api.polymarket.com/events?series_id=10210&active=true&closed=false&limit=200 "HTTP/1.1 200 OK"
2026-07-12 02:30:42,972 [INFO] app.services.diagnostics: Run diagnostic written: data\diagnostics\OverlineEdge_RunDiagnostic_20260712_023042.zip
2026-07-12 04:24:33,520 [INFO] httpx: HTTP Request: GET https://api.elections.kalshi.com/trade-api/v2/markets?series_ticker=KXMLBGAME&status=open&limit=200 "HTTP/1.1 200 OK"
2026-07-12 04:24:33,539 [INFO] httpx: HTTP Request: GET https://gamma-api.polymarket.com/events?series_id=3&active=true&closed=false&limit=200 "HTTP/1.1 200 OK"
2026-07-12 04:24:33,551 [INFO] httpx: HTTP Request: GET https://api.elections.kalshi.com/trade-api/v2/markets?series_ticker=KXNFLGAME&status=open&limit=200 "HTTP/1.1 200 OK"
2026-07-12 04:24:33,594 [INFO] httpx: HTTP Request: GET https://gamma-api.polymarket.com/events?series_id=10187&active=true&closed=false&limit=200 "HTTP/1.1 200 OK"
2026-07-12 04:24:51,081 [INFO] httpx: HTTP Request: GET https://gamma-api.polymarket.com/events?series_id=10346&active=true&closed=false&limit=200 "HTTP/1.1 200 OK"
2026-07-12 04:24:51,162 [INFO] httpx: HTTP Request: GET https://api.elections.kalshi.com/trade-api/v2/markets?series_ticker=KXNHLGAME&status=open&limit=200 "HTTP/1.1 200 OK"
2026-07-12 04:24:54,211 [INFO] httpx: HTTP Request: GET https://api.elections.kalshi.com/trade-api/v2/markets?series_ticker=KXNBAGAME&status=open&limit=200 "HTTP/1.1 200 OK"
2026-07-12 04:24:54,214 [INFO] httpx: HTTP Request: GET https://gamma-api.polymarket.com/events?series_id=10345&active=true&closed=false&limit=200 "HTTP/1.1 200 OK"
2026-07-12 04:25:09,956 [INFO] httpx: HTTP Request: GET https://api.elections.kalshi.com/trade-api/v2/markets?series_ticker=KXNCAAFGAME&status=open&limit=200 "HTTP/1.1 200 OK"
2026-07-12 04:25:10,140 [INFO] httpx: HTTP Request: GET https://gamma-api.polymarket.com/events?series_id=10210&active=true&closed=false&limit=200 "HTTP/1.1 200 OK"
2026-07-12 04:25:11,345 [INFO] httpx: HTTP Request: GET https://api.elections.kalshi.com/trade-api/v2/markets?series_ticker=KXNCAABGAME&status=open&limit=200 "HTTP/1.1 200 OK"
2026-07-12 04:25:11,408 [INFO] httpx: HTTP Request: GET https://gamma-api.polymarket.com/events?series_id=39&active=true&closed=false&limit=200 "HTTP/1.1 200 OK"
2026-07-12 04:25:11,453 [INFO] app.services.diagnostics: Run diagnostic written: data\diagnostics\OverlineEdge_RunDiagnostic_20260712_042511.zip
2026-07-12 06:19:36,077 [INFO] httpx: HTTP Request: GET https://gamma-api.polymarket.com/events?series_id=3&active=true&closed=false&limit=200 "HTTP/1.1 200 OK"
2026-07-12 06:19:36,219 [INFO] httpx: HTTP Request: GET https://api.elections.kalshi.com/trade-api/v2/markets?series_ticker=KXMLBGAME&status=open&limit=200 "HTTP/1.1 200 OK"
2026-07-12 06:19:39,301 [INFO] httpx: HTTP Request: GET https://api.elections.kalshi.com/trade-api/v2/markets?series_ticker=KXNFLGAME&status=open&limit=200 "HTTP/1.1 200 OK"
2026-07-12 06:19:39,357 [INFO] httpx: HTTP Request: GET https://gamma-api.polymarket.com/events?series_id=10187&active=true&closed=false&limit=200 "HTTP/1.1 200 OK"
2026-07-12 06:19:57,201 [INFO] httpx: HTTP Request: GET https://gamma-api.polymarket.com/events?series_id=10346&active=true&closed=false&limit=200 "HTTP/1.1 200 OK"
2026-07-12 06:19:57,205 [INFO] httpx: HTTP Request: GET https://gamma-api.polymarket.com/events?series_id=10345&active=true&closed=false&limit=200 "HTTP/1.1 200 OK"
2026-07-12 06:19:57,313 [INFO] httpx: HTTP Request: GET https://api.elections.kalshi.com/trade-api/v2/markets?series_ticker=KXNHLGAME&status=open&limit=200 "HTTP/1.1 200 OK"
2026-07-12 06:19:57,338 [INFO] httpx: HTTP Request: GET https://api.elections.kalshi.com/trade-api/v2/markets?series_ticker=KXNBAGAME&status=open&limit=200 "HTTP/1.1 200 OK"
2026-07-12 06:20:15,797 [INFO] httpx: HTTP Request: GET https://api.elections.kalshi.com/trade-api/v2/markets?series_ticker=KXNCAABGAME&status=open&limit=200 "HTTP/1.1 200 OK"
2026-07-12 06:20:15,801 [INFO] httpx: HTTP Request: GET https://gamma-api.polymarket.com/events?series_id=39&active=true&closed=false&limit=200 "HTTP/1.1 200 OK"
2026-07-12 06:20:18,352 [INFO] httpx: HTTP Request: GET https://api.elections.kalshi.com/trade-api/v2/markets?series_ticker=KXNCAAFGAME&status=open&limit=200 "HTTP/1.1 200 OK"
2026-07-12 06:20:18,387 [INFO] httpx: HTTP Request: GET https://gamma-api.polymarket.com/events?series_id=10210&active=true&closed=false&limit=200 "HTTP/1.1 200 OK"
2026-07-12 06:20:18,435 [INFO] app.services.diagnostics: Run diagnostic written: data\diagnostics\OverlineEdge_RunDiagnostic_20260712_062018.zip
2026-07-12 08:14:31,582 [INFO] httpx: HTTP Request: GET https://gamma-api.polymarket.com/events?series_id=3&active=true&closed=false&limit=200 "HTTP/1.1 200 OK"
2026-07-12 08:14:31,659 [INFO] httpx: HTTP Request: GET https://api.elections.kalshi.com/trade-api/v2/markets?series_ticker=KXMLBGAME&status=open&limit=200 "HTTP/1.1 200 OK"
2026-07-12 08:14:35,183 [INFO] httpx: HTTP Request: GET https://api.elections.kalshi.com/trade-api/v2/markets?series_ticker=KXNFLGAME&status=open&limit=200 "HTTP/1.1 200 OK"
2026-07-12 08:14:35,214 [INFO] httpx: HTTP Request: GET https://gamma-api.polymarket.com/events?series_id=10187&active=true&closed=false&limit=200 "HTTP/1.1 200 OK"
2026-07-12 08:14:51,199 [INFO] httpx: HTTP Request: GET https://gamma-api.polymarket.com/events?series_id=10346&active=true&closed=false&limit=200 "HTTP/1.1 200 OK"
2026-07-12 08:14:51,286 [INFO] httpx: HTTP Request: GET https://api.elections.kalshi.com/trade-api/v2/markets?series_ticker=KXNHLGAME&status=open&limit=200 "HTTP/1.1 200 OK"
2026-07-12 08:14:51,915 [INFO] httpx: HTTP Request: GET https://api.elections.kalshi.com/trade-api/v2/markets?series_ticker=KXNBAGAME&status=open&limit=200 "HTTP/1.1 200 OK"
2026-07-12 08:14:51,975 [INFO] httpx: HTTP Request: GET https://gamma-api.polymarket.com/events?series_id=10345&active=true&closed=false&limit=200 "HTTP/1.1 200 OK"
2026-07-12 08:15:08,690 [INFO] httpx: HTTP Request: GET https://gamma-api.polymarket.com/events?series_id=39&active=true&closed=false&limit=200 "HTTP/1.1 200 OK"
2026-07-12 08:15:08,693 [INFO] httpx: HTTP Request: GET https://api.elections.kalshi.com/trade-api/v2/markets?series_ticker=KXNCAABGAME&status=open&limit=200 "HTTP/1.1 200 OK"
2026-07-12 08:15:10,686 [INFO] httpx: HTTP Request: GET https://api.elections.kalshi.com/trade-api/v2/markets?series_ticker=KXNCAAFGAME&status=open&limit=200 "HTTP/1.1 200 OK"
2026-07-12 08:15:10,704 [INFO] httpx: HTTP Request: GET https://gamma-api.polymarket.com/events?series_id=10210&active=true&closed=false&limit=200 "HTTP/1.1 200 OK"
2026-07-12 08:15:10,757 [INFO] app.services.diagnostics: Run diagnostic written: data\diagnostics\OverlineEdge_RunDiagnostic_20260712_081510.zip
2026-07-12 10:09:32,269 [INFO] httpx: HTTP Request: GET https://gamma-api.polymarket.com/events?series_id=3&active=true&closed=false&limit=200 "HTTP/1.1 200 OK"
2026-07-12 10:09:32,315 [INFO] httpx: HTTP Request: GET https://api.elections.kalshi.com/trade-api/v2/markets?series_ticker=KXMLBGAME&status=open&limit=200 "HTTP/1.1 200 OK"
2026-07-12 10:09:35,776 [INFO] httpx: HTTP Request: GET https://api.elections.kalshi.com/trade-api/v2/markets?series_ticker=KXNFLGAME&status=open&limit=200 "HTTP/1.1 200 OK"
2026-07-12 10:09:35,842 [INFO] httpx: HTTP Request: GET https://gamma-api.polymarket.com/events?series_id=10187&active=true&closed=false&limit=200 "HTTP/1.1 200 OK"
2026-07-12 10:09:53,052 [INFO] httpx: HTTP Request: GET https://gamma-api.polymarket.com/events?series_id=10346&active=true&closed=false&limit=200 "HTTP/1.1 200 OK"
2026-07-12 10:09:53,058 [INFO] httpx: HTTP Request: GET https://gamma-api.polymarket.com/events?series_id=10345&active=true&closed=false&limit=200 "HTTP/1.1 200 OK"
2026-07-12 10:09:53,136 [INFO] httpx: HTTP Request: GET https://api.elections.kalshi.com/trade-api/v2/markets?series_ticker=KXNBAGAME&status=open&limit=200 "HTTP/1.1 200 OK"
2026-07-12 10:09:53,139 [INFO] httpx: HTTP Request: GET https://api.elections.kalshi.com/trade-api/v2/markets?series_ticker=KXNHLGAME&status=open&limit=200 "HTTP/1.1 200 OK"
2026-07-12 10:10:09,729 [INFO] httpx: HTTP Request: GET https://api.elections.kalshi.com/trade-api/v2/markets?series_ticker=KXNCAABGAME&status=open&limit=200 "HTTP/1.1 200 OK"
2026-07-12 10:10:09,741 [INFO] httpx: HTTP Request: GET https://gamma-api.polymarket.com/events?series_id=39&active=true&closed=false&limit=200 "HTTP/1.1 200 OK"
2026-07-12 10:10:11,394 [INFO] httpx: HTTP Request: GET https://api.elections.kalshi.com/trade-api/v2/markets?series_ticker=KXNCAAFGAME&status=open&limit=200 "HTTP/1.1 200 OK"
2026-07-12 10:10:11,476 [INFO] httpx: HTTP Request: GET https://gamma-api.polymarket.com/events?series_id=10210&active=true&closed=false&limit=200 "HTTP/1.1 200 OK"
2026-07-12 10:10:11,541 [INFO] app.services.diagnostics: Run diagnostic written: data\diagnostics\OverlineEdge_RunDiagnostic_20260712_101011.zip
2026-07-12 12:04:39,463 [INFO] httpx: HTTP Request: GET https://api.elections.kalshi.com/trade-api/v2/markets?series_ticker=KXMLBGAME&status=open&limit=200 "HTTP/1.1 200 OK"
2026-07-12 12:04:39,482 [INFO] httpx: HTTP Request: GET https://gamma-api.polymarket.com/events?series_id=3&active=true&closed=false&limit=200 "HTTP/1.1 200 OK"
2026-07-12 12:04:40,015 [INFO] httpx: HTTP Request: GET https://api.elections.kalshi.com/trade-api/v2/markets?series_ticker=KXNFLGAME&status=open&limit=200 "HTTP/1.1 200 OK"
2026-07-12 12:04:46,141 [INFO] httpx: HTTP Request: GET https://gamma-api.polymarket.com/events?series_id=10187&active=true&closed=false&limit=200 "HTTP/1.1 200 OK"
2026-07-12 12:05:02,239 [INFO] httpx: HTTP Request: GET https://gamma-api.polymarket.com/events?series_id=10346&active=true&closed=false&limit=200 "HTTP/1.1 200 OK"
2026-07-12 12:05:02,248 [INFO] httpx: HTTP Request: GET https://api.elections.kalshi.com/trade-api/v2/markets?series_ticker=KXNHLGAME&status=open&limit=200 "HTTP/1.1 200 OK"
2026-07-12 12:05:07,417 [INFO] httpx: HTTP Request: GET https://gamma-api.polymarket.com/events?series_id=10345&active=true&closed=false&limit=200 "HTTP/1.1 200 OK"
2026-07-12 12:05:07,489 [INFO] httpx: HTTP Request: GET https://api.elections.kalshi.com/trade-api/v2/markets?series_ticker=KXNBAGAME&status=open&limit=200 "HTTP/1.1 200 OK"
2026-07-12 12:05:25,268 [INFO] httpx: HTTP Request: GET https://api.elections.kalshi.com/trade-api/v2/markets?series_ticker=KXNCAABGAME&status=open&limit=200 "HTTP/1.1 200 OK"
2026-07-12 12:05:25,309 [INFO] httpx: HTTP Request: GET https://api.elections.kalshi.com/trade-api/v2/markets?series_ticker=KXNCAAFGAME&status=open&limit=200 "HTTP/1.1 200 OK"
2026-07-12 12:05:25,325 [INFO] httpx: HTTP Request: GET https://gamma-api.polymarket.com/events?series_id=39&active=true&closed=false&limit=200 "HTTP/1.1 200 OK"
2026-07-12 12:05:25,330 [INFO] httpx: HTTP Request: GET https://gamma-api.polymarket.com/events?series_id=10210&active=true&closed=false&limit=200 "HTTP/1.1 200 OK"
2026-07-12 12:05:25,425 [INFO] app.services.diagnostics: Run diagnostic written: data\diagnostics\OverlineEdge_RunDiagnostic_20260712_120525.zip
2026-07-12 12:05:48,319 [INFO] httpx: HTTP Request: GET https://gamma-api.polymarket.com/events?series_id=3&active=true&closed=false&limit=200 "HTTP/1.1 200 OK"
2026-07-12 12:05:48,480 [INFO] httpx: HTTP Request: GET https://api.elections.kalshi.com/trade-api/v2/markets?series_ticker=KXMLBGAME&status=open&limit=200 "HTTP/1.1 200 OK"
2026-07-12 12:05:52,468 [INFO] httpx: HTTP Request: GET https://gamma-api.polymarket.com/events?series_id=10187&active=true&closed=false&limit=200 "HTTP/1.1 200 OK"
2026-07-12 12:05:52,531 [INFO] httpx: HTTP Request: GET https://api.elections.kalshi.com/trade-api/v2/markets?series_ticker=KXNFLGAME&status=open&limit=200 "HTTP/1.1 200 OK"
2026-07-12 12:06:10,141 [INFO] httpx: HTTP Request: GET https://gamma-api.polymarket.com/events?series_id=10345&active=true&closed=false&limit=200 "HTTP/1.1 200 OK"
2026-07-12 12:06:10,269 [INFO] httpx: HTTP Request: GET https://api.elections.kalshi.com/trade-api/v2/markets?series_ticker=KXNBAGAME&status=open&limit=200 "HTTP/1.1 200 OK"
2026-07-12 12:06:11,470 [INFO] httpx: HTTP Request: GET https://gamma-api.polymarket.com/events?series_id=10346&active=true&closed=false&limit=200 "HTTP/1.1 200 OK"
2026-07-12 12:06:11,490 [INFO] httpx: HTTP Request: GET https://api.elections.kalshi.com/trade-api/v2/markets?series_ticker=KXNHLGAME&status=open&limit=200 "HTTP/1.1 200 OK"
2026-07-12 12:06:28,593 [INFO] httpx: HTTP Request: GET https://gamma-api.polymarket.com/events?series_id=39&active=true&closed=false&limit=200 "HTTP/1.1 200 OK"
2026-07-12 12:06:28,726 [INFO] httpx: HTTP Request: GET https://api.elections.kalshi.com/trade-api/v2/markets?series_ticker=KXNCAABGAME&status=open&limit=200 "HTTP/1.1 200 OK"
2026-07-12 12:06:30,051 [INFO] httpx: HTTP Request: GET https://gamma-api.polymarket.com/events?series_id=10210&active=true&closed=false&limit=200 "HTTP/1.1 200 OK"
2026-07-12 12:06:30,088 [INFO] httpx: HTTP Request: GET https://api.elections.kalshi.com/trade-api/v2/markets?series_ticker=KXNCAAFGAME&status=open&limit=200 "HTTP/1.1 200 OK"
2026-07-12 12:06:30,156 [INFO] app.services.diagnostics: Run diagnostic written: data\diagnostics\OverlineEdge_RunDiagnostic_20260712_120630.zip
2026-07-12 14:00:32,699 [INFO] httpx: HTTP Request: GET https://api.elections.kalshi.com/trade-api/v2/markets?series_ticker=KXMLBGAME&status=open&limit=200 "HTTP/1.1 200 OK"
2026-07-12 14:00:32,736 [INFO] httpx: HTTP Request: GET https://gamma-api.polymarket.com/events?series_id=3&active=true&closed=false&limit=200 "HTTP/1.1 200 OK"
2026-07-12 14:00:36,859 [INFO] httpx: HTTP Request: GET https://gamma-api.polymarket.com/events?series_id=10187&active=true&closed=false&limit=200 "HTTP/1.1 200 OK"
2026-07-12 14:00:36,864 [INFO] httpx: HTTP Request: GET https://api.elections.kalshi.com/trade-api/v2/markets?series_ticker=KXNFLGAME&status=open&limit=200 "HTTP/1.1 200 OK"
2026-07-12 14:00:53,175 [INFO] httpx: HTTP Request: GET https://api.elections.kalshi.com/trade-api/v2/markets?series_ticker=KXNBAGAME&status=open&limit=200 "HTTP/1.1 200 OK"
2026-07-12 14:00:53,223 [INFO] httpx: HTTP Request: GET https://gamma-api.polymarket.com/events?series_id=10345&active=true&closed=false&limit=200 "HTTP/1.1 200 OK"
2026-07-12 14:00:53,249 [INFO] httpx: HTTP Request: GET https://api.elections.kalshi.com/trade-api/v2/markets?series_ticker=KXNHLGAME&status=open&limit=200 "HTTP/1.1 200 OK"
2026-07-12 14:00:53,332 [INFO] httpx: HTTP Request: GET https://gamma-api.polymarket.com/events?series_id=10346&active=true&closed=false&limit=200 "HTTP/1.1 200 OK"
2026-07-12 14:01:10,074 [INFO] httpx: HTTP Request: GET https://api.elections.kalshi.com/trade-api/v2/markets?series_ticker=KXNCAABGAME&status=open&limit=200 "HTTP/1.1 200 OK"
2026-07-12 14:01:10,094 [INFO] httpx: HTTP Request: GET https://gamma-api.polymarket.com/events?series_id=39&active=true&closed=false&limit=200 "HTTP/1.1 200 OK"
2026-07-12 14:01:12,785 [INFO] httpx: HTTP Request: GET https://api.elections.kalshi.com/trade-api/v2/markets?series_ticker=KXNCAAFGAME&status=open&limit=200 "HTTP/1.1 200 OK"
2026-07-12 14:01:12,865 [INFO] httpx: HTTP Request: GET https://gamma-api.polymarket.com/events?series_id=10210&active=true&closed=false&limit=200 "HTTP/1.1 200 OK"
2026-07-12 14:01:12,910 [INFO] app.services.diagnostics: Run diagnostic written: data\diagnostics\OverlineEdge_RunDiagnostic_20260712_140112.zip
2026-07-12 15:55:18,569 [INFO] httpx: HTTP Request: GET https://gamma-api.polymarket.com/events?series_id=3&active=true&closed=false&limit=200 "HTTP/1.1 200 OK"
2026-07-12 15:55:18,574 [INFO] httpx: HTTP Request: GET https://api.elections.kalshi.com/trade-api/v2/markets?series_ticker=KXMLBGAME&status=open&limit=200 "HTTP/1.1 200 OK"
2026-07-12 15:55:20,186 [INFO] httpx: HTTP Request: GET https://api.elections.kalshi.com/trade-api/v2/markets?series_ticker=KXNFLGAME&status=open&limit=200 "HTTP/1.1 200 OK"
2026-07-12 15:55:20,276 [INFO] httpx: HTTP Request: GET https://gamma-api.polymarket.com/events?series_id=10187&active=true&closed=false&limit=200 "HTTP/1.1 200 OK"
2026-07-12 15:55:29,279 [INFO] httpx: HTTP Request: GET https://gamma-api.polymarket.com/events?series_id=10346&active=true&closed=false&limit=200 "HTTP/1.1 200 OK"
2026-07-12 15:55:29,367 [INFO] httpx: HTTP Request: GET https://api.elections.kalshi.com/trade-api/v2/markets?series_ticker=KXNHLGAME&status=open&limit=200 "HTTP/1.1 200 OK"
2026-07-12 15:55:30,109 [INFO] httpx: HTTP Request: GET https://api.elections.kalshi.com/trade-api/v2/markets?series_ticker=KXNBAGAME&status=open&limit=200 "HTTP/1.1 200 OK"
2026-07-12 15:55:30,119 [INFO] httpx: HTTP Request: GET https://gamma-api.polymarket.com/events?series_id=10345&active=true&closed=false&limit=200 "HTTP/1.1 200 OK"
2026-07-12 15:55:40,630 [INFO] httpx: HTTP Request: GET https://gamma-api.polymarket.com/events?series_id=10210&active=true&closed=false&limit=200 "HTTP/1.1 200 OK"
2026-07-12 15:55:40,660 [INFO] httpx: HTTP Request: GET https://api.elections.kalshi.com/trade-api/v2/markets?series_ticker=KXNCAAFGAME&status=open&limit=200 "HTTP/1.1 200 OK"
2026-07-12 15:55:40,771 [INFO] httpx: HTTP Request: GET https://api.elections.kalshi.com/trade-api/v2/markets?series_ticker=KXNCAABGAME&status=open&limit=200 "HTTP/1.1 200 OK"
2026-07-12 15:55:40,772 [INFO] httpx: HTTP Request: GET https://gamma-api.polymarket.com/events?series_id=39&active=true&closed=false&limit=200 "HTTP/1.1 200 OK"
2026-07-12 15:55:40,791 [INFO] app.services.diagnostics: Run diagnostic written: data\diagnostics\OverlineEdge_RunDiagnostic_20260712_155540.zip
